Name,Team,Level,Age,PA,BB%,K%,BB/K,AVG,OBP,SLG,OPS,ISO,Spd,BABIP,wSB,wRC,wRAA,wOBA,wRC+,PlayerId
Ty Doucette,CIN,CPX,22,5,40.0%,0.0%,2.00,1.000,1.000,2.000,3.000,1.000,2.6,1.000,0.0,4,3.3,1.072,485,sa3030503
Landyn Vidourek,LAD,CPX,22,6,33.3%,16.7%,2.00,.500,.667,2.000,2.667,1.500,0.1,.000,0.0,4,2.9,.879,387,sa3044483
Jose Ortiz,SFG,CPX,21,6,0.0%,16.7%,0.00,.400,.500,1.600,2.100,1.200,0.1,.000,0.0,3,2.1,.750,310,sa3022693
Max Kepler,ARI,CPX,33,7,42.9%,14.3%,3.00,.333,.714,1.333,2.048,1.000,2.6,.000,0.0,3,2.3,.723,298,12144
Jackson Appel,CHW,CPX,24,7,14.3%,14.3%,1.00,.333,.714,1.333,2.048,1.000,0.1,.000,0.0,4,2.4,.731,297,sa3025367
Leo Rivas,SEA,CPX,28,16,50.0%,25.0%,2.00,.429,.750,.857,1.607,.429,6.6,1.000,0.4,7,4.7,.687,279,21009
Sebastian Walcott,TEX,CPX,20,7,14.3%,28.6%,0.50,.500,.571,1.167,1.738,.667,7.5,.667,0.2,3,2.1,.696,278,sa3021069
Ludwing Espinoza,CHC,CPX,20,9,22.2%,11.1%,2.00,.571,.667,.857,1.524,.286,2.6,.667,0.0,4,2.6,.675,269,sa3021073
Grant McCray,SFG,CPX,25,10,10.0%,10.0%,1.00,.500,.600,1.000,1.600,.500,7.5,.500,0.6,4,2.8,.666,262,25690
Mike Antico,COL,CPX,28,9,33.3%,11.1%,3.00,.400,.667,.800,1.467,.400,2.6,.500,0.0,4,2.3,.642,250,sa3016922
Luke Adams,MIL,CPX,22,16,12.5%,18.8%,0.67,.385,.500,1.154,1.654,.769,4.6,.286,0.2,7,3.9,.636,245,sa3020135
Spencer Packard,SEA,CPX,28,20,15.0%,15.0%,1.00,.438,.550,.875,1.425,.438,0.3,.455,0.0,8,4.3,.601,230,sa3016803
Braulio Cavero,TEX,CPX,20,29,13.8%,13.8%,1.00,.480,.552,.880,1.432,.400,4.2,.526,0.0,11,6.4,.610,229,sa3076518
Adam Fogel,CHW,CPX,27,17,17.6%,5.9%,3.00,.462,.529,1.000,1.529,.538,6.0,.364,0.2,7,3.6,.602,224,sa3076094
Luis Peña,MIL,CPX,19,12,16.7%,16.7%,1.00,.444,.583,.778,1.361,.333,8.8,.571,-0.2,5,2.5,.598,224,sa3024134
Luis Merejo,CLE,CPX,20,3,33.3%,0.0%,1.00,.500,.667,.500,1.167,.000,2.5,.500,-0.6,1,0.6,.587,222,sa3021196
Fernando Gonzalez,SFG,CPX,24,16,25.0%,6.3%,4.00,.364,.563,.818,1.381,.455,2.2,.333,0.0,6,3.2,.586,217,sa3032413
Clayton Gray,COL,CPX,24,20,30.0%,5.0%,6.00,.417,.632,.583,1.215,.167,7.1,.455,0.4,7,3.9,.581,215,sa3067153
Casey Cook,TEX,CPX,23,22,18.2%,18.2%,1.00,.412,.545,.824,1.369,.412,3.3,.500,0.0,8,4.3,.584,214,sa3025356
Kellon Lindsey,LAD,CPX,20,22,27.3%,40.9%,0.67,.375,.545,.813,1.358,.438,6.1,.800,0.4,8,4.1,.574,214,sa3067042
Mason Neville,CIN,CPX,22,71,21.1%,25.4%,0.83,.418,.535,.909,1.444,.491,4.7,.516,-0.2,27,14.6,.593,213,sa3038799
Konni Durschlag,SEA,CPX,24,32,25.0%,18.8%,1.33,.400,.625,.500,1.125,.100,5.3,.571,0.2,11,5.6,.563,209,sa3075707
Stuart Fairchild,SEA,CPX,30,7,0.0%,28.6%,0.00,.333,.429,1.000,1.429,.667,2.6,.333,0.0,2,1.2,.562,208,20321
Alejandro Blasco,CLE,CPX,19,100,22.0%,17.0%,1.29,.382,.510,.855,1.365,.474,8.6,.385,1.0,34,17.5,.561,207,sa3023938
Pablo Aliendo,CIN,CPX,25,25,20.0%,20.0%,1.00,.412,.600,.647,1.247,.235,6.0,.545,0.2,9,4.7,.576,203,sa3006220
Skyler Messinger,COL,CPX,27,15,20.0%,26.7%,0.75,.333,.467,.917,1.383,.583,2.0,.333,0.0,5,2.5,.554,200,sa3019963
Adrian Gil,CHW,CPX,20,9,33.3%,0.0%,3.00,.250,.667,.250,.917,.000,7.5,.250,0.4,3,1.5,.557,199,sa3021856
Logan Wagner,LAD,CPX,22,15,6.7%,20.0%,0.33,.500,.533,.643,1.176,.143,4.9,.636,0.2,5,2.4,.544,197,sa3019932
Ben Wilmes,COL,CPX,23,99,17.2%,19.2%,0.89,.405,.556,.635,1.191,.230,6.1,.519,0.8,33,15.9,.547,196,sa3077591
Alexander Frias,MIL,CPX,18,137,11.7%,15.3%,0.76,.441,.518,.678,1.196,.237,7.8,.516,-1.3,44,20.8,.538,189,sa3068835
Blake Penso,COL,CPX,24,12,0.0%,16.7%,0.00,.500,.500,.667,1.167,.167,0.6,.600,0.0,4,1.8,.533,188,sa3077842
Slate Alford,LAA,CPX,23,49,24.5%,20.4%,1.20,.389,.531,.667,1.197,.278,6.4,.480,0.6,15,7.2,.532,187,sa3025895
Rubel Cespedes,LAA,CPX,25,4,0.0%,0.0%,0.00,.333,.500,.667,1.167,.333,2.6,.333,0.0,1,0.6,.525,183,sa3008953
Aidan Redahan,COL,CPX,24,15,33.3%,26.7%,1.25,.400,.600,.400,1.000,.000,4.5,.667,0.2,5,2.1,.523,182,sa3077713
Akil Baddoo,MIL,CPX,27,7,42.9%,42.9%,1.00,.250,.571,.500,1.071,.250,2.6,1.000,0.0,2,1.0,.525,182,22168
Rylan Mills,MIL,CPX,19,24,16.7%,12.5%,1.33,.350,.458,.800,1.258,.450,3.4,.333,0.0,7,3.3,.524,182,sa3069313
Reiner Herrera,CLE,CPX,20,152,22.4%,17.1%,1.31,.324,.487,.721,1.208,.396,7.3,.325,-0.4,45,19.6,.514,180,sa3021172
Aaron Graeber,LAA,CPX,23,24,12.5%,16.7%,0.75,.381,.458,.762,1.220,.381,0.2,.400,0.0,7,3.2,.519,180,sa3076333
Ethan Conrad,CHC,CPX,21,21,9.5%,9.5%,1.00,.412,.500,.647,1.147,.235,6.3,.429,0.2,6,2.8,.517,180,sa3029266
Blake Hunt,SDP,CPX,27,28,21.4%,14.3%,1.50,.333,.500,.667,1.167,.333,1.2,.333,0.0,8,3.6,.515,178,23209
Colton Vincent,SDP,CPX,26,61,13.1%,19.7%,0.67,.413,.509,.630,1.139,.217,8.8,.529,0.6,18,7.9,.514,178,sa3023089
Davis Diaz,OAK,CPX,23,14,28.6%,7.1%,4.00,.300,.500,.700,1.200,.400,1.6,.250,0.0,4,1.9,.520,175,sa3025494
Ty Harvey,SDP,CPX,19,38,10.5%,23.7%,0.44,.424,.474,.697,1.171,.273,2.3,.522,0.0,11,4.7,.509,175,sa3069181
Cristian Arguelles,COL,CPX,19,255,11.8%,12.2%,0.97,.402,.478,.671,1.150,.269,7.8,.436,0.1,75,31.4,.508,174,sa3023968
Sebastian Baquera,TEX,CPX,19,29,10.3%,10.3%,1.00,.375,.483,.667,1.149,.292,6.3,.400,-0.6,9,3.6,.510,172,sa3023707
Alessander De La Cruz,COL,CPX,20,198,19.2%,21.7%,0.88,.372,.495,.628,1.123,.256,9.1,.477,3.0,57,23.7,.504,172,sa3021132
Jose Silva,CHC,CPX,19,82,19.5%,24.4%,0.80,.322,.500,.610,1.110,.288,9.7,.447,1.6,23,9.6,.501,170,sa3076313
Francisco Espinoza,LAD,CPX,19,57,15.8%,21.1%,0.75,.370,.474,.652,1.126,.283,4.5,.438,0.2,16,6.3,.496,169,sa3024357
Pablo Guerrero,TEX,CPX,19,22,9.1%,4.5%,2.00,.421,.500,.579,1.079,.158,1.4,.444,0.0,6,2.6,.503,168,sa3021249
Brandon Drury,KCR,CPX,33,29,24.1%,24.1%,1.00,.364,.517,.591,1.108,.227,6.0,.500,0.4,8,3.3,.500,168,11615
Eric Martinez,MIL,CPX,22,7,0.0%,42.9%,0.00,.200,.429,.800,1.229,.600,0.1,.000,0.0,2,0.8,.498,167,sa3017023
Jared Thomas,COL,CPX,22,17,17.6%,23.5%,0.75,.385,.471,.692,1.163,.308,9.1,.500,0.2,5,1.9,.496,167,sa3025252
Yael Romero,CIN,CPX,20,72,19.4%,22.2%,0.88,.314,.500,.647,1.147,.333,4.1,.394,0.0,21,8.9,.509,165,sa3021062
Sam Mongelli,LAD,CPX,25,51,9.8%,19.6%,0.50,.297,.471,.622,1.092,.324,6.4,.320,0.4,14,5.2,.485,164,sa3022511
Jake Thompson,LAA,CPX,28,8,12.5%,25.0%,0.50,.286,.375,.857,1.232,.571,2.6,.250,0.0,2,0.8,.489,163,sa3019945
Lisbel Diaz,SFG,CPX,20,13,15.4%,0.0%,2.00,.364,.462,.636,1.098,.273,10.0,.364,0.6,4,1.4,.489,162,sa3022399
Kaden Hopson,LAA,CPX,25,23,30.4%,4.3%,7.00,.154,.522,.462,.983,.308,6.2,.091,0.2,6,2.4,.487,161,sa3067443
Ian Francis,CIN,CPX,23,12,25.0%,8.3%,3.00,.250,.500,.625,1.125,.375,1.1,.167,0.0,3,1.4,.502,161,sa3076334
Ryland Zaborowski,LAA,CPX,24,44,15.9%,15.9%,1.00,.324,.477,.588,1.066,.265,2.3,.360,-0.6,12,4.4,.485,161,sa3076279
Jeffery Heard,LAA,CPX,23,75,14.7%,20.0%,0.73,.357,.493,.554,1.047,.196,7.9,.452,0.0,20,7.5,.484,160,sa3076340
Juan Martinez,MIL,CPX,19,164,17.1%,11.6%,1.47,.356,.476,.598,1.074,.242,7.3,.380,2.4,45,16.7,.486,160,sa3024128
Adrian Placencia,LAA,CPX,23,37,29.7%,21.6%,1.38,.269,.486,.577,1.063,.308,8.4,.313,0.0,10,3.7,.483,159,sa3014688
LeTrey McCollum,LAA,CPX,23,2,0.0%,50.0%,0.00,.500,.500,.500,1.000,.000,0.1,1.000,0.0,1,0.2,.481,158,sa3075490
Wuinder Torres,CLE,CPX,19,23,13.0%,13.0%,1.00,.368,.478,.526,1.005,.158,0.2,.400,0.0,6,2.0,.471,156,sa3024635
Reggie Crawford,SFG,CPX,25,17,11.8%,23.5%,0.50,.357,.471,.571,1.042,.214,6.5,.444,0.2,4,1.6,.477,155,sa3020457
Niko Kavadas,LAA,CPX,27,35,20.0%,34.3%,0.58,.333,.486,.519,1.004,.185,1.2,.571,0.0,9,3.2,.474,154,29782
Nelson Quiroz,LAD,CPX,24,30,13.3%,16.7%,0.80,.385,.467,.538,1.005,.154,4.2,.476,0.0,8,2.5,.468,154,sa3009565
Marco Argudin,TEX,CPX,20,82,17.1%,15.9%,1.08,.359,.481,.547,1.028,.188,6.6,.431,-2.0,21,7.6,.476,153,sa3067877
Eliezer Rivero,LAA,CPX,21,107,15.0%,24.3%,0.62,.317,.448,.622,1.070,.305,7.2,.407,-0.2,27,9.3,.471,152,sa3018937
Eriel Dihigo,COL,CPX,19,140,15.0%,18.6%,0.81,.351,.475,.532,1.006,.180,6.0,.440,0.2,36,12.1,.470,152,sa3023927
Gustavo Campero,LAA,CPX,28,13,7.7%,23.1%,0.33,.364,.462,.545,1.007,.182,2.6,.500,0.0,3,1.1,.469,151,22707
Carlos Santana,ARI,CPX,40,17,5.9%,11.8%,0.50,.250,.471,.500,.971,.250,2.6,.222,0.0,4,1.4,.463,150,2396
Henniel Alcala,CHC,CPX,20,62,19.4%,14.5%,1.33,.333,.468,.542,1.009,.208,3.9,.368,0.2,16,5.1,.465,150,sa3022284
Jirvin Morillo,CIN,CPX,19,235,18.7%,26.0%,0.72,.321,.449,.652,1.101,.332,6.3,.409,-0.5,62,22.4,.479,148,sa3023751
Alexander Albertus,CHW,CPX,21,16,18.8%,18.8%,1.00,.308,.438,.615,1.053,.308,6.2,.400,-1.2,4,1.3,.467,147,sa3018950
Jordan Lawlar,ARI,CPX,23,12,16.7%,16.7%,1.00,.250,.500,.375,.875,.125,7.1,.333,0.2,3,0.9,.457,147,29976
Jay McQueen,TEX,CPX,19,201,13.9%,25.9%,0.54,.361,.465,.536,1.001,.175,7.0,.509,-2.9,51,16.5,.465,147,sa3069321
Jo Oyama,SEA,CPX,25,37,10.8%,24.3%,0.44,.300,.432,.567,.999,.267,5.1,.429,0.0,9,2.6,.453,146,sa3068964
Noah Franklin,TEX,CPX,19,115,7.0%,21.7%,0.32,.363,.426,.627,1.054,.265,7.3,.438,0.6,29,9.3,.464,146,sa3069310
Moises Acacio,LAD,CPX,18,87,10.3%,12.6%,0.82,.347,.430,.573,1.004,.227,3.6,.377,-1.0,21,6.1,.453,145,sa3067852
Samil Dishmey,LAA,CPX,20,80,11.3%,22.5%,0.50,.358,.443,.567,1.010,.209,6.6,.458,0.2,20,6.0,.458,145,sa3021841
Gio Cueto,LAD,CPX,22,27,14.8%,22.2%,0.67,.273,.407,.636,1.044,.364,1.9,.286,0.0,6,1.8,.451,144,sa3067075
Gabriel Rodriguez,CLE,CPX,19,35,25.7%,20.0%,1.29,.292,.486,.417,.902,.125,5.7,.389,0.2,8,2.3,.449,143,sa3024645
Jurdrick Profar,CHW,CPX,19,40,20.0%,35.0%,0.57,.267,.450,.567,1.017,.300,2.7,.385,-1.2,10,3.1,.459,143,sa3023962
Tommy Takayoshi,OAK,CPX,25,43,16.3%,16.3%,1.00,.361,.465,.528,.993,.167,0.8,.429,0.0,11,3.4,.463,143,sa3067091
Parker Coddou,COL,CPX,24,55,25.5%,14.5%,1.75,.289,.481,.447,.928,.158,8.5,.367,-0.2,13,3.9,.454,143,sa3077706
TJ Ford,LAA,CPX,20,205,21.0%,19.5%,1.08,.346,.488,.429,.917,.083,9.7,.454,4.5,49,14.3,.453,142,sa3069302
Arnaldo Lantigua,CIN,CPX,20,61,18.0%,14.8%,1.22,.340,.459,.560,1.019,.220,2.8,.385,-0.6,15,5.1,.467,141,sa3021084
Kyle McCann,COL,CPX,28,23,30.4%,21.7%,1.40,.250,.478,.438,.916,.188,8.3,.364,0.2,5,1.6,.450,141,25575
Aidan West,LAD,CPX,19,82,9.8%,22.0%,0.44,.333,.415,.594,1.009,.261,7.5,.400,0.4,19,5.0,.444,140,sa3069275
Eduardo Rojas,LAD,CPX,19,101,18.8%,15.8%,1.19,.342,.465,.456,.921,.114,4.4,.406,-0.6,23,6.1,.443,139,sa3024143
Joan Delgado,CHC,CPX,21,137,10.2%,36.5%,0.28,.311,.394,.647,1.041,.336,8.8,.450,1.6,32,8.7,.446,139,sa3019676
Josuar Gonzalez,SFG,CPX,18,122,16.4%,20.5%,0.80,.343,.451,.515,.966,.172,8.5,.432,0.4,29,8.0,.448,139,sa3067675
Sebastian Cadiz,CLE,CPX,20,67,17.9%,20.9%,0.86,.296,.433,.519,.951,.222,3.7,.368,-0.6,15,3.8,.439,138,sa3021602
Victor Rodriguez,LAA,CPX,20,69,13.0%,24.6%,0.53,.300,.391,.650,1.041,.350,7.6,.359,0.2,16,4.3,.445,138,sa3021183
Jalen Hairston,CIN,CPX,22,39,12.8%,23.1%,0.56,.303,.410,.667,1.077,.364,4.0,.300,-1.2,10,3.0,.460,137,sa3067395
Daniel Lopez,KCR,CPX,20,70,15.7%,14.3%,1.10,.339,.471,.429,.900,.089,7.3,.413,0.2,16,4.3,.444,136,sa3021298
Steven Lancia,CHW,CPX,23,12,16.7%,16.7%,1.00,.300,.417,.600,1.017,.300,1.1,.286,0.0,3,0.8,.447,136,sa3077698
Jose Urbina,ARI,CPX,20,93,19.4%,32.3%,0.60,.254,.430,.521,.951,.268,5.1,.378,0.0,21,5.1,.437,136,sa3021192
Christian Koss,SFG,CPX,28,19,5.3%,10.5%,0.50,.389,.421,.556,.977,.167,6.3,.400,0.2,4,1.1,.442,135,27653
Wes Kath,CHW,CPX,23,10,0.0%,20.0%,0.00,.250,.400,.625,1.025,.375,2.6,.200,0.0,2,0.6,.445,135,sa3017172
Daniel Mielcarek,LAD,CPX,20,152,18.4%,36.2%,0.51,.292,.428,.525,.953,.233,4.0,.467,-0.4,34,8.0,.434,135,sa3021147
Ronny Ugarte,COL,CPX,21,244,12.7%,21.3%,0.60,.340,.426,.536,.962,.196,4.7,.417,0.4,55,13.8,.439,134,sa3018460
Nick Becker,SEA,CPX,19,237,19.4%,34.6%,0.56,.274,.440,.464,.904,.190,9.9,.473,5.1,52,11.5,.431,133,sa3069151
Dalton Davis,SEA,CPX,25,113,8.8%,13.3%,0.67,.323,.407,.535,.942,.212,5.8,.366,0.8,25,5.4,.429,133,sa3068170
Dario Laverde,LAA,CPX,21,38,26.3%,18.4%,1.43,.250,.447,.464,.912,.214,5.6,.300,0.2,8,2.0,.435,132,sa3018470
Brayden Corn,SEA,CPX,22,141,22.0%,29.8%,0.74,.267,.447,.429,.875,.162,8.4,.419,1.6,30,6.3,.427,131,sa3058932
Yohendry Sanchez,SFG,CPX,19,79,21.5%,8.9%,2.43,.311,.468,.393,.862,.082,4.9,.352,0.6,17,4.1,.434,130,sa3023896
Seong-Jun Kim,TEX,CPX,19,160,15.0%,31.9%,0.47,.303,.419,.545,.964,.242,8.1,.440,1.6,36,8.5,.435,130,sa3069132
Jancel Villarroel,SFG,CPX,21,9,0.0%,11.1%,0.00,.286,.444,.429,.873,.143,0.1,.333,0.0,2,0.5,.432,129,sa3020102
Angel Guzman,SFG,CPX,20,61,18.0%,23.0%,0.79,.306,.433,.490,.923,.184,4.8,.394,0.2,13,3.0,.432,129,sa3021268
Eddson Martinez,SDP,CPX,18,96,12.5%,22.9%,0.55,.372,.436,.487,.923,.115,7.8,.483,-0.2,21,4.5,.428,129,sa3024140
Dawson Willis,SDP,CPX,22,67,9.0%,26.9%,0.33,.300,.373,.617,.990,.317,7.5,.368,0.0,14,3.0,.427,128,sa3076396
Adrián Sugastey,SFG,CPX,23,35,8.6%,2.9%,3.00,.355,.429,.484,.912,.129,1.4,.345,0.0,8,1.6,.428,127,sa3015190
Brandon Jaime,CIN,CPX,21,35,20.0%,14.3%,1.40,.250,.471,.417,.887,.167,5.1,.316,0.0,8,2.1,.442,127,sa3024294
Bryan Gonzalez Garcia,LAD,CPX,20,79,15.2%,15.2%,1.00,.303,.418,.485,.903,.182,3.8,.346,-0.2,17,3.1,.421,127,sa3022617
Javier Sanchez,TEX,CPX,18,74,23.0%,20.3%,1.13,.250,.486,.313,.799,.063,4.0,.324,0.2,16,3.5,.430,127,sa3023975
Esmith Pineda,CIN,CPX,21,28,21.4%,10.7%,2.00,.211,.464,.421,.885,.211,2.6,.200,0.0,6,1.6,.440,126,sa3018435
Angel Ramirez,KCR,CPX,21,49,10.2%,20.4%,0.50,.364,.429,.477,.906,.114,6.4,.455,0.8,10,2.2,.426,126,sa3021107
Johan Rodriguez,CLE,CPX,18,101,5.9%,23.8%,0.25,.303,.366,.607,.973,.303,7.4,.355,0.2,21,3.6,.417,126,sa3024364
Joswa Lugo,LAA,CPX,19,241,15.4%,22.4%,0.69,.281,.415,.495,.910,.214,4.5,.351,-0.5,51,9.7,.422,125,sa3023894
Calvin Harris,CHW,CPX,24,18,22.2%,22.2%,1.00,.286,.444,.429,.873,.143,5.5,.400,0.4,4,0.8,.426,124,sa3022496
Yimy Tovar,SDP,CPX,20,64,10.9%,15.6%,0.70,.345,.406,.527,.934,.182,8.8,.391,1.8,13,2.5,.420,124,sa3022486
Welbyn Francisca,CLE,CPX,20,37,29.7%,27.0%,1.10,.200,.459,.320,.779,.120,4.9,.286,0.0,7,1.2,.414,124,sa3021087
Cam Hassert,COL,CPX,24,10,30.0%,10.0%,3.00,.167,.500,.167,.667,.000,2.6,.200,0.0,2,0.4,.419,123,sa3076049
Tyson Moran,KCR,CPX,20,208,12.5%,13.0%,0.96,.322,.406,.538,.944,.216,4.9,.333,0.2,44,8.3,.421,123,sa3069392
Kelvin Alcantara,SEA,CPX,20,218,14.2%,15.6%,0.91,.297,.404,.495,.898,.198,2.1,.319,0.0,44,6.8,.412,123,sa3021837
Diego Contreras,SEA,CPX,18,191,11.5%,19.9%,0.58,.327,.408,.479,.887,.152,6.7,.400,1.2,38,5.9,.412,123,sa3068240
Kamuel Villar,COL,CPX,18,229,20.1%,21.0%,0.96,.294,.434,.446,.881,.153,7.2,.382,0.3,47,8.5,.418,123,sa3067803
Alcides Hernandez,SDP,CPX,21,24,20.8%,12.5%,1.67,.278,.417,.500,.917,.222,8.0,.313,0.2,5,0.8,.417,122,sa3022446
Angel Abreu,CLE,CPX,17,212,10.8%,20.8%,0.52,.335,.429,.413,.843,.078,9.0,.438,1.3,42,6.2,.410,122,sa3067887
Connor Charping,SEA,CPX,27,17,11.8%,17.6%,0.67,.250,.471,.250,.721,.000,0.8,.333,0.0,3,0.5,.410,122,sa3020014
Jared Davis,OAK,CPX,22,170,18.8%,22.4%,0.84,.300,.459,.385,.843,.085,8.0,.419,0.8,36,7.4,.425,121,sa3059003
Tyresse Turner,CLE,CPX,26,30,13.3%,23.3%,0.57,.280,.400,.480,.880,.200,9.6,.389,0.4,6,0.8,.409,121,sa3020759
Jonathan Rangel,MIL,CPX,19,156,20.5%,30.8%,0.67,.250,.419,.474,.893,.224,8.2,.364,0.6,32,5.5,.416,120,sa3024126
Elias Medina,LAD,CPX,20,44,2.3%,38.6%,0.06,.310,.341,.619,.960,.310,3.6,.455,-1.2,9,1.2,.409,120,sa3021219
Oliver Tejada,SFG,CPX,19,83,4.8%,19.3%,0.25,.320,.386,.533,.919,.213,6.0,.397,-1.0,17,2.8,.415,120,sa3023972
Alberto Rodriguez,KCR,CPX,25,17,23.5%,23.5%,1.00,.308,.471,.308,.778,.000,0.3,.444,0.0,3,0.6,.415,119,sa3005603
Javier Herrera,LAD,CPX,21,45,11.1%,24.4%,0.45,.289,.400,.474,.874,.184,6.0,.385,-0.6,9,1.2,.407,119,sa3021203
Ivan Cespedes,CHC,CPX,20,116,12.1%,22.4%,0.54,.304,.388,.520,.908,.216,1.7,.366,-0.4,23,3.4,.410,119,sa3023901
Yeycol Soriano,CIN,CPX,20,58,29.3%,31.0%,0.94,.225,.456,.400,.856,.175,5.2,.350,0.0,12,2.6,.427,119,sa3021109
Ricson Gonzalez,KCR,CPX,21,119,13.4%,16.0%,0.84,.292,.426,.438,.864,.146,5.8,.329,-0.2,24,3.7,.412,118,sa3019629
Manuel German,KCR,CPX,21,146,5.5%,24.7%,0.22,.308,.370,.564,.934,.256,6.1,.385,-0.2,29,4.5,.412,118,sa3018623
William Bergolla Jr.,CHW,CPX,21,2,0.0%,0.0%,0.00,.000,.500,.000,.500,.000,0.1,.000,0.0,0,0.1,.413,117,sa3019777
Luis Hernández,SFG,CPX,17,228,11.0%,16.7%,0.66,.298,.382,.535,.917,.237,6.7,.340,-0.6,45,6.5,.410,117,sa3076284
Alejandro Rios,ARI,CPX,21,47,17.0%,21.3%,0.80,.308,.426,.385,.810,.077,4.4,.414,0.2,9,1.0,.402,115,sa3018511
Pedro Roque,KCR,CPX,20,108,13.9%,24.1%,0.58,.297,.402,.473,.874,.176,8.1,.406,-0.6,21,2.9,.408,115,sa3021300
Jose Ramos,SFG,CPX,23,49,12.2%,20.4%,0.60,.349,.429,.395,.824,.047,6.3,.455,0.8,9,1.2,.405,114,sa3016541
Corey Cousin,KCR,CPX,19,184,20.1%,29.3%,0.69,.275,.422,.420,.843,.145,8.2,.419,0.3,36,4.5,.405,114,sa3076282
Manni Ramirez,TEX,CPX,19,88,13.6%,30.7%,0.44,.239,.375,.549,.924,.310,3.3,.300,0.0,17,2.3,.407,113,sa3023959
Julio Valdez,CHC,CPX,21,2,50.0%,50.0%,1.00,.000,.500,.000,.500,.000,0.1,.000,0.0,0,0.0,.400,113,sa3019687
Jorge Lara,ARI,CPX,20,144,11.1%,27.1%,0.41,.258,.382,.483,.865,.225,7.7,.333,-0.8,27,2.4,.397,113,sa3021327
Daniel Rodriguez,TEX,CPX,18,175,10.3%,23.4%,0.44,.302,.393,.490,.883,.188,8.7,.390,0.2,34,4.3,.405,113,sa3067814
Brailyn Antunez,MIL,CPX,18,259,10.8%,31.3%,0.35,.282,.382,.505,.887,.223,8.4,.402,0.1,49,5.5,.402,112,sa3067486
Wilder Dalis,COL,CPX,19,24,20.8%,25.0%,0.83,.222,.417,.389,.806,.167,3.4,.333,0.0,5,0.4,.399,112,sa3022347
Steven Cruz,CLE,CPX,19,160,25.0%,23.1%,1.08,.246,.444,.280,.723,.034,6.1,.358,0.3,29,1.9,.393,111,sa3068393
Bo Walker,ARI,CPX,20,112,17.9%,29.5%,0.61,.281,.411,.404,.815,.124,4.5,.411,0.2,21,1.6,.395,111,sa3067468
Judah Morris,OAK,CPX,24,156,18.6%,19.2%,0.97,.266,.417,.427,.844,.161,5.0,.337,0.2,30,4.0,.407,111,sa3076055
Nico Perez,LAD,CPX,21,14,7.1%,21.4%,0.33,.333,.429,.333,.762,.000,7.3,.444,0.4,3,0.1,.391,110,sa3023603
Carlos Garces,CLE,CPX,19,172,17.4%,15.1%,1.15,.244,.417,.354,.771,.110,9.2,.287,2.1,31,1.6,.390,110,sa3024380
Martin Gonzalez,SEA,CPX,21,141,17.7%,29.8%,0.60,.255,.397,.418,.815,.164,3.8,.368,0.4,25,1.2,.389,110,sa3018434
Greylin De La Paz,LAA,CPX,19,132,23.5%,25.0%,0.94,.263,.439,.313,.753,.051,4.0,.388,-0.6,24,1.9,.395,110,sa3023912
Yojanser Calzado,CIN,CPX,19,123,12.2%,26.0%,0.47,.352,.438,.390,.828,.038,7.1,.507,-0.4,24,3.6,.410,109,sa3023785
Jesmaylin Arias,SDP,CPX,19,185,11.4%,16.8%,0.68,.271,.373,.510,.883,.239,6.2,.286,0.2,34,2.4,.393,109,sa3024311
Ramon Landaeta,OAK,CPX,20,113,8.8%,34.5%,0.26,.316,.372,.551,.923,.235,4.6,.448,-1.2,22,2.4,.402,109,sa3021131
Roderick Flores,MIL,CPX,19,106,16.0%,31.1%,0.52,.267,.387,.477,.864,.209,8.3,.396,0.6,20,1.6,.396,109,sa3021205
Brendan Durfee,SDP,CPX,24,27,7.4%,25.9%,0.29,.250,.333,.583,.917,.333,1.6,.267,0.0,5,0.3,.391,108,sa3025268
Yanuel Casiano,CIN,CPX,19,44,13.6%,29.5%,0.46,.270,.386,.514,.900,.243,5.1,.364,0.0,9,1.1,.407,107,sa3067398
Steele Hall,CIN,CPX,18,270,13.0%,24.1%,0.54,.288,.387,.518,.904,.230,8.4,.355,1.1,53,6.9,.407,107,sa3069249
Jose Gonzalez,LAD,CPX,21,179,19.0%,30.7%,0.62,.229,.391,.414,.805,.186,6.8,.341,-1.4,31,1.0,.386,107,sa3022196
Adolfo Sanchez,CIN,CPX,19,224,10.7%,26.8%,0.40,.287,.399,.473,.873,.186,6.7,.383,-0.9,43,5.3,.404,106,sa3023709
Pablo Nunez,CIN,CPX,19,31,19.4%,16.1%,1.20,.261,.452,.304,.756,.043,7.2,.333,0.8,6,0.7,.404,106,sa3023710
Fernando Cruz,CHC,CPX,19,222,11.7%,35.6%,0.33,.250,.347,.547,.894,.297,7.4,.347,-0.6,39,1.5,.387,105,sa3024303
Juan Cabada,CHC,CPX,18,62,14.5%,16.1%,0.90,.283,.387,.434,.821,.151,6.6,.317,-0.2,11,0.4,.387,105,sa3067679
Jack Wheeler,TEX,CPX,19,177,7.3%,27.1%,0.27,.302,.356,.531,.887,.228,6.8,.394,-0.2,32,2.1,.392,105,sa3069284
Ricardo Romero,CLE,CPX,18,200,10.0%,16.0%,0.63,.293,.376,.449,.825,.156,7.0,.341,-2.7,34,0.3,.382,105,sa3068225
Kenny Fenelon,MIL,CPX,18,222,18.5%,35.1%,0.53,.227,.387,.438,.825,.210,8.0,.363,-0.3,40,2.0,.390,105,sa3067474
Ben Gobbel,LAA,CPX,26,13,0.0%,38.5%,0.00,.308,.308,.615,.923,.308,1.6,.429,0.0,2,0.1,.387,105,sa3019870
Sebastian Blanco,COL,CPX,18,265,11.3%,19.6%,0.58,.293,.388,.432,.820,.140,6.6,.363,-2.3,47,1.7,.387,105,sa3067801
Yosneiker Rivas,SFG,CPX,20,49,14.3%,24.5%,0.58,.310,.408,.381,.789,.071,4.1,.433,-0.4,9,0.4,.389,105,sa3021262
Jeury Ramirez,CHC,CPX,18,146,8.2%,28.8%,0.29,.287,.363,.481,.844,.194,10.0,.400,2.8,25,0.6,.384,104,sa3067778
Cesar Lugo,CHC,CPX,19,198,14.1%,30.8%,0.46,.253,.369,.470,.839,.217,7.3,.360,-0.8,34,0.7,.384,104,sa3024319
Jhonayker Ugarte,KCR,CPX,19,174,11.5%,20.7%,0.56,.297,.390,.421,.810,.124,5.3,.378,-1.2,30,0.8,.385,102,sa3024361
Abel Lorenzo,LAD,CPX,20,184,3.8%,26.6%,0.14,.310,.353,.480,.833,.170,7.6,.407,-1.5,31,-0.5,.377,102,sa3021831
Rashawn Pinder,TEX,CPX,19,109,16.5%,24.8%,0.67,.244,.380,.453,.833,.209,6.4,.286,-0.4,19,0.5,.385,101,sa3023729
Agustin Acosta,LAD,CPX,21,74,10.8%,25.7%,0.42,.262,.351,.477,.828,.215,5.6,.326,0.4,12,-0.3,.375,101,sa3018627
Nick McLain,CHW,CPX,23,32,15.6%,21.9%,0.71,.296,.406,.370,.777,.074,1.9,.400,-0.6,6,0.2,.385,101,sa3037680
Jhon Gil,LAD,CPX,18,128,12.5%,14.8%,0.84,.296,.394,.370,.764,.074,5.1,.341,-1.0,21,-0.6,.375,101,sa3068235
Johan Fernandez,ARI,CPX,19,58,19.0%,29.3%,0.65,.261,.414,.304,.718,.043,0.9,.414,0.0,10,-0.2,.376,101,sa3024802
Matt Klein,COL,CPX,22,9,11.1%,33.3%,0.33,.286,.375,.429,.804,.143,1.6,.500,0.0,2,0.0,.379,101,sa3035491
Moises Bolivar,LAD,CPX,18,169,11.8%,30.2%,0.39,.255,.349,.490,.839,.234,3.6,.322,-0.4,28,-0.9,.375,101,sa3023770
Jose Ramos,OAK,CPX,19,179,9.5%,34.1%,0.28,.285,.356,.519,.875,.234,8.4,.411,0.6,32,1.4,.388,100,sa3024111
Yorger Bautista,SEA,CPX,18,249,9.2%,24.5%,0.38,.283,.345,.489,.834,.206,7.6,.346,0.6,40,-1.9,.372,100,sa3067684
Yordani Soto,CHW,CPX,17,165,10.3%,29.1%,0.35,.271,.358,.493,.851,.222,6.8,.370,-3.3,28,0.5,.383,100,sa3067834
Moises Marchán,KCR,CPX,18,87,8.0%,27.6%,0.29,.338,.405,.365,.770,.027,5.9,.490,1.0,15,0.0,.380,100,sa3067544
Leonard Rijo,MIL,CPX,18,85,12.9%,15.3%,0.85,.288,.388,.397,.785,.110,6.2,.350,-1.8,14,0.0,.380,99,sa3067656
Luis Freitez,OAK,CPX,23,121,10.7%,18.2%,0.59,.292,.372,.472,.844,.179,7.3,.349,0.4,21,0.7,.386,99,sa3017479
Cardell Thibodeaux,SDP,CPX,22,51,19.6%,19.6%,1.00,.244,.392,.366,.758,.122,4.2,.323,-1.0,8,-0.2,.376,99,sa3043664
Gustavo Baptista,CLE,CPX,18,161,11.8%,27.3%,0.43,.234,.342,.489,.831,.255,9.1,.287,2.2,26,-1.5,.371,99,sa3067824
Jack Mathey,SDP,CPX,22,88,13.6%,26.1%,0.52,.242,.407,.318,.725,.076,8.5,.364,1.0,15,-0.4,.376,99,sa3067286
Anthony Santa Cruz de Oviedo,LAA,CPX,19,216,15.7%,19.9%,0.79,.254,.375,.435,.810,.181,5.2,.298,-0.8,36,-0.8,.376,99,sa3067781
Eli Pitts,CIN,CPX,19,166,10.8%,18.7%,0.58,.299,.370,.500,.870,.201,8.2,.354,0.2,30,1.7,.391,98,sa3069279
A.J. Vukovich,ARI,CPX,24,24,20.8%,25.0%,0.83,.167,.375,.389,.764,.222,6.3,.182,0.2,4,-0.2,.371,98,sa3014525
Joshua Francis,SEA,CPX,19,126,11.1%,29.4%,0.38,.262,.377,.379,.756,.117,9.2,.400,1.0,20,-1.5,.368,98,sa3023978
Leonel Vivas,CHC,CPX,19,151,17.2%,31.8%,0.54,.231,.397,.333,.731,.103,6.7,.368,-0.8,24,-1.2,.372,97,sa3025161
Jhojan Downer,SDP,CPX,19,132,18.2%,34.8%,0.52,.262,.402,.327,.729,.065,5.0,.459,-0.6,21,-1.0,.372,97,sa3024363
Demetrio Crisantes,ARI,CPX,21,10,30.0%,30.0%,1.00,.143,.400,.286,.686,.143,2.6,.250,0.0,2,-0.1,.368,96,sa3021051
Moises Alcala,ARI,CPX,23,60,11.7%,35.0%,0.33,.269,.350,.462,.812,.192,4.6,.400,0.0,9,-0.7,.367,96,sa3016628
Juan Tomas,CHC,CPX,18,219,17.4%,31.1%,0.56,.240,.372,.402,.774,.162,7.3,.355,0.8,35,-2.4,.369,95,sa3067758
Gabriel Lopez,COL,CPX,20,132,10.6%,21.2%,0.50,.274,.362,.434,.795,.159,4.1,.337,0.0,21,-1.3,.370,95,sa3023988
CJ Hughes,MIL,CPX,18,209,18.2%,44.0%,0.41,.217,.378,.392,.770,.175,8.3,.441,0.1,34,-1.6,.372,95,sa3069246
Ezequiel Pena,CHC,CPX,19,94,12.8%,26.6%,0.48,.293,.383,.366,.749,.073,2.5,.411,-2.8,15,-1.2,.367,94,sa3024477
Jesus Fernandez,OAK,CPX,20,159,14.5%,9.4%,1.53,.273,.404,.328,.732,.055,6.1,.310,0.8,26,-0.9,.374,93,sa3021123
Luis De Leon,SDP,CPX,20,210,14.8%,24.3%,0.61,.268,.392,.339,.732,.071,7.3,.367,-0.3,33,-3.1,.365,93,sa3021148
Caleb Hobson,COL,CPX,24,12,41.7%,41.7%,1.00,.000,.455,.000,.455,.000,7.3,.000,0.4,2,-0.2,.364,92,sa3022610
Efren Teran,CHW,CPX,19,44,2.3%,15.9%,0.14,.302,.318,.535,.853,.233,2.7,.303,-1.2,7,-0.5,.369,92,sa3023769
Alfredo Benzan,ARI,CPX,19,199,15.1%,30.7%,0.49,.242,.369,.370,.738,.127,8.7,.373,1.6,30,-3.8,.360,92,sa3023904
Erick De La Cruz,ARI,CPX,19,17,17.6%,23.5%,0.75,.231,.412,.231,.643,.000,5.4,.333,0.2,3,-0.3,.360,92,sa3023919
Josh Owens,TEX,CPX,19,168,9.5%,36.9%,0.26,.255,.345,.469,.814,.214,5.3,.368,-0.6,26,-2.1,.367,91,sa3069169
Moises Polanco,MIL,CPX,19,99,18.2%,17.2%,1.06,.253,.394,.316,.710,.063,5.7,.317,-1.4,15,-1.5,.364,91,sa3024129
Taylor Young,LAD,CPX,27,27,11.1%,18.5%,0.60,.261,.370,.348,.718,.087,2.6,.333,0.0,4,-0.6,.356,90,sa3019907
Dane Myers,CIN,CPX,30,7,14.3%,14.3%,1.00,.167,.286,.667,.952,.500,0.1,.000,0.0,1,0.0,.377,90,22054
Reyli Mariano,LAD,CPX,19,160,16.3%,21.3%,0.76,.229,.358,.374,.733,.145,9.7,.284,2.8,23,-4.2,.353,88,sa3023970
Yilver De Paula,LAA,CPX,18,247,12.6%,17.0%,0.74,.257,.360,.396,.756,.139,4.9,.298,-2.3,37,-5.3,.358,88,sa3067753
Santiago Almao,TEX,CPX,18,153,13.1%,9.2%,1.43,.289,.384,.344,.728,.055,5.7,.319,-0.8,23,-2.7,.361,88,sa3067839
Jefrank Silva,CHW,CPX,18,122,13.9%,27.0%,0.52,.257,.377,.356,.733,.099,3.5,.358,-1.6,19,-2.2,.361,88,sa3068733
Isaac Ponce,SDP,CPX,19,93,12.9%,25.8%,0.50,.221,.355,.403,.757,.182,2.6,.280,0.0,14,-2.2,.355,87,sa3024482
Leandro Romero,SEA,CPX,19,196,9.7%,34.7%,0.28,.254,.332,.428,.759,.173,5.6,.376,-0.4,27,-6.1,.348,86,sa3023727
Jake Reinisch,OAK,CPX,24,19,10.5%,26.3%,0.40,.250,.368,.375,.743,.125,0.6,.364,0.0,3,-0.3,.363,86,sa3077705
Bryan Arendt,OAK,CPX,23,57,17.5%,22.8%,0.77,.267,.404,.289,.692,.022,4.6,.364,0.6,9,-0.9,.363,86,sa3026168
Christian Gonzalez,CHW,CPX,19,53,15.1%,24.5%,0.62,.227,.358,.386,.745,.159,5.5,.323,-3.0,8,-1.1,.358,86,sa3023982
Santiago Camacho,SFG,CPX,19,103,11.7%,20.4%,0.57,.258,.340,.438,.778,.180,4.4,.299,-0.6,15,-2.5,.354,85,sa3023775
Jesus Freitez,COL,CPX,20,10,20.0%,40.0%,0.50,.250,.400,.250,.650,.000,7.5,.500,0.4,1,-0.3,.352,85,sa3022392
Diorland Zambrano,CIN,CPX,19,125,8.8%,16.0%,0.55,.269,.355,.444,.799,.176,6.1,.302,-1.0,20,-1.4,.368,85,sa3024121
Juan Alvarez,ARI,CPX,20,183,10.4%,25.7%,0.40,.264,.339,.411,.750,.147,3.6,.345,-1.0,25,-5.5,.348,85,sa3023900
Derek Cerda,CHW,CPX,23,18,11.1%,16.7%,0.67,.313,.389,.313,.701,.000,1.6,.385,-0.6,3,-0.4,.356,85,sa3066029
Evan Estevez,SFG,CPX,18,221,13.1%,38.0%,0.35,.239,.345,.410,.755,.170,6.3,.388,-0.6,32,-5.8,.353,84,sa3023957
Hayden Jatczak,SFG,CPX,24,5,20.0%,20.0%,1.00,.250,.400,.250,.650,.000,0.1,.333,0.0,1,-0.1,.352,84,sa3076029
Kyle Sinzza,ARI,CPX,19,98,15.3%,19.4%,0.79,.211,.381,.263,.645,.053,5.7,.281,0.2,13,-3.2,.346,84,sa3023908
D'Angelo Tejada,CHW,CPX,20,118,7.6%,29.7%,0.26,.265,.342,.431,.773,.167,5.7,.354,0.2,17,-2.8,.355,84,sa3021263
Adriel Radney,ARI,CPX,19,190,13.2%,27.4%,0.48,.245,.347,.384,.731,.138,7.5,.333,0.2,26,-6.2,.346,84,sa3023886
Landon Hodge,CHW,CPX,19,130,16.9%,34.6%,0.49,.223,.380,.311,.691,.087,7.2,.386,-1.2,19,-3.2,.355,84,sa3069268
Reynaldo De La Paz,OAK,CPX,20,114,14.9%,31.6%,0.47,.234,.368,.362,.730,.128,4.7,.357,0.2,17,-2.4,.358,83,sa3021119
Broedy Poppell,SFG,CPX,24,33,6.1%,24.2%,0.25,.226,.273,.581,.853,.355,1.6,.200,0.0,5,-0.9,.351,83,sa3040084
Peyton Wilson,KCR,CPX,26,19,10.5%,10.5%,1.00,.286,.333,.500,.833,.214,3.5,.231,-0.6,3,-0.5,.351,83,sa3017110
Luis Frias,SFG,CPX,21,185,15.1%,28.1%,0.54,.236,.368,.338,.705,.101,8.0,.330,0.7,26,-5.4,.350,83,sa3018608
Malachai Halterman,MIL,CPX,19,129,14.7%,39.5%,0.37,.245,.372,.321,.693,.075,5.9,.455,-0.4,18,-3.7,.350,83,sa3076304
Moises Valdez,SDP,CPX,20,170,7.6%,18.8%,0.41,.268,.341,.396,.737,.128,8.0,.328,0.8,23,-5.4,.347,82,sa3022282
Erasmi Rodriguez,CHW,CPX,22,10,20.0%,30.0%,0.67,.250,.400,.250,.650,.000,5.2,.400,0.2,1,-0.3,.352,82,sa3068692
Santiago Contreras,SDP,CPX,20,134,17.9%,21.6%,0.83,.194,.382,.265,.647,.071,7.8,.268,-0.2,18,-4.3,.346,82,sa3021272
Eduardo Herrera,CHW,CPX,19,91,8.8%,37.4%,0.24,.268,.341,.415,.755,.146,2.0,.435,-2.2,13,-2.5,.352,82,sa3023889
Pedro Dalmagro,CLE,CPX,20,160,10.6%,33.1%,0.32,.245,.338,.381,.719,.137,6.1,.369,-0.4,21,-6.1,.341,82,sa3021601
Euri Rosa,LAD,CPX,18,58,17.2%,37.9%,0.45,.196,.362,.304,.666,.109,2.0,.348,-0.6,8,-2.1,.342,82,sa3023979
Abraham Bastidas,SDP,CPX,19,39,17.9%,25.6%,0.70,.226,.385,.258,.643,.032,4.7,.333,0.2,5,-1.3,.345,82,sa3067879
Shotaro Morii,OAK,CPX,19,14,7.1%,21.4%,0.33,.308,.357,.385,.742,.077,6.9,.400,0.4,2,-0.3,.354,81,sa3067343
Mayki De La Rosa,ARI,CPX,18,66,19.7%,37.9%,0.52,.208,.364,.302,.666,.094,2.3,.370,-0.6,9,-2.5,.341,81,sa3068689
Carlos Torres,TEX,CPX,18,86,9.3%,14.0%,0.67,.289,.349,.395,.744,.105,6.2,.333,-0.8,12,-2.5,.349,81,sa3067820
John Wimmer,LAA,CPX,21,16,18.8%,25.0%,0.75,.154,.313,.462,.774,.308,7.1,.125,0.2,2,-0.5,.344,81,sa3022509
Eddie Park,CHW,CPX,24,19,10.5%,21.1%,0.50,.235,.316,.471,.786,.235,4.8,.250,-0.4,3,-0.6,.349,81,sa3022502
Leider Padilla,LAD,CPX,19,67,4.5%,31.3%,0.14,.246,.328,.404,.732,.158,3.5,.333,-0.6,9,-2.7,.339,80,sa3023958
Anthony Marquez,SFG,CPX,19,199,13.1%,21.6%,0.60,.243,.352,.355,.707,.112,7.7,.312,0.4,27,-6.9,.344,79,sa3023960
Oswaldo Osorio,LAD,CPX,21,98,10.2%,29.6%,0.34,.221,.316,.419,.735,.198,5.6,.296,-1.2,13,-4.1,.337,79,sa3018560
Bryant Mendez,SEA,CPX,22,54,22.2%,37.0%,0.60,.171,.370,.244,.614,.073,7.8,.333,0.0,7,-2.4,.335,79,sa3016148
Jose De La Cruz,COL,CPX,19,103,16.5%,20.4%,0.81,.195,.380,.234,.614,.039,2.6,.268,0.0,13,-4.0,.339,78,sa3024899
Victor Santana,ARI,CPX,18,215,10.2%,16.3%,0.63,.275,.349,.339,.687,.063,3.5,.327,-1.2,27,-9.2,.335,78,sa3067736
Rayner Arias,SFG,CPX,20,120,10.8%,32.5%,0.33,.196,.342,.361,.702,.165,5.9,.273,0.6,16,-4.6,.341,78,sa3021076
Jake Bold,SDP,CPX,22,30,23.3%,40.0%,0.58,.143,.400,.143,.543,.000,1.4,.333,0.0,4,-1.2,.338,77,sa3076411
Euribiel Angeles,OAK,CPX,24,13,7.7%,15.4%,0.50,.273,.385,.273,.657,.000,7.5,.333,0.6,2,-0.4,.347,77,sa3008877
Derik Alcantara,CHC,CPX,21,79,11.4%,13.9%,0.82,.232,.316,.420,.737,.188,8.3,.259,0.4,10,-3.4,.335,76,sa3021322
Darren Baker,CHW,CPX,27,8,12.5%,0.0%,1.00,.286,.375,.286,.661,.000,1.6,.286,0.0,1,-0.3,.340,76,29912
Estivel Morillo,CLE,CPX,18,175,16.0%,33.1%,0.48,.224,.354,.287,.641,.063,8.5,.368,1.5,21,-8.5,.329,76,sa3023969
Matt Gorski,LAD,CPX,28,44,11.4%,29.5%,0.38,.231,.318,.385,.703,.154,5.2,.320,-0.8,5,-2.2,.329,75,25855
Athanael Duarte,LAA,CPX,21,41,24.4%,26.8%,0.91,.115,.390,.154,.544,.038,4.9,.176,0.2,5,-1.8,.334,75,sa3019630
Eybert Sanchez,ARI,CPX,18,235,11.5%,22.6%,0.51,.244,.342,.333,.675,.090,5.6,.318,-1.3,28,-11.5,.329,74,sa3067729
Gerlyn Payano,MIL,CPX,18,93,16.1%,29.0%,0.56,.211,.355,.303,.657,.092,8.9,.327,1.2,12,-4.0,.335,74,sa3068661
Robin Ortiz,CHC,CPX,19,131,6.9%,23.7%,0.29,.241,.321,.393,.713,.152,3.8,.293,-0.2,16,-6.3,.330,73,sa3024336
Jeison Lopez,OAK,CPX,20,116,8.6%,29.3%,0.29,.245,.330,.392,.723,.147,4.1,.348,0.4,15,-4.5,.340,73,sa3021136
Engel Paulino,MIL,CPX,19,125,15.2%,40.0%,0.38,.184,.320,.398,.718,.214,6.8,.271,0.8,16,-5.6,.333,73,sa3024127
Santiago Vargas,SDP,CPX,18,176,9.1%,22.7%,0.40,.247,.324,.383,.707,.136,7.5,.301,0.0,21,-8.5,.330,73,sa3076283
Sebastian De Andrade,SEA,CPX,20,81,11.1%,32.1%,0.35,.236,.321,.361,.682,.125,2.6,.326,-0.6,9,-4.4,.323,72,sa3021842
Darison Garcia,KCR,CPX,19,197,22.3%,27.9%,0.80,.172,.378,.221,.598,.048,7.3,.264,3.7,24,-9.1,.332,72,sa3024359
Sandy Luciano,KCR,CPX,19,75,8.0%,26.7%,0.30,.275,.333,.362,.696,.087,3.9,.375,0.2,9,-3.5,.332,72,sa3023782
Elorky Rodriguez,TEX,CPX,18,180,20.0%,25.0%,0.80,.188,.352,.297,.649,.109,4.7,.266,-1.8,22,-8.4,.332,71,sa3067697
Freider Rojas,MIL,CPX,20,70,14.3%,28.6%,0.50,.207,.343,.310,.653,.103,5.9,.297,0.2,8,-3.5,.328,70,sa3021611
Edgar Alfonso,LAA,CPX,22,33,12.1%,39.4%,0.31,.214,.303,.429,.732,.214,4.8,.333,0.0,4,-1.7,.326,70,sa3015870
Andry Batista,TEX,CPX,19,122,11.5%,31.1%,0.37,.245,.336,.349,.685,.104,5.8,.348,0.4,15,-5.8,.330,70,sa3023956
Juan Brown,CIN,CPX,18,217,14.7%,26.7%,0.55,.211,.356,.322,.678,.111,4.8,.283,-1.5,28,-8.4,.339,69,sa3025204
Jan Luis Reyes,CHC,CPX,20,138,10.9%,15.2%,0.71,.225,.314,.367,.681,.142,7.8,.255,-1.2,16,-7.9,.321,68,sa3067399
Yeiker Reyes,COL,CPX,20,68,17.6%,22.1%,0.80,.208,.354,.245,.599,.038,4.9,.289,-0.2,8,-3.9,.320,67,sa3021126
Carlos Concepcion,SFG,CPX,20,169,7.7%,38.5%,0.20,.238,.315,.364,.680,.126,2.5,.390,-0.4,19,-9.5,.322,67,sa3021266
Samuel Gonzalez,OAK,CPX,19,105,15.2%,23.8%,0.64,.212,.346,.306,.652,.094,7.1,.283,0.4,13,-5.2,.329,67,sa3024117
Hansel Jimenez,CIN,CPX,19,82,15.9%,25.6%,0.62,.185,.346,.323,.669,.138,5.6,.220,0.8,10,-3.6,.334,66,sa3025419
Yulian Barreto,SFG,CPX,18,173,8.1%,25.4%,0.32,.242,.331,.329,.660,.087,6.8,.324,0.4,19,-10.0,.320,66,sa3067124
Naibel Mariano,CIN,CPX,19,249,8.4%,23.3%,0.36,.265,.335,.372,.707,.108,7.0,.344,1.2,31,-11.0,.334,66,sa3023711
Ashly Andujar,COL,CPX,18,62,11.3%,14.5%,0.78,.260,.339,.300,.639,.040,3.2,.302,-0.4,7,-3.7,.317,66,sa3023890
Darling Fernandez,OAK,CPX,20,142,12.0%,20.4%,0.59,.220,.331,.339,.670,.119,6.9,.283,0.2,17,-7.4,.326,65,sa3022969
Ramcell Medina,KCR,CPX,18,177,9.0%,19.8%,0.46,.250,.324,.342,.666,.092,1.9,.300,0.0,20,-10.4,.319,65,sa3067543
German Ortiz,OAK,CPX,21,159,4.4%,25.2%,0.18,.262,.308,.400,.708,.138,5.8,.346,0.2,19,-8.5,.325,64,sa3018011
Jean Carlos Sio,SFG,CPX,22,21,9.5%,23.8%,0.40,.211,.286,.421,.707,.211,2.0,.231,0.0,2,-1.3,.316,64,sa3018648
Marcelo Alcala,CHW,CPX,20,126,15.1%,38.1%,0.40,.172,.336,.283,.619,.111,6.6,.300,1.4,14,-7.4,.319,63,sa3021304
Liordanys Menendez,LAA,CPX,18,48,12.5%,16.7%,0.75,.244,.333,.293,.626,.049,1.5,.294,-0.6,5,-3.1,.313,63,sa3068394
Dariel Garcia,COL,CPX,19,122,9.8%,33.6%,0.29,.241,.317,.324,.641,.083,8.6,.379,1.4,13,-8.1,.311,62,sa3024480
Noah Barber,KCR,CPX,21,152,13.8%,40.1%,0.34,.187,.313,.333,.646,.146,9.1,.322,-0.2,16,-9.9,.312,61,sa3023621
Cameron Decker,LAD,CPX,22,37,10.8%,29.7%,0.36,.167,.286,.367,.652,.200,2.6,.222,0.0,4,-2.7,.304,61,sa3020223
Cody Freeman,TEX,CPX,25,25,12.0%,8.0%,1.50,.238,.320,.333,.653,.095,2.6,.250,0.0,3,-1.6,.313,60,25629
Jhoan De La Cruz,SDP,CPX,18,166,12.7%,44.0%,0.29,.178,.319,.289,.608,.111,7.6,.367,-0.8,17,-11.5,.308,60,sa3067693
Jose M. Mendoza,CHW,CPX,18,151,8.6%,33.1%,0.26,.204,.278,.431,.709,.226,1.2,.244,-0.6,16,-9.7,.313,60,sa3067804
Luis Urías,ARI,CPX,29,18,5.6%,22.2%,0.25,.250,.333,.250,.583,.000,2.6,.333,0.0,2,-1.3,.304,60,16622
Josue Demey,LAA,CPX,19,12,25.0%,33.3%,0.75,.111,.333,.222,.556,.111,2.6,.200,0.0,1,-0.9,.306,59,sa3068670
Jordan Rich,CHW,CPX,19,101,11.9%,15.8%,0.75,.233,.340,.256,.596,.023,6.6,.286,0.2,10,-6.7,.311,59,sa3069308
Daniel Campos,CHC,CPX,20,92,9.8%,27.2%,0.36,.222,.315,.296,.612,.074,5.9,.309,0.8,9,-6.7,.304,59,sa3021182
Rodny Rosario,CLE,CPX,18,128,15.6%,32.8%,0.48,.198,.320,.264,.584,.066,7.4,.308,-0.4,12,-9.9,.299,58,sa3067822
Yu-Lin Liao,MIL,CPX,18,130,23.8%,43.1%,0.55,.104,.338,.208,.547,.104,3.8,.189,-1.0,13,-9.2,.307,58,sa3076314
Dylan Fien,OAK,CPX,20,19,0.0%,31.6%,0.00,.278,.316,.333,.649,.056,4.8,.417,-0.4,2,-1.2,.313,58,sa3067509
Jorge Hernandez,KCR,CPX,20,76,15.8%,23.7%,0.67,.140,.347,.175,.522,.035,5.0,.205,0.2,7,-5.5,.305,57,sa3021301
Anielson Buten,CIN,CPX,20,59,5.1%,28.8%,0.18,.241,.305,.370,.675,.130,9.1,.351,0.0,6,-3.6,.317,56,sa3021137
Freiker Betencourt,CHC,CPX,17,179,15.1%,29.1%,0.52,.174,.318,.264,.582,.090,8.5,.255,0.4,17,-13.8,.300,56,sa3067776
Raily Liriano,ARI,CPX,19,104,6.7%,34.6%,0.19,.204,.279,.366,.644,.161,8.0,.304,-0.8,9,-8.3,.297,56,sa3023911
Osniel Castillo,CHW,CPX,20,82,4.9%,23.2%,0.21,.256,.293,.359,.652,.103,7.2,.328,0.4,8,-6.1,.303,54,sa3069018
Eduarlin Tejeda,SDP,CPX,21,77,15.6%,31.2%,0.50,.197,.333,.213,.546,.016,5.2,.316,0.0,7,-6.1,.297,54,sa3021259
Randy Martinez,CLE,CPX,19,196,14.8%,36.7%,0.40,.164,.296,.291,.587,.127,6.6,.241,0.4,16,-16.8,.291,54,sa3024358
Ryan Reckley,SFG,CPX,21,79,12.7%,31.6%,0.40,.215,.333,.215,.549,.000,4.6,.341,-0.2,7,-6.3,.296,53,sa3018404
Curley Martha,TEX,CPX,19,64,17.2%,31.3%,0.55,.160,.333,.200,.533,.040,6.4,.267,1.0,6,-5.0,.298,52,sa3023722
Deuri Castillo,SEA,CPX,22,19,10.5%,47.4%,0.22,.235,.316,.235,.551,.000,4.0,.500,-0.6,2,-1.7,.287,52,sa3024338
Alejandro Cruz,CHW,CPX,19,164,9.1%,28.7%,0.32,.206,.304,.298,.602,.092,6.9,.301,1.6,15,-12.9,.298,52,sa3067702
Alejandro Pereira,OAK,CPX,19,76,5.3%,23.7%,0.22,.246,.316,.290,.606,.043,2.7,.333,-0.4,7,-5.7,.302,52,sa3024325
Tytus Cissell,ARI,CPX,20,108,9.3%,26.9%,0.34,.209,.295,.297,.592,.088,7.5,.274,2.4,9,-9.5,.289,51,sa3067331
Derek Bernard,COL,CPX,20,21,14.3%,47.6%,0.30,.176,.333,.176,.510,.000,2.9,.429,-0.6,2,-1.8,.291,51,sa3018477
Cruzmel Arias,COL,CPX,22,60,11.7%,16.7%,0.70,.231,.317,.250,.567,.019,1.5,.279,0.0,5,-5.1,.291,50,sa3019527
Yojackson Laya,LAD,CPX,19,62,8.1%,21.0%,0.38,.204,.295,.278,.573,.074,4.3,.250,-0.4,5,-5.6,.286,50,sa3024145
Bryan Martinez,LAA,CPX,20,134,9.0%,32.8%,0.27,.192,.269,.367,.635,.175,7.7,.260,0.4,11,-11.7,.290,50,sa3021600
Omar Reyes,KCR,CPX,21,32,9.4%,46.9%,0.20,.214,.313,.250,.563,.036,4.7,.462,-0.4,3,-2.7,.291,49,sa3021854
Drew Davies,CIN,CPX,20,8,25.0%,37.5%,0.67,.000,.375,.000,.375,.000,2.6,.000,0.0,1,-0.6,.303,49,sa3023580
Fabian Alcantara,SDP,CPX,20,115,8.7%,41.7%,0.21,.202,.278,.327,.605,.125,4.8,.340,0.2,9,-10.4,.286,48,sa3024309
Braylin Morel,TEX,CPX,20,28,3.6%,21.4%,0.17,.259,.286,.333,.619,.074,6.3,.333,0.2,2,-2.4,.291,48,sa3021229
Jhocsuanth Vargas,TEX,CPX,19,16,6.3%,12.5%,0.50,.286,.313,.286,.598,.000,0.8,.308,0.0,1,-1.4,.290,47,sa3021631
Alan Escobar,CHW,CPX,17,114,7.9%,27.2%,0.29,.225,.298,.284,.583,.059,7.5,.319,0.4,9,-10.1,.288,46,sa3067841
Wyatt Hoffman,SDP,CPX,27,16,6.3%,37.5%,0.17,.214,.313,.214,.527,.000,1.1,.375,0.0,1,-1.5,.282,46,sa3018219
Cam Maldonado,SFG,CPX,22,18,11.1%,44.4%,0.25,.188,.278,.313,.590,.125,0.8,.375,0.0,1,-1.7,.284,45,sa3036900
Cristopher Acosta,MIL,CPX,18,121,16.5%,42.1%,0.39,.160,.298,.260,.558,.100,4.8,.292,0.0,9,-11.1,.284,45,sa3067475
Yojancel Cabrera,LAA,CPX,18,111,7.2%,24.3%,0.30,.206,.300,.247,.547,.041,5.6,.286,-0.4,8,-10.5,.282,45,sa3067784
Ivan Tatis,LAA,CPX,20,12,25.0%,25.0%,1.00,.111,.333,.111,.444,.000,2.6,.167,0.0,1,-1.2,.280,44,sa3069317
Brendan Tunink,LAD,CPX,20,7,0.0%,28.6%,0.00,.286,.286,.286,.571,.000,7.5,.400,0.2,0,-0.7,.275,44,sa3067275
Gabriel Silva,KCR,CPX,22,12,25.0%,16.7%,1.50,.125,.333,.125,.458,.000,2.6,.143,0.0,1,-1.2,.280,43,sa3015865
Leandro Alsinois,CHW,CPX,21,54,7.4%,35.2%,0.21,.224,.283,.306,.589,.082,0.9,.345,0.0,4,-5.1,.282,43,sa3018624
Joaquin Arias Jr.,TEX,CPX,19,105,10.5%,31.4%,0.33,.220,.298,.264,.562,.044,6.7,.333,-0.2,8,-10.0,.281,42,sa3024929
Tyler Locklear,ARI,CPX,25,10,10.0%,10.0%,1.00,.222,.300,.222,.522,.000,0.1,.250,0.0,1,-1.0,.272,42,31396
Miles Mastrobuoni,SEA,CPX,30,3,33.3%,33.3%,1.00,.000,.333,.000,.333,.000,2.6,.000,0.0,0,-0.3,.267,40,20017
Kason Siguenza,LAA,CPX,18,26,7.7%,19.2%,0.40,.190,.308,.190,.498,.000,2.6,.235,0.0,2,-2.7,.273,40,sa3076341
Kyle Dernedde,CLE,CPX,25,3,33.3%,66.7%,0.50,.000,.333,.000,.333,.000,2.5,.000,-0.6,0,-0.3,.267,40,sa3066528
Carlos Gonzalez,SEA,CPX,22,54,14.8%,18.5%,0.80,.159,.296,.182,.478,.023,4.7,.200,0.2,3,-6.0,.264,39,sa3018607
Frank Mieses,CHW,CPX,18,66,12.1%,45.5%,0.27,.172,.273,.293,.566,.121,5.3,.308,-1.0,4,-6.7,.274,38,sa3067836
Yeremi Villahermosa,LAA,CPX,23,28,17.9%,35.7%,0.50,.130,.286,.217,.503,.087,5.3,.231,-1.2,2,-3.0,.267,37,sa3016096
Angel Cepeda,CHC,CPX,20,19,5.3%,52.6%,0.10,.118,.211,.412,.622,.294,5.1,.167,0.0,1,-2.1,.264,36,sa3021080
Lourdes Gurriel Jr.,ARI,CPX,32,19,5.3%,31.6%,0.17,.250,.263,.313,.576,.063,2.0,.333,0.0,1,-2.2,.261,36,19238
Lewis German,KCR,CPX,18,135,7.4%,39.3%,0.19,.183,.263,.275,.538,.092,7.9,.328,0.0,8,-15.1,.263,33,sa3067866
Bo Naylor,CLE,CPX,26,5,0.0%,40.0%,0.00,.200,.200,.400,.600,.200,2.6,.333,0.0,0,-0.6,.255,33,21865
Luis Corobo,MIL,CPX,19,26,23.1%,34.6%,0.67,.111,.308,.111,.419,.000,0.3,.182,0.0,1,-3.0,.259,31,sa3024153
Anthuan Valencia,CIN,CPX,21,35,8.6%,37.1%,0.23,.172,.273,.276,.549,.103,2.6,.267,0.0,2,-3.7,.270,30,sa3018422
Ryan Ritter,COL,CPX,25,28,17.9%,25.0%,0.71,.095,.286,.143,.429,.048,2.6,.133,0.0,1,-3.4,.252,29,31500
Byron Castillo,LAA,CPX,20,61,4.9%,36.1%,0.14,.175,.230,.316,.545,.140,8.0,.265,0.2,3,-7.7,.249,27,sa3021171
Kotaro Tsunematsu,CHC,CPX,22,22,4.5%,50.0%,0.09,.150,.227,.300,.527,.150,2.6,.250,0.0,1,-2.9,.245,25,sa3076417
Humberto Tiberi,LAA,CPX,19,33,15.2%,39.4%,0.38,.111,.273,.148,.421,.037,1.1,.214,0.0,1,-4.3,.243,23,sa3024322
David Mershon,LAA,CPX,23,14,14.3%,7.1%,2.00,.091,.286,.091,.377,.000,2.6,.100,0.0,1,-1.9,.242,23,sa3025335
Jesus Superlano,OAK,CPX,20,114,5.3%,25.4%,0.21,.190,.274,.200,.474,.010,3.9,.264,-0.4,5,-14.2,.251,23,sa3021128
Jesus Morales,KCR,CPX,18,70,7.1%,41.4%,0.17,.177,.261,.210,.471,.032,7.6,.333,0.2,3,-9.2,.244,22,sa3024862
Manuel Almeida,SEA,CPX,18,111,12.6%,36.9%,0.34,.115,.234,.177,.411,.063,2.4,.185,0.0,2,-17.1,.220,14,sa3067789
Daniel Guilarte,MIL,CPX,22,21,14.3%,28.6%,0.50,.111,.238,.167,.405,.056,7.5,.167,0.4,0,-3.2,.221,9,sa3018388
Raimel Medina,KCR,CPX,21,11,18.2%,9.1%,2.00,.000,.273,.000,.273,.000,2.6,.000,0.0,0,-1.7,.221,9,sa3018617
Luis Rodriguez,CLE,CPX,21,34,11.8%,29.4%,0.40,.133,.235,.133,.369,.000,3.6,.200,0.2,0,-5.6,.207,6,sa3021055
Brendan Donovan,SEA,CPX,29,4,25.0%,75.0%,0.33,.000,.250,.000,.250,.000,0.1,.000,0.0,0,-0.7,.200,3,24679
Dayson Croes,SFG,CPX,26,27,7.4%,14.8%,0.50,.125,.222,.167,.389,.042,7.5,.150,0.4,0,-4.5,.208,2,sa3067396
Billy Carlson,CHW,CPX,19,11,0.0%,9.1%,0.00,.182,.182,.273,.455,.091,7.5,.200,0.2,0,-1.9,.203,-2,sa3069250
Drake Logan,CHW,CPX,25,7,0.0%,85.7%,0.00,.143,.143,.286,.429,.143,2.6,1.000,0.0,0,-1.3,.182,-14,sa3019936
Diego Rosa,OAK,CPX,19,71,8.5%,31.0%,0.27,.111,.197,.111,.308,.000,3.5,.167,-0.6,-2,-14.1,.174,-21,sa3069305
Edwardo Espinal,LAA,CPX,20,5,20.0%,60.0%,0.33,.000,.200,.000,.200,.000,7.5,.000,0.2,0,-1.1,.160,-24,sa3022414
Alek Thomas,LAD,CPX,26,13,7.7%,23.1%,0.33,.083,.154,.083,.237,.000,2.6,.111,0.0,-1,-3.1,.136,-35,23792
Jonah Advincula,CLE,CPX,25,14,7.1%,28.6%,0.25,.000,.143,.000,.143,.000,7.5,.000,0.2,-1,-3.6,.116,-45,sa3023056
Carlos Pacheco,OAK,CPX,21,7,14.3%,28.6%,0.50,.000,.143,.000,.143,.000,7.5,.000,0.2,-1,-1.8,.114,-55,sa3018455
Truitt Madonna,SDP,CPX,19,8,12.5%,37.5%,0.33,.000,.125,.000,.125,.000,2.6,.000,0.0,-1,-2.2,.100,-58,sa3069152
Alec Gomez,LAA,CPX,24,20,5.0%,15.0%,0.33,.059,.100,.059,.159,.000,5.0,.063,0.2,-2,-5.6,.088,-65,sa3076342
Tyler Rodriguez,MIL,CPX,20,11,9.1%,45.5%,0.20,.000,.091,.000,.091,.000,7.5,.000,0.4,-1,-3.2,.073,-75,sa3021615
Pavin Smith,ARI,CPX,30,4,0.0%,25.0%,0.00,.000,.000,.000,.000,.000,0.1,.000,0.0,-1,-1.5,.000,-100,19892
Logan O'Hoppe,LAA,CPX,26,4,0.0%,0.0%,0.00,.000,.000,.000,.000,.000,0.1,.000,0.0,-1,-1.5,.000,-100,24729
Jose Romero,CHC,CPX,25,0,0.0%,0.0%,0.00,.000,.000,.000,.000,.000,0.1,.000,0.0,0,0.0,.000,-100,sa3015483
Victor Acosta,CIN,CPX,22,5,0.0%,80.0%,0.00,.000,.000,.000,.000,.000,0.1,.000,0.0,-1,-1.8,.000,-100,sa3015705
Haminton Mendez,LAA,CPX,22,2,0.0%,50.0%,0.00,.000,.000,.000,.000,.000,0.1,.000,0.0,0,-0.7,.000,-100,sa3017150
Luis Rodriguez,LAA,CPX,21,1,0.0%,100.0%,0.00,.000,.000,.000,.000,.000,0.1,.000,0.0,0,-0.4,.000,-100,sa3021055
Harold Gonzalez,LAD,CPX,19,4,0.0%,0.0%,0.00,.000,.000,.000,.000,.000,0.1,.000,0.0,-1,-1.5,.000,-100,sa3021255
Amilcar Medina,OAK,CPX,21,0,0.0%,0.0%,0.00,.000,.000,.000,.000,.000,0.1,.000,0.0,0,0.0,.000,-100,sa3024199
Franco Zabaleta,OAK,CPX,19,2,0.0%,100.0%,0.00,.000,.000,.000,.000,.000,0.1,.000,0.0,0,-0.7,.000,-100,sa3024242
Josehp Marte,LAD,CPX,21,0,0.0%,0.0%,0.00,.000,.000,.000,.000,.000,0.1,.000,0.0,0,0.0,.000,-100,sa3024284
Luis Ghisays,CHC,CPX,20,1,0.0%,100.0%,0.00,.000,.000,.000,.000,.000,0.1,.000,0.0,0,-0.4,.000,-100,sa3024474
Yohandri Contreras,OAK,CPX,19,0,0.0%,0.0%,0.00,.000,.000,.000,.000,.000,0.1,.000,0.0,0,0.0,.000,-100,sa3024545
Jubrayker Salaya,CHC,CPX,19,1,0.0%,100.0%,0.00,.000,.000,.000,.000,.000,0.1,.000,0.0,0,-0.4,.000,-100,sa3069144
