Name,Team,Level,Age,PA,BABIP,GB/FB,LD%,GB%,FB%,IFFB%,HR/FB,Pull%,Cent%,Oppo%,SwStr%,Balls,Strikes,Pitches,PlayerId
Ike Buxton,WSN,CPX,25,0,.000,,,,,,,,,,,,,,sa3020180
Kevin Velasco,BAL,CPX,20,0,.000,,,,,,,,,,,,,,sa3021524
Yoralbert Cadiz,NYM,CPX,21,0,.000,,,,,,,,,,,,,,sa3021822
Gerinton Mendez,MIA,CPX,19,0,.000,,,,,,,,,,,,,,sa3024543
Enixon Sanchez,NYY,CPX,18,0,.000,,,,,,,,,,,,,,sa3024569
Leonardo Leon,DET,CPX,20,0,.000,,,,,,,,,,,,,,sa3025347
Riley Stanford,TBR,CPX,23,0,.000,,,,,,,,,,,,,,sa3042934
Jake Dykhoff,BAL,CPX,27,0,.000,,,,,,,,,,,,,,sa3076437
Angel Castillo,TBR,CPX,24,0,.000,,,,,,,,,,,,,,sa3077378
Pascual Archila,TOR,CPX,19,232,.362,1.16,15.5%,45.5%,39.1%,23.3%,16.3%,39.3%,25.0%,35.7%,12.0%,423,485,908,sa3023946
Richard Matic,NYY,CPX,18,264,.373,1.00,26.3%,36.8%,36.8%,10.7%,7.1%,38.2%,28.7%,33.1%,9.5%,361,537,898,sa3023749
Emmanuel Cedeno,TBR,CPX,18,243,.255,1.90,18.7%,53.3%,28.0%,14.3%,2.4%,48.7%,21.2%,30.1%,5.8%,436,456,892,sa3067717
Kleiver Chauran,TBR,CPX,20,225,.381,1.05,29.8%,36.0%,34.2%,7.7%,5.1%,39.3%,29.1%,31.6%,11.9%,404,486,890,sa3021221
Jack Barker,PHI,CPX,21,241,.384,0.95,26.6%,35.8%,37.6%,4.9%,12.2%,38.4%,25.9%,35.7%,16.3%,343,515,858,sa3069173
Queni Pineda,NYY,CPX,19,240,.353,1.54,24.6%,45.8%,29.7%,28.6%,22.9%,57.5%,22.5%,20.0%,16.7%,375,476,851,sa3023920
Dexters Peralta,NYY,CPX,18,227,.313,0.46,17.0%,26.0%,57.0%,24.6%,22.8%,45.4%,25.9%,28.7%,16.9%,335,500,835,sa3023745
Angel Guzman,TOR,CPX,19,245,.323,1.91,17.6%,54.1%,28.3%,20.0%,15.6%,43.8%,27.8%,28.4%,10.1%,352,481,833,sa3023895
Andreimi Antunez,TBR,CPX,19,238,.277,1.11,17.8%,43.3%,38.9%,26.2%,11.5%,40.6%,26.3%,33.1%,8.8%,334,495,829,sa3067643
Israfell Bautista,TBR,CPX,19,207,.313,2.29,14.0%,59.8%,26.2%,10.7%,0.0%,32.5%,29.8%,37.7%,10.4%,351,458,809,sa3024116
Logan Dawson,PHI,CPX,20,227,.257,1.58,15.8%,51.5%,32.7%,9.1%,9.1%,40.7%,26.9%,32.4%,11.8%,365,440,805,sa3069204
Teilon Serrano,MIN,CPX,18,194,.342,0.77,13.9%,37.5%,48.6%,8.6%,8.6%,31.2%,29.9%,39.0%,11.7%,375,429,804,sa3067703
Andres Torres,TBR,CPX,19,212,.362,6.53,15.7%,73.1%,11.2%,0.0%,6.7%,35.8%,17.5%,46.7%,6.1%,366,435,801,sa3023781
Wilberson De Pena,NYY,CPX,19,248,.401,1.10,25.4%,39.1%,35.5%,20.0%,26.7%,48.3%,26.2%,25.6%,16.8%,276,506,782,sa3025019
Wilfri De La Cruz,BAL,CPX,18,188,.300,1.00,20.4%,39.8%,39.8%,17.9%,5.1%,48.5%,24.8%,26.7%,9.2%,349,426,775,sa3067682
Yovanny Duran,MIN,CPX,18,214,.412,0.92,15.3%,40.7%,44.1%,9.6%,7.7%,46.7%,27.9%,25.4%,11.9%,338,428,766,sa3067747
Josue Brito,BOS,CPX,19,191,.330,0.68,26.0%,30.0%,44.0%,18.2%,13.6%,50.5%,28.2%,21.4%,13.7%,340,406,746,sa3023763
Jase Mitchell,HOU,CPX,19,160,.304,1.77,28.0%,46.0%,26.0%,7.7%,0.0%,38.2%,30.9%,30.9%,10.1%,362,381,743,sa3069286
Jemone Nuel,BAL,CPX,19,196,.342,0.86,18.0%,37.8%,44.1%,20.4%,6.1%,58.6%,18.9%,22.5%,9.5%,337,389,726,sa3024356
Cris Rodriguez,DET,CPX,18,197,.379,0.93,30.6%,33.3%,36.0%,2.5%,22.5%,43.4%,34.5%,22.1%,17.8%,262,461,723,sa3066593
Harold Rivas,BOS,CPX,18,198,.310,1.13,15.0%,45.1%,39.8%,17.8%,13.3%,48.3%,24.6%,27.1%,11.7%,304,416,720,sa3067705
Jhomnardo Reyes,MIN,CPX,18,193,.360,1.02,21.6%,39.6%,38.7%,25.6%,16.3%,50.0%,30.5%,19.5%,12.2%,294,409,703,sa3067700
Nauris De La Cruz,WSN,CPX,18,198,.322,1.50,29.8%,42.1%,28.1%,43.8%,9.4%,42.7%,24.8%,32.5%,11.1%,301,402,703,sa3067878
Marconi German,WSN,CPX,18,186,.303,1.00,24.2%,37.9%,37.9%,25.0%,19.4%,48.4%,22.1%,29.5%,14.6%,328,373,701,sa3067715
Landon Arroyos,HOU,CPX,19,173,.235,0.85,23.7%,35.1%,41.2%,45.0%,5.0%,46.5%,17.8%,35.6%,6.7%,295,403,698,sa3069314
Leni Done,NYY,CPX,19,226,.333,1.12,21.4%,41.4%,37.1%,42.3%,11.5%,57.9%,24.1%,17.9%,14.5%,264,433,697,sa3067859
Esterling Rodriguez,PHI,CPX,20,187,.257,1.33,17.3%,47.3%,35.5%,30.8%,12.8%,53.4%,15.5%,31.0%,10.3%,273,417,690,sa3021599
Romeli Espinosa,PHI,CPX,18,234,.268,1.77,17.0%,53.1%,29.9%,27.3%,2.3%,56.0%,20.8%,23.3%,14.8%,229,460,689,sa3067704
Miguel Hernández,STL,CPX,18,191,.313,1.00,29.9%,35.1%,35.1%,29.4%,26.5%,60.0%,18.0%,22.0%,11.8%,320,365,685,sa3067750
Jhorman Bravo,BOS,CPX,18,189,.260,0.92,20.0%,38.3%,41.7%,26.0%,4.0%,46.8%,25.8%,27.4%,10.5%,289,390,679,sa3067799
Angel De Los Santos,DET,CPX,18,204,.343,0.84,26.6%,33.6%,39.9%,24.6%,10.5%,46.9%,29.9%,23.1%,13.1%,247,427,674,sa3067737
Andres Arias,TOR,CPX,19,183,.320,1.11,20.0%,42.1%,37.9%,27.8%,11.1%,41.8%,27.6%,30.6%,11.9%,286,384,670,sa3025145
Juan Rojas,HOU,CPX,18,162,.346,1.50,19.8%,48.1%,32.1%,34.6%,3.8%,41.2%,32.9%,25.9%,11.5%,305,354,659,sa3067771
Royelny Strop,STL,CPX,18,181,.299,1.10,18.0%,43.0%,39.0%,28.2%,5.1%,52.0%,23.5%,24.5%,18.6%,269,372,641,sa3068180
Manuel Campos,ATL,CPX,18,196,.388,1.20,26.7%,40.0%,33.3%,27.5%,5.0%,43.4%,19.7%,36.9%,11.6%,237,403,640,sa3067815
Anthony Frobose,NYM,CPX,18,167,.297,1.18,15.3%,45.8%,38.9%,14.3%,21.4%,59.2%,25.0%,15.8%,16.5%,254,382,636,sa3069292
Anderson Areinamo,HOU,CPX,19,168,.232,0.71,17.2%,34.3%,48.5%,22.9%,8.3%,55.4%,20.8%,23.8%,12.5%,268,364,632,sa3067775
Franklin Rojas,TOR,CPX,19,179,.347,0.90,24.5%,35.7%,39.8%,23.1%,7.7%,43.9%,30.6%,25.5%,8.7%,278,351,629,sa3025018
Cristian Perez,DET,CPX,19,175,.314,1.05,19.1%,41.5%,39.4%,10.8%,32.4%,58.8%,24.7%,16.5%,19.5%,256,371,627,sa3022320
Brayan Cortesia,WSN,CPX,18,176,.380,4.83,17.6%,68.2%,14.1%,8.3%,0.0%,26.4%,17.2%,56.3%,16.3%,250,377,627,sa3067686
Cristofer Lebrón,STL,CPX,19,179,.360,1.62,25.5%,46.1%,28.4%,24.1%,20.7%,51.9%,24.5%,23.6%,15.3%,227,395,622,sa3024314
Yovanny Rodriguez,NYM,CPX,19,180,.361,1.06,20.4%,40.9%,38.7%,19.4%,19.4%,54.3%,26.6%,19.1%,15.6%,251,369,620,sa3023720
Justin Capellan,NYY,CPX,19,173,.280,0.71,20.8%,33.0%,46.2%,28.6%,8.2%,49.5%,22.9%,27.5%,13.3%,231,387,618,sa3023731
Hector Campusano,BAL,CPX,19,190,.387,1.94,21.6%,51.7%,26.7%,12.9%,0.0%,43.8%,26.4%,29.8%,11.5%,271,344,615,sa3024148
Daiber De Los Santos,MIN,CPX,19,160,.412,0.82,23.1%,34.6%,42.3%,9.1%,13.6%,59.3%,22.2%,18.5%,22.5%,246,366,612,sa3023885
Darwin Almanzar,MIN,CPX,18,166,.345,1.07,25.9%,38.3%,35.8%,17.2%,0.0%,36.9%,22.6%,40.5%,10.2%,298,309,607,sa3068186
Gabriel Cesa,ATL,CPX,19,161,.282,1.61,26.8%,45.1%,28.0%,26.1%,0.0%,47.1%,12.9%,40.0%,14.5%,238,367,605,sa3024630
Kennew Blanco,TOR,CPX,20,187,.282,1.74,20.0%,50.8%,29.2%,45.7%,2.9%,40.0%,25.6%,34.4%,14.1%,223,380,603,sa3067640
John Cruz,MIA,CPX,20,166,.324,0.84,29.3%,32.3%,38.4%,36.8%,13.2%,39.6%,27.7%,32.7%,11.6%,265,337,602,sa3018573
Bohan Adderley,NYM,CPX,19,189,.381,1.93,24.1%,50.0%,25.9%,28.6%,14.3%,43.6%,25.5%,30.9%,19.2%,210,385,595,sa3023728
Caden Merritt,ATL,CPX,19,164,.337,1.50,17.7%,49.4%,32.9%,3.8%,11.5%,44.6%,24.1%,31.3%,14.0%,243,351,594,sa3076054
Manuel Dos Passos,ATL,CPX,19,157,.357,0.66,19.7%,31.8%,48.5%,9.4%,6.3%,51.5%,27.3%,21.2%,17.9%,237,355,592,sa3024344
Breyias Dean,MIA,CPX,20,169,.326,1.96,19.0%,53.6%,27.4%,21.7%,17.4%,38.2%,29.2%,32.6%,12.2%,257,331,588,sa3021294
Luis Rives,HOU,CPX,21,140,.342,2.47,22.4%,55.3%,22.4%,41.2%,23.5%,44.2%,18.2%,37.7%,12.8%,278,306,584,sa3023624
Bracewell Taveras,STL,CPX,20,151,.179,1.20,13.2%,47.4%,39.5%,40.0%,10.0%,55.6%,17.3%,27.2%,17.4%,211,370,581,sa3021193
Darell Morel,PIT,CPX,18,161,.250,1.19,15.0%,46.3%,38.8%,22.6%,9.7%,45.9%,20.0%,34.1%,17.4%,250,330,580,sa3066667
Gabriel Rodriguez,PIT,CPX,18,164,.218,0.83,15.1%,38.4%,46.5%,30.0%,5.0%,46.1%,21.3%,32.6%,15.2%,226,354,580,sa3067720
Christopher Alvarado,BOS,CPX,19,154,.325,1.87,17.5%,53.8%,28.7%,4.3%,4.3%,31.3%,16.9%,51.8%,10.9%,268,310,578,sa3024337
Gustavo Melendez,PIT,CPX,18,157,.271,4.20,20.0%,64.6%,15.4%,40.0%,0.0%,35.7%,11.4%,52.9%,13.1%,281,293,574,sa3069270
Steven Madero,DET,CPX,19,168,.300,0.59,21.4%,29.1%,49.6%,19.0%,12.1%,47.9%,26.5%,25.6%,17.5%,196,377,573,sa3023950
Jose Castro,NYY,CPX,20,166,.430,1.25,22.2%,43.2%,34.6%,14.3%,25.0%,52.4%,30.5%,17.1%,14.0%,245,326,571,sa3022235
Tavano Baker,BOS,CPX,19,164,.323,1.03,17.2%,41.9%,40.9%,26.3%,2.6%,49.5%,21.1%,29.5%,16.0%,225,331,556,sa3023762
Maikol Orozco,DET,CPX,20,167,.427,1.50,22.3%,46.6%,31.1%,12.5%,6.3%,35.2%,29.5%,35.2%,17.7%,199,354,553,sa3021098
Luis Arias,WSN,CPX,20,146,.347,1.85,25.0%,48.7%,26.3%,25.0%,20.0%,52.6%,16.7%,30.8%,18.6%,207,346,553,sa3023259
Miguel Caraballo,MIN,CPX,17,166,.313,0.49,15.2%,27.8%,57.0%,17.8%,11.1%,41.0%,26.5%,32.5%,19.7%,225,327,552,sa3067756
Josmir Reyes,NYM,CPX,19,153,.255,1.03,22.7%,39.2%,38.1%,40.5%,2.7%,41.4%,21.2%,37.4%,6.2%,240,308,548,sa3023929
Yilber Herrera,MIN,CPX,21,135,.355,0.53,19.7%,27.9%,52.5%,46.9%,3.1%,42.9%,27.0%,30.2%,9.0%,253,293,546,sa3018425
Dorian Soto,BOS,CPX,18,161,.293,0.97,20.2%,39.4%,40.4%,26.3%,0.0%,35.1%,29.9%,35.1%,12.8%,222,324,546,sa3067678
Carlos Tavares,WSN,CPX,20,132,.288,1.41,30.5%,40.7%,28.8%,29.4%,29.4%,56.5%,21.0%,22.6%,11.8%,266,270,536,sa3021209
Juan Alva,MIA,CPX,20,139,.357,0.88,25.0%,35.0%,40.0%,25.0%,12.5%,42.2%,33.7%,24.1%,6.7%,241,293,534,sa3067708
Roiner Quintana,HOU,CPX,21,134,.338,1.63,21.3%,48.8%,30.0%,12.5%,12.5%,44.6%,22.9%,32.5%,14.1%,220,312,532,sa3019510
Jose Tovar,TBR,CPX,20,118,.231,1.50,15.4%,50.8%,33.8%,9.1%,0.0%,34.8%,24.2%,40.9%,7.1%,259,260,519,sa3021223
Browm Martinez,WSN,CPX,19,137,.362,1.43,23.9%,44.8%,31.3%,38.1%,19.0%,54.4%,27.9%,17.6%,15.3%,228,288,516,sa3024323
Jose Familia,PHI,CPX,18,142,.286,0.75,27.9%,30.9%,41.2%,21.4%,14.3%,60.3%,17.8%,21.9%,17.1%,190,324,514,sa3023879
Luis Quesada,HOU,CPX,21,125,.333,1.32,15.0%,48.3%,36.7%,27.3%,13.6%,55.6%,17.5%,27.0%,14.6%,218,290,508,sa3021308
Adrian Bello,MIA,CPX,20,149,.340,1.76,18.8%,51.8%,29.4%,32.0%,8.0%,37.4%,17.6%,45.1%,10.9%,219,287,506,sa3021303
Johan Rodriguez,ATL,CPX,18,154,.308,1.41,22.6%,45.3%,32.1%,14.7%,11.8%,50.9%,21.3%,27.8%,11.3%,172,331,503,sa3067860
Luis Leon,MIA,CPX,19,130,.359,0.71,26.2%,30.8%,43.1%,32.1%,10.7%,59.7%,14.9%,25.4%,18.2%,204,297,501,sa3067401
Luis De Leon,HOU,CPX,19,141,.424,2.45,33.0%,47.6%,19.4%,30.0%,20.0%,45.6%,25.2%,29.1%,7.2%,217,283,500,sa3067652
Estivenzon Montero,NYY,CPX,19,144,.309,1.44,21.8%,46.2%,32.1%,40.0%,12.0%,56.8%,23.5%,19.8%,15.9%,198,298,496,sa3023916
Kenly Hunter,STL,CPX,18,155,.299,1.25,25.8%,41.2%,33.0%,28.1%,6.3%,56.0%,21.0%,23.0%,8.3%,210,286,496,sa3067701
Almen Tolentino,MIA,CPX,19,132,.265,0.96,23.0%,37.7%,39.3%,20.8%,4.2%,53.2%,19.4%,27.4%,12.6%,210,282,492,sa3024628
Carl Calixte,PIT,CPX,19,151,.369,1.87,20.5%,51.8%,27.7%,26.1%,17.4%,49.4%,21.3%,29.2%,15.2%,194,298,492,sa3067444
Anderson Araujo,PHI,CPX,18,142,.351,1.74,17.8%,52.2%,30.0%,18.5%,0.0%,51.0%,24.0%,25.0%,10.1%,205,282,487,sa3067663
Yordani Martinez,MIA,CPX,19,136,.266,1.00,17.8%,41.1%,41.1%,20.0%,6.7%,44.0%,22.7%,33.3%,11.3%,206,280,486,sa3023738
Gavin Smith,TOR,CPX,20,131,.290,0.60,33.3%,25.0%,41.7%,12.0%,8.0%,41.8%,22.4%,35.8%,11.6%,186,295,481,sa3076312
Wyatt Vincent,NYM,CPX,19,132,.293,1.00,26.0%,37.0%,37.0%,37.0%,14.8%,51.4%,21.6%,27.0%,8.5%,199,281,480,sa3069295
Hyun Seung Lee,PIT,CPX,18,144,.376,1.03,27.6%,36.8%,35.6%,9.7%,19.4%,29.7%,38.5%,31.9%,13.0%,178,299,477,sa3067735
Emilio Sanchez,BAL,CPX,19,112,.143,1.14,9.6%,48.1%,42.3%,18.2%,0.0%,54.5%,21.8%,23.6%,12.5%,217,248,465,sa3024110
Santiago Pinto,DET,CPX,20,131,.385,1.68,26.3%,46.3%,27.5%,4.5%,9.1%,45.0%,23.8%,31.3%,18.1%,153,311,464,sa3021265
Jorge Rodriguez,BOS,CPX,20,124,.320,0.70,28.2%,29.5%,42.3%,42.4%,12.1%,59.5%,21.5%,19.0%,7.0%,193,264,457,sa3023974
Jancory De La Cruz,MIA,CPX,20,119,.322,1.19,16.4%,45.5%,38.2%,19.0%,19.0%,54.4%,28.1%,17.5%,13.8%,191,265,456,sa3021280
Juan Espinal,ATL,CPX,19,117,.314,0.76,24.5%,32.7%,42.9%,33.3%,4.8%,33.3%,23.5%,43.1%,18.7%,197,257,454,sa3024315
Guillermo Rosario,PHI,CPX,21,129,.302,1.33,18.3%,46.7%,35.0%,14.3%,19.0%,55.4%,21.5%,23.1%,12.0%,194,257,451,sa3021586
Diego Tornes,ATL,CPX,17,124,.259,1.09,18.3%,42.7%,39.0%,40.6%,0.0%,50.6%,24.1%,25.3%,15.5%,168,278,446,sa3066458
Malvin Fernandez,ATL,CPX,17,129,.273,1.18,21.8%,42.3%,35.9%,32.1%,7.1%,55.0%,16.3%,28.7%,17.0%,175,271,446,sa3067745
Edwin Darville,BOS,CPX,19,117,.410,2.43,21.3%,55.7%,23.0%,21.4%,14.3%,39.1%,28.1%,32.8%,9.7%,210,233,443,sa3023790
J.P. Cabrera,STL,CPX,19,136,.315,1.64,31.0%,42.9%,26.2%,27.3%,4.5%,57.5%,19.5%,23.0%,15.8%,177,266,443,sa3024651
Alfonzo Martinez,TBR,CPX,20,119,.250,2.06,17.9%,55.2%,26.9%,27.8%,5.6%,47.1%,11.8%,41.2%,11.8%,192,249,441,sa3021225
Vladi Gomez,NYM,CPX,20,139,.389,1.23,19.3%,44.6%,36.1%,30.0%,3.3%,39.8%,29.5%,30.7%,7.8%,188,247,435,sa3021165
Omar Urbina,BAL,CPX,20,115,.333,1.36,17.5%,47.6%,34.9%,22.7%,0.0%,51.5%,25.0%,23.5%,11.5%,179,256,435,sa3021204
Leonardo Pineda,TBR,CPX,19,106,.229,1.64,24.5%,46.9%,28.6%,7.1%,14.3%,38.0%,32.0%,30.0%,12.3%,208,222,430,sa3023721
Joephillip Guzman,BAL,CPX,19,113,.233,1.24,13.0%,48.1%,38.9%,9.5%,4.8%,54.2%,22.0%,23.7%,8.4%,192,235,427,sa3075625
Francisco Vilorio,NYY,CPX,19,117,.365,1.63,26.3%,45.6%,28.1%,37.5%,6.3%,49.2%,21.3%,29.5%,19.9%,153,270,423,sa3023893
Franklin Primera,BOS,CPX,19,134,.434,0.72,17.8%,34.4%,47.8%,25.6%,18.6%,52.2%,27.8%,20.0%,7.6%,186,234,420,sa3067709
Cam Lee,BAL,CPX,20,130,.312,2.52,12.9%,62.4%,24.7%,23.8%,0.0%,43.6%,27.7%,28.7%,5.5%,165,254,419,sa3069381
Victor Hurtado,WSN,CPX,19,105,.300,1.04,19.7%,41.0%,39.3%,25.0%,12.5%,43.5%,19.4%,37.1%,13.4%,176,233,409,sa3023888
Juan Elejandro,ATL,CPX,18,125,.278,1.36,19.5%,46.3%,34.1%,21.4%,0.0%,38.6%,19.3%,42.2%,18.4%,147,260,407,sa3068191
Jostin Ogando,BOS,CPX,18,110,.339,1.59,25.4%,45.8%,28.8%,11.8%,5.9%,42.9%,28.6%,28.6%,15.5%,160,247,407,sa3068416
Sebastian Dos Santos,STL,CPX,18,112,.315,1.28,28.1%,40.4%,31.6%,16.7%,33.3%,44.8%,17.2%,37.9%,11.6%,191,215,406,sa3067732
Johan De Los Santos,PIT,CPX,17,138,.330,2.12,16.5%,56.7%,26.8%,34.6%,7.7%,53.4%,17.5%,29.1%,6.4%,170,235,405,sa3066666
Enderson Delgado,DET,CPX,21,117,.259,0.97,20.2%,39.3%,40.5%,38.2%,8.8%,51.2%,16.7%,32.1%,12.4%,164,240,404,sa3018576
Jose Barrios,MIN,CPX,18,121,.267,3.31,20.0%,61.4%,18.6%,23.1%,15.4%,45.3%,21.3%,33.3%,8.4%,172,222,394,sa3067730
Roybert Herrera,NYM,CPX,19,103,.328,2.64,27.3%,52.7%,20.0%,36.4%,9.1%,37.9%,24.1%,37.9%,16.4%,161,223,384,sa3023940
Andrew Salas,MIA,CPX,18,105,.294,0.86,25.0%,34.6%,40.4%,4.8%,33.3%,60.4%,26.4%,13.2%,10.9%,162,222,384,sa3067045
Heriberto Rincon,NYM,CPX,20,132,.292,1.09,19.3%,42.2%,38.6%,53.1%,12.5%,52.3%,19.8%,27.9%,17.8%,117,265,382,sa3021238
Alfredo Rodriguez,TBR,CPX,20,113,.258,1.47,23.0%,45.9%,31.1%,21.1%,5.3%,43.5%,24.2%,32.3%,15.2%,158,223,381,sa3021207
Adriander Mejía,BAL,CPX,19,114,.382,1.26,20.8%,44.2%,35.1%,14.8%,14.8%,41.3%,23.8%,35.0%,13.6%,120,261,381,sa3021253
David Guzman,TOR,CPX,20,103,.266,1.32,20.3%,45.3%,34.4%,31.8%,13.6%,45.3%,28.1%,26.6%,9.2%,177,202,379,sa3021135
Francisco Loreto,PIT,CPX,19,107,.429,0.36,28.3%,18.9%,52.8%,28.6%,17.9%,51.9%,29.6%,18.5%,22.2%,149,230,379,sa3023937
Edgar Walker,PIT,CPX,18,117,.266,1.96,9.3%,60.0%,30.7%,34.8%,4.3%,53.1%,23.5%,23.5%,16.4%,143,235,378,sa3067660
Jaeden Calderon,PHI,CPX,20,107,.344,0.74,25.9%,31.5%,42.6%,13.0%,4.3%,55.2%,22.4%,22.4%,10.4%,164,212,376,sa3021274
Jonathan Rivero,PIT,CPX,20,116,.303,0.81,27.0%,32.6%,40.4%,30.6%,0.0%,53.9%,22.5%,23.6%,10.9%,142,226,368,sa3021150
Jhoan Peguero,BOS,CPX,20,107,.309,0.57,22.8%,28.1%,49.1%,25.0%,7.1%,43.1%,31.0%,25.9%,7.6%,179,189,368,sa3023754
Carlos Taveras,MIN,CPX,18,112,.343,1.26,21.2%,43.9%,34.8%,17.4%,4.3%,43.5%,23.2%,33.3%,14.4%,146,221,367,sa3067690
Yeider Mindiola,NYM,CPX,19,109,.351,1.69,15.7%,52.9%,31.4%,37.5%,6.3%,35.8%,20.8%,43.4%,16.3%,151,211,362,sa3067885
Jonathan Alcantara,PHI,CPX,18,108,.303,1.55,21.5%,47.7%,30.8%,25.0%,15.0%,58.5%,16.9%,24.6%,16.6%,119,243,362,sa3068969
Diover De Aza,NYM,CPX,18,99,.261,1.50,20.5%,47.7%,31.8%,35.7%,14.3%,57.8%,11.1%,31.1%,23.0%,139,222,361,sa3023715
Luis Aguilera,DET,CPX,19,118,.319,1.52,23.6%,46.1%,30.3%,40.7%,0.0%,39.6%,19.8%,40.7%,12.5%,131,230,361,sa3024374
Victor Leal,MIN,CPX,19,110,.294,0.84,10.6%,40.9%,48.5%,9.4%,0.0%,55.1%,24.6%,20.3%,8.3%,158,202,360,sa3023948
Joyner Perez,MIN,CPX,18,101,.276,1.00,14.3%,42.9%,42.9%,29.2%,0.0%,50.0%,22.4%,27.6%,17.1%,134,222,356,sa3067762
Yamvier Carrero,ATL,CPX,19,108,.324,1.68,23.9%,47.8%,28.4%,36.8%,0.0%,45.6%,20.6%,33.8%,11.5%,137,218,355,sa3076211
Tim Piasentin,TOR,CPX,19,86,.267,1.11,13.6%,45.5%,40.9%,27.8%,5.6%,50.0%,23.9%,26.1%,16.1%,141,206,347,sa3069278
Yoelvis Betancourt,ATL,CPX,18,115,.308,1.00,22.2%,38.9%,38.9%,35.7%,0.0%,47.9%,23.3%,28.8%,12.1%,125,221,346,sa3067847
Ronald Ramirez,DET,CPX,19,105,.424,1.48,23.5%,45.6%,30.9%,23.8%,14.3%,57.1%,25.7%,17.1%,11.0%,127,218,345,sa3024368
Christian Astudillo,BAL,CPX,19,102,.206,1.94,14.5%,56.5%,29.0%,27.8%,5.6%,33.8%,27.7%,38.5%,9.0%,155,188,343,sa3024144
Yaxson Lucena,STL,CPX,18,88,.143,1.15,12.2%,46.9%,40.8%,30.0%,0.0%,56.6%,18.9%,24.5%,6.5%,158,183,341,sa3024326
Arlenn Manzanillo,ATL,CPX,18,94,.259,1.61,17.5%,50.9%,31.6%,22.2%,0.0%,44.8%,25.9%,29.3%,14.4%,134,200,334,sa3067872
Jalvin Arias,PHI,CPX,19,92,.217,1.17,9.3%,48.8%,41.9%,27.8%,5.6%,41.3%,19.6%,39.1%,27.4%,110,218,328,sa3023875
Starlin Mieses,BAL,CPX,18,89,.211,1.90,12.1%,57.6%,30.3%,40.0%,0.0%,55.6%,16.7%,27.8%,17.7%,132,184,316,sa3067884
Liosward Marin,BOS,CPX,20,97,.368,0.77,20.7%,34.5%,44.8%,15.4%,19.2%,43.1%,24.1%,32.8%,14.0%,126,188,314,sa3021619
Martin Tamara,DET,CPX,22,86,.289,0.70,15.2%,34.8%,50.0%,26.1%,4.3%,52.2%,26.1%,21.7%,17.3%,110,203,313,sa3021257
Daniel Rojas,STL,CPX,20,102,.222,1.00,26.2%,36.9%,36.9%,45.8%,8.3%,48.5%,22.1%,29.4%,17.7%,97,214,311,sa3021613
Josueth Quinonez,DET,CPX,19,84,.475,0.82,32.2%,30.5%,37.3%,22.7%,0.0%,44.1%,25.4%,30.5%,8.8%,124,184,308,sa3023882
August Cuneo,HOU,CPX,18,70,.407,2.50,44.0%,40.0%,16.0%,0.0%,25.0%,32.1%,17.9%,50.0%,6.2%,163,145,308,sa3076335
Feldi Tavarez,WSN,CPX,19,82,.279,1.64,23.7%,47.4%,28.9%,36.4%,9.1%,63.4%,19.5%,17.1%,10.9%,128,166,294,sa3023918
Carlos Matias,TBR,CPX,19,81,.346,1.18,21.3%,42.6%,36.2%,35.3%,5.9%,59.2%,20.4%,20.4%,12.7%,117,175,292,sa3023744
Javier Acevedo,PIT,CPX,19,82,.279,1.47,14.0%,51.2%,34.9%,13.3%,6.7%,51.1%,28.9%,20.0%,15.8%,120,172,292,sa3023747
Edgardo De Leon,MIA,CPX,19,76,.381,1.91,27.3%,47.7%,25.0%,27.3%,36.4%,36.4%,29.5%,34.1%,12.7%,120,164,284,sa3024339
Michael Oliveto,DET,CPX,19,83,.286,1.50,18.2%,49.1%,32.7%,22.2%,5.6%,47.4%,26.3%,26.3%,7.8%,123,160,283,sa3069256
Luis Cova,MIA,CPX,19,79,.340,0.74,28.3%,30.4%,41.3%,26.3%,10.5%,44.2%,32.7%,23.1%,6.0%,125,157,282,sa3023723
Brady Cerkownyk,WSN,CPX,23,82,.429,0.78,28.9%,31.1%,40.0%,16.7%,5.6%,58.3%,25.0%,16.7%,12.9%,110,169,279,sa3022929
Andru Arthur,STL,CPX,20,72,.179,1.13,17.9%,43.6%,38.5%,40.0%,0.0%,64.1%,10.3%,25.6%,10.1%,123,155,278,sa3021277
Gabriel Azocar,PHI,CPX,18,75,.256,1.27,20.9%,44.2%,34.9%,26.7%,0.0%,48.8%,20.9%,30.2%,14.8%,106,171,277,sa3067664
Adolfo Miranda,NYM,CPX,19,85,.314,1.54,28.3%,43.5%,28.3%,38.5%,0.0%,47.1%,13.7%,39.2%,16.4%,98,177,275,sa3025062
Sam White,TOR,CPX,22,79,.390,1.06,20.5%,40.9%,38.6%,11.8%,23.5%,40.0%,22.2%,37.8%,15.8%,110,163,273,sa3076280
Kenni Gomez,HOU,CPX,21,69,.286,0.77,23.3%,33.3%,43.3%,15.4%,23.1%,56.7%,26.7%,16.7%,16.6%,104,167,271,sa3018430
Eyeksson Rojas,WSN,CPX,20,78,.333,1.14,33.3%,35.6%,31.1%,71.4%,0.0%,45.8%,22.9%,31.3%,14.9%,106,163,269,sa3023872
Mario Baez,ATL,CPX,19,79,.271,1.00,19.2%,40.4%,40.4%,23.8%,0.0%,42.6%,20.4%,37.0%,12.7%,92,176,268,sa3021286
Juan Rujano,STL,CPX,18,77,.302,1.36,35.0%,37.5%,27.5%,63.6%,18.2%,58.1%,16.3%,25.6%,22.4%,96,172,268,sa3067752
Raymond Mola,PIT,CPX,20,68,.321,1.40,17.2%,48.3%,34.5%,40.0%,10.0%,51.7%,17.2%,31.0%,12.8%,123,135,258,sa3023109
Jaiden Lo Re,BAL,CPX,19,76,.367,1.10,24.1%,39.7%,36.2%,28.6%,4.8%,32.8%,27.9%,39.3%,1.9%,111,147,258,sa3069280
Fabian Lopez,MIA,CPX,20,71,.258,1.00,16.1%,41.9%,41.9%,7.7%,15.4%,41.2%,44.1%,14.7%,23.3%,102,155,257,sa3021276
Renyel Campos,TOR,CPX,19,74,.261,3.11,19.6%,60.9%,19.6%,22.2%,33.3%,55.3%,19.1%,25.5%,13.7%,106,150,256,sa3068709
Kendrick Herrera,PIT,CPX,19,72,.235,3.00,17.6%,61.8%,20.6%,28.6%,0.0%,42.9%,20.0%,37.1%,10.6%,118,136,254,sa3023776
Bralyn Brazoban,PIT,CPX,19,81,.463,0.83,21.4%,35.7%,42.9%,33.3%,11.1%,46.5%,20.9%,32.6%,25.7%,83,170,253,sa3023725
Daniel Hernandez,WSN,CPX,18,84,.227,1.50,27.4%,43.5%,29.0%,11.1%,0.0%,41.9%,19.4%,38.7%,13.1%,81,171,252,sa3067734
Ethan Wagner,HOU,CPX,20,65,.306,2.00,27.3%,48.5%,24.2%,12.5%,12.5%,38.2%,20.6%,41.2%,11.5%,111,133,244,sa3066860
Facundo Velásquez,STL,CPX,20,56,.320,1.29,27.3%,40.9%,31.8%,42.9%,0.0%,54.2%,20.8%,25.0%,19.4%,114,128,242,sa3021227
Yorber Semprun,NYM,CPX,18,72,.333,2.71,29.7%,51.4%,18.9%,42.9%,28.6%,40.5%,24.3%,35.1%,14.1%,96,145,241,sa3068195
Juan Obispo,WSN,CPX,20,69,.364,3.50,15.6%,65.6%,18.8%,16.7%,16.7%,33.3%,27.3%,39.4%,17.1%,104,136,240,sa3022255
Max Viera,TOR,CPX,25,69,.413,1.21,31.1%,37.8%,31.1%,14.3%,7.1%,42.2%,31.1%,26.7%,13.8%,87,152,239,sa3077697
Junior Aybar,BAL,CPX,19,65,.326,1.27,20.9%,44.2%,34.9%,20.0%,20.0%,62.2%,20.0%,17.8%,13.4%,81,157,238,sa3021607
Daniel Pena,MIN,CPX,21,74,.200,0.84,10.3%,41.0%,48.7%,26.3%,5.3%,41.0%,20.5%,38.5%,9.8%,108,127,235,sa3018634
Manolfi Jimenez,PHI,CPX,21,84,.231,0.45,23.6%,23.6%,52.7%,31.0%,13.8%,48.2%,25.0%,26.8%,18.5%,71,162,233,sa3018492
Angel Garcia,BAL,CPX,19,71,.271,1.20,29.8%,38.3%,31.9%,13.3%,0.0%,60.4%,18.8%,20.8%,20.3%,78,154,232,sa3024352
Christofer Reyes,NYY,CPX,18,77,.373,2.08,13.0%,58.7%,28.3%,23.1%,0.0%,50.0%,17.4%,32.6%,22.1%,72,154,226,sa3023909
Jose Dickson,DET,CPX,19,52,.318,1.57,18.2%,50.0%,31.8%,0.0%,14.3%,65.2%,17.4%,17.4%,10.7%,101,123,224,sa3023907
Luis Arana,MIA,CPX,18,65,.429,3.00,20.0%,60.0%,20.0%,22.2%,0.0%,39.6%,14.6%,45.8%,5.5%,91,126,217,sa3067767
Jayden Kim,PIT,CPX,19,60,.444,2.33,44.4%,38.9%,16.7%,0.0%,0.0%,33.3%,30.6%,36.1%,12.0%,91,125,216,sa3024293
Adbiel Feliz,PIT,CPX,19,61,.238,3.71,19.5%,63.4%,17.1%,28.6%,0.0%,40.5%,16.7%,42.9%,6.0%,100,115,215,sa3023897
Louis Andujar,BOS,CPX,18,60,.514,0.21,23.7%,13.2%,63.2%,20.8%,12.5%,65.8%,28.9%,5.3%,11.4%,74,136,210,sa3068889
Brady Marget,TBR,CPX,23,66,.408,1.20,31.3%,37.5%,31.3%,20.0%,6.7%,32.0%,24.0%,44.0%,7.8%,80,125,205,sa3025513
Hector Ramos,BOS,CPX,18,52,.276,0.60,14.3%,32.1%,53.6%,20.0%,0.0%,55.2%,6.9%,37.9%,16.2%,79,125,204,sa3067783
Gabriel Flores,PHI,CPX,18,65,.167,1.64,9.4%,56.3%,34.4%,27.3%,9.1%,60.6%,21.2%,18.2%,12.3%,86,118,204,sa3068396
Isael Arias,NYY,CPX,20,56,.194,0.88,16.7%,38.9%,44.4%,25.0%,6.3%,38.9%,33.3%,27.8%,14.9%,74,128,202,sa3023713
Maximus Martin,BOS,CPX,22,48,.632,1.29,23.8%,42.9%,33.3%,0.0%,28.6%,66.7%,19.0%,14.3%,10.2%,94,102,196,sa3037194
Edgardo Figueroa,WSN,CPX,18,51,.182,1.22,4.8%,52.4%,42.9%,66.7%,11.1%,43.5%,30.4%,26.1%,20.9%,79,117,196,sa3067716
Giaconino Lasaracina,TOR,CPX,22,59,.464,1.00,33.3%,33.3%,33.3%,0.0%,60.0%,51.6%,25.8%,22.6%,19.5%,72,123,195,sa3076418
Tre' Morgan,TBR,CPX,23,51,.290,0.81,12.1%,39.4%,48.5%,31.3%,31.3%,48.5%,18.2%,33.3%,11.4%,82,111,193,sa3022919
Fredderick Ovalle,PIT,CPX,19,70,.364,1.11,24.5%,39.6%,35.8%,10.5%,0.0%,31.5%,25.9%,42.6%,7.3%,70,121,191,sa3067718
Deinys Gonzalez,TBR,CPX,19,55,.395,0.72,18.4%,34.2%,47.4%,11.1%,5.6%,52.5%,25.0%,22.5%,11.6%,72,118,190,sa3023774
Felix Cotes,TBR,CPX,20,46,.321,1.88,14.8%,55.6%,29.6%,12.5%,0.0%,35.7%,21.4%,42.9%,4.8%,91,97,188,sa3022053
Angel Brachi,MIA,CPX,19,63,.410,2.83,32.4%,50.0%,17.6%,33.3%,0.0%,29.7%,35.1%,35.1%,10.1%,81,107,188,sa3023784
Cesar Mujica,PHI,CPX,19,53,.250,0.67,31.8%,27.3%,40.9%,33.3%,11.1%,29.2%,37.5%,33.3%,18.6%,73,115,188,sa3023880
Gabriel Rosado,DET,CPX,20,48,.292,1.50,16.7%,50.0%,33.3%,37.5%,12.5%,32.0%,24.0%,44.0%,16.9%,73,110,183,sa3067423
John Estevez,ATL,CPX,20,50,.308,0.91,19.2%,38.5%,42.3%,27.3%,0.0%,50.0%,26.9%,23.1%,13.3%,79,101,180,sa3021287
Matt Fraizer,BOS,CPX,28,45,.250,0.29,14.3%,19.0%,66.7%,7.1%,7.1%,19.0%,28.6%,52.4%,21.7%,77,98,175,sa918983
Scott Mudler,PHI,CPX,23,54,.200,1.00,24.3%,37.8%,37.8%,7.1%,14.3%,36.8%,26.3%,36.8%,7.5%,73,100,173,sa3077723
Pablo Martinez,HOU,CPX,18,46,.357,1.33,22.2%,44.4%,33.3%,55.6%,0.0%,42.9%,21.4%,35.7%,9.4%,81,90,171,sa3067792
Saul Gomez,BAL,CPX,18,47,.296,2.20,33.3%,45.8%,20.8%,0.0%,0.0%,42.9%,32.1%,25.0%,12.0%,58,109,167,sa3024152
Elian Soto,WSN,CPX,20,39,.333,1.17,31.6%,36.8%,31.6%,16.7%,33.3%,55.0%,15.0%,30.0%,11.4%,78,88,166,sa3021228
Noah Myers,TBR,CPX,26,46,.269,0.83,15.4%,38.5%,46.2%,8.3%,8.3%,59.3%,18.5%,22.2%,10.3%,80,85,165,sa3023377
Paulo Asprilla,STL,CPX,20,56,.355,1.71,32.1%,42.9%,25.0%,28.6%,0.0%,41.4%,27.6%,31.0%,22.0%,65,99,164,sa3021859
Yeferson Portolatin,STL,CPX,18,41,.417,0.56,41.7%,20.8%,37.5%,22.2%,0.0%,50.0%,33.3%,16.7%,3.7%,88,74,162,sa3068199
Justin Ramirez,NYM,CPX,21,46,.290,1.20,26.7%,40.0%,33.3%,40.0%,10.0%,37.5%,12.5%,50.0%,9.4%,75,85,160,sa3021324
Walker Janek,HOU,CPX,23,47,.409,0.80,21.7%,34.8%,43.5%,40.0%,30.0%,60.9%,21.7%,17.4%,13.8%,74,86,160,sa3025254
Michael Martinez,ATL,CPX,19,46,.320,0.75,25.0%,32.1%,42.9%,25.0%,33.3%,48.3%,27.6%,24.1%,13.8%,77,82,159,sa3024654
Jose Monzon,TBR,CPX,20,39,.259,2.29,14.8%,59.3%,25.9%,28.6%,0.0%,51.9%,11.1%,37.0%,10.8%,60,97,157,sa3021222
Félix Amparo,BAL,CPX,20,44,.250,2.67,18.5%,59.3%,22.2%,16.7%,0.0%,48.1%,11.1%,40.7%,12.8%,65,91,156,sa3021180
Danandres Colon,DET,CPX,19,42,.435,4.33,27.3%,59.1%,13.6%,33.3%,0.0%,39.1%,17.4%,43.5%,9.0%,70,86,156,sa3076360
Jean Joseph,TOR,CPX,21,40,.238,1.71,20.8%,50.0%,29.2%,14.3%,42.9%,58.3%,8.3%,33.3%,15.9%,70,81,151,sa3018568
Stephen Hrustich,DET,CPX,24,38,.261,0.80,25.0%,33.3%,41.7%,50.0%,10.0%,58.3%,12.5%,29.2%,9.3%,61,89,150,sa3067530
TJayy Walton,PHI,CPX,21,36,.364,1.60,31.6%,42.1%,26.3%,20.0%,0.0%,45.5%,18.2%,36.4%,18.1%,51,98,149,sa3023090
Nolan McCarthy,DET,CPX,24,36,.222,1.00,10.0%,45.0%,45.0%,22.2%,33.3%,33.3%,28.6%,38.1%,14.3%,57,90,147,sa3076053
Enmanuel Bonilla,TOR,CPX,20,42,.261,1.83,10.5%,57.9%,31.6%,33.3%,0.0%,39.1%,39.1%,21.7%,17.1%,57,89,146,sa3020684
Keegan Pieternella,TOR,CPX,18,48,.346,4.50,38.9%,50.0%,11.1%,50.0%,0.0%,35.0%,15.0%,50.0%,17.8%,63,83,146,sa3067848
Elvin Garcia,BAL,CPX,19,42,.483,2.50,27.6%,51.7%,20.7%,0.0%,0.0%,34.5%,20.7%,44.8%,15.2%,52,93,145,sa3024147
Ricardo Pena,MIN,CPX,21,41,.381,2.20,15.8%,57.9%,26.3%,20.0%,0.0%,61.9%,9.5%,28.6%,11.2%,67,76,143,sa3018593
Guillermo Batista,DET,CPX,19,45,.360,1.11,26.9%,38.5%,34.6%,11.1%,11.1%,53.8%,23.1%,23.1%,14.8%,67,75,142,sa3024649
Armstrong Muhoozi,PIT,CPX,18,42,.333,0.90,17.4%,39.1%,43.5%,20.0%,0.0%,29.2%,41.7%,29.2%,18.1%,45,93,138,sa3068185
Brock Tibbitts,TOR,CPX,23,39,.280,0.77,14.8%,37.0%,48.1%,15.4%,23.1%,29.6%,25.9%,44.4%,10.2%,56,81,137,sa3025171
Patrick Lee,DET,CPX,26,33,.538,1.17,18.8%,43.8%,37.5%,0.0%,50.0%,25.0%,43.8%,31.3%,13.3%,62,73,135,sa3023666
Cardell Thibodeaux,ATL,CPX,22,34,.111,4.00,23.1%,61.5%,15.4%,0.0%,0.0%,53.8%,23.1%,23.1%,7.4%,69,66,135,sa3043664
David McCann,NYY,CPX,22,35,.333,0.63,31.6%,26.3%,42.1%,12.5%,50.0%,45.0%,30.0%,25.0%,14.8%,57,78,135,sa3076393
Ricardo Paez,MIN,CPX,19,39,.227,0.13,18.2%,9.1%,72.7%,18.8%,6.3%,39.1%,34.8%,26.1%,20.9%,60,74,134,sa3023961
Maylerson Casanova,PHI,CPX,19,39,.435,1.83,22.7%,50.0%,27.3%,0.0%,0.0%,39.1%,43.5%,17.4%,19.8%,40,91,131,sa3023876
Owen Gregg,TOR,CPX,19,52,.528,1.33,24.3%,43.2%,32.4%,33.3%,8.3%,39.5%,23.7%,36.8%,13.0%,42,89,131,sa3076281
Victor Cardoza,PHI,CPX,20,46,.333,0.87,24.3%,35.1%,40.5%,20.0%,13.3%,47.4%,18.4%,34.2%,14.8%,37,91,128,sa3021230
Juanfel Peguero,TBR,CPX,21,38,.296,18.00,24.0%,72.0%,4.0%,0.0%,0.0%,14.3%,17.9%,67.9%,6.4%,54,71,125,sa3020282
Reylin Perez,HOU,CPX,21,29,.143,0.44,7.1%,28.6%,64.3%,11.1%,0.0%,18.8%,37.5%,43.8%,16.5%,49,72,121,sa3019204
Merphy Hernandez,MIN,CPX,19,36,.316,0.42,10.5%,26.3%,63.2%,25.0%,8.3%,45.0%,25.0%,30.0%,9.9%,63,58,121,sa3023921
Joseph Tailor,MIA,CPX,20,36,.250,3.25,10.5%,68.4%,21.1%,25.0%,25.0%,36.8%,21.1%,42.1%,12.5%,44,76,120,sa3021285
Carlos Tejera,PIT,CPX,17,35,.375,2.75,16.7%,61.1%,22.2%,25.0%,50.0%,66.7%,11.1%,22.2%,10.1%,56,63,119,sa3076555
Luis Fragoza,MIN,CPX,19,36,.364,0.64,18.2%,31.8%,50.0%,18.2%,0.0%,54.5%,27.3%,18.2%,13.8%,41,75,116,sa3023955
Brent Iredale,PIT,CPX,22,35,.412,0.23,15.8%,15.8%,68.4%,15.4%,15.4%,31.6%,26.3%,42.1%,14.7%,48,68,116,sa3059570
Josnaider Orellana,BAL,CPX,21,37,.458,1.00,13.0%,43.5%,43.5%,10.0%,0.0%,34.8%,26.1%,39.1%,7.0%,44,71,115,sa3019404
Everett Cooper III,WSN,CPX,22,34,.261,2.40,22.7%,54.5%,22.7%,40.0%,0.0%,54.5%,18.2%,27.3%,13.0%,46,69,115,sa3020218
Miguel Rodríguez,BAL,CPX,20,29,.200,0.57,8.3%,33.3%,58.3%,28.6%,0.0%,48.0%,20.0%,32.0%,2.6%,46,69,115,sa3021226
Jeremy Rodriguez,NYM,CPX,19,34,.364,2.60,21.7%,56.5%,21.7%,20.0%,20.0%,69.6%,13.0%,17.4%,12.3%,45,69,114,sa3021101
Dean Moss,TBR,CPX,20,31,.333,3.33,18.8%,62.5%,18.8%,33.3%,0.0%,35.3%,23.5%,41.2%,8.8%,51,62,113,sa3069262
Diego Flores,NYY,CPX,19,32,.471,2.33,33.3%,46.7%,20.0%,33.3%,0.0%,56.3%,12.5%,31.3%,12.5%,45,67,112,sa3024641
Aaron Pinero,TBR,CPX,19,33,.190,1.29,23.8%,42.9%,33.3%,42.9%,0.0%,57.1%,19.0%,23.8%,13.6%,41,69,110,sa3023783
Edgardo Villegas,TOR,CPX,23,30,.294,1.00,20.0%,40.0%,40.0%,0.0%,0.0%,37.5%,37.5%,25.0%,8.3%,47,62,109,sa3077668
Cristhian Vaquero,WSN,CPX,21,35,.238,2.67,31.3%,50.0%,18.8%,33.3%,0.0%,64.7%,17.6%,17.6%,22.6%,30,76,106,sa3018403
Alexander Mambel,BOS,CPX,19,28,.533,2.00,35.7%,42.9%,21.4%,0.0%,0.0%,40.0%,13.3%,46.7%,19.4%,36,67,103,sa3023730
Junior Tilien,ATL,CPX,23,28,.333,1.14,16.7%,44.4%,38.9%,28.6%,0.0%,38.9%,22.2%,38.9%,7.8%,48,54,102,sa3015187
Brody Donay,TBR,CPX,22,24,.300,2.50,30.0%,50.0%,20.0%,100.0%,0.0%,70.0%,10.0%,20.0%,17.6%,45,57,102,sa3030451
DJ Newman,HOU,CPX,22,26,.529,1.20,31.3%,37.5%,31.3%,40.0%,0.0%,52.9%,11.8%,35.3%,9.8%,38,64,102,sa3038808
Edwin Díaz,HOU,CPX,30,25,.222,0.38,8.3%,25.0%,66.7%,25.0%,37.5%,41.7%,33.3%,25.0%,19.6%,41,61,102,sa738152
Will Verdung,ATL,CPX,23,23,.231,0.71,7.7%,38.5%,53.8%,28.6%,14.3%,50.0%,7.1%,42.9%,6.1%,43,56,99,sa3022512
Jaxson West,TOR,CPX,22,30,.381,1.33,33.3%,38.1%,28.6%,33.3%,0.0%,42.9%,28.6%,28.6%,6.1%,44,55,99,sa3045032
Fabian Bonilla,BOS,CPX,18,23,.300,1.00,33.3%,33.3%,33.3%,0.0%,0.0%,30.0%,10.0%,60.0%,13.4%,44,53,97,sa3069318
Juan Ortega,BAL,CPX,20,35,.375,1.25,18.2%,45.5%,36.4%,12.5%,12.5%,56.0%,16.0%,28.0%,11.5%,33,63,96,sa3021239
Conor Essenburg,ATL,CPX,19,20,.300,2.00,33.3%,44.4%,22.2%,50.0%,0.0%,40.0%,30.0%,30.0%,10.5%,34,61,95,sa3069281
Carter Gwost,PIT,CPX,19,26,.167,0.67,0.0%,40.0%,60.0%,66.7%,0.0%,50.0%,16.7%,33.3%,18.9%,42,53,95,sa3069309
Pablo Castillo,MIN,CPX,18,32,.450,0.83,45.0%,25.0%,30.0%,33.3%,0.0%,45.0%,35.0%,20.0%,7.4%,41,53,94,sa3068173
Lisandro Sanchez,BAL,CPX,18,21,.167,1.50,16.7%,50.0%,33.3%,50.0%,50.0%,28.6%,28.6%,42.9%,16.1%,41,52,93,sa3067826
Canon Reeder,PIT,CPX,23,19,.250,6.00,25.0%,75.0%,0.0%,0.0%,0.0%,87.5%,0.0%,12.5%,5.6%,45,44,89,sa3040539
Elias Reyno,ATL,CPX,18,32,.429,1.40,29.4%,41.2%,29.4%,20.0%,0.0%,38.9%,22.2%,38.9%,16.9%,37,52,89,sa3067741
Aidan Smith,TBR,CPX,21,28,.200,0.88,21.1%,36.8%,42.1%,37.5%,0.0%,45.0%,10.0%,45.0%,8.0%,40,48,88,sa3022611
Ethan Frey,HOU,CPX,22,22,.538,3.50,25.0%,58.3%,16.7%,0.0%,50.0%,42.9%,35.7%,21.4%,8.0%,37,51,88,sa3031717
Branden Boissiere,WSN,CPX,26,23,.462,6.00,41.7%,50.0%,8.3%,0.0%,100.0%,41.7%,33.3%,25.0%,9.2%,35,52,87,sa3017558
Nazzan Zanetello,BOS,CPX,21,21,.556,0.25,50.0%,10.0%,40.0%,50.0%,25.0%,50.0%,20.0%,30.0%,16.5%,41,44,85,sa3022893
Owen Carapellotti,TOR,CPX,23,21,.273,0.20,40.0%,10.0%,50.0%,40.0%,0.0%,30.0%,50.0%,20.0%,17.9%,36,48,84,sa3076099
Luis Escudero,NYY,CPX,20,25,.250,0.38,15.4%,23.1%,61.5%,12.5%,12.5%,46.2%,15.4%,38.5%,8.6%,37,44,81,sa3021063
Brendan Summerhill,TBR,CPX,22,22,.353,2.50,17.6%,58.8%,23.5%,0.0%,0.0%,55.6%,22.2%,22.2%,4.9%,38,43,81,sa3043325
Jake Cook,TOR,CPX,22,20,.231,0.83,8.3%,41.7%,50.0%,50.0%,0.0%,15.4%,15.4%,69.2%,10.0%,35,45,80,sa3029303
John Cristino,NYY,CPX,26,23,.286,0.60,20.0%,30.0%,50.0%,20.0%,60.0%,90.0%,10.0%,0.0%,16.3%,35,45,80,sa3067467
Hemmanuel Rosario,HOU,CPX,25,20,.308,0.60,27.3%,27.3%,45.5%,80.0%,0.0%,61.5%,7.7%,30.8%,8.9%,35,44,79,sa3005130
Anyelo Encarnación,STL,CPX,22,18,.500,1.00,25.0%,37.5%,37.5%,66.7%,0.0%,50.0%,0.0%,50.0%,14.1%,38,40,78,sa3016157
Gabriel Lara,NYY,CPX,20,24,.375,0.75,22.2%,33.3%,44.4%,25.0%,25.0%,66.7%,11.1%,22.2%,22.1%,31,46,77,sa3021177
Carlos De Sousa,TBR,CPX,20,29,.211,4.50,21.4%,64.3%,14.3%,50.0%,0.0%,46.7%,33.3%,20.0%,28.6%,21,56,77,sa3021240
Woody Hadeen,DET,CPX,23,18,.385,0.40,46.2%,15.4%,38.5%,0.0%,0.0%,53.8%,23.1%,23.1%,9.1%,34,43,77,sa3025602
Sam Shaw,TOR,CPX,21,21,.333,0.13,10.0%,10.0%,80.0%,0.0%,12.5%,60.0%,20.0%,20.0%,6.7%,34,41,75,sa3022889
Juan Sierra,HOU,CPX,20,15,.000,1.00,0.0%,50.0%,50.0%,33.3%,0.0%,71.4%,14.3%,14.3%,13.7%,28,45,73,sa3021146
Jack Penney,DET,CPX,23,20,.333,1.17,18.8%,43.8%,37.5%,0.0%,16.7%,31.3%,25.0%,43.8%,6.8%,33,40,73,sa3025481
Cade Doughty,TOR,CPX,25,16,.333,1.20,15.4%,46.2%,38.5%,0.0%,20.0%,46.2%,15.4%,38.5%,5.6%,27,45,72,sa3020196
Caden Kendle,MIN,CPX,24,21,.188,1.33,12.5%,50.0%,37.5%,0.0%,0.0%,56.3%,25.0%,18.8%,9.7%,22,50,72,sa3025262
Brandon Butterworth,BAL,CPX,23,17,.727,1.25,25.0%,41.7%,33.3%,0.0%,0.0%,30.8%,30.8%,38.5%,6.9%,35,37,72,sa3025264
Trey Snyder,NYM,CPX,20,18,.385,3.00,27.3%,54.5%,18.2%,50.0%,0.0%,36.4%,18.2%,45.5%,6.9%,32,40,72,sa3025611
Owen Carey,ATL,CPX,19,20,.231,1.50,23.1%,46.2%,30.8%,0.0%,0.0%,61.5%,23.1%,15.4%,15.3%,26,46,72,sa3067044
Cesar Hernandez,HOU,CPX,23,21,.231,2.33,16.7%,58.3%,25.0%,0.0%,33.3%,58.3%,8.3%,33.3%,12.9%,30,40,70,sa3023547
Jacob Melton,TBR,CPX,25,16,.556,2.33,0.0%,70.0%,30.0%,0.0%,33.3%,60.0%,10.0%,30.0%,4.3%,36,33,69,31661
Reed Trimble,BAL,CPX,26,21,.429,0.43,16.7%,25.0%,58.3%,42.9%,0.0%,41.7%,33.3%,25.0%,8.7%,28,41,69,sa3017180
Enrique Jimenez,MIN,CPX,20,19,.364,1.00,27.3%,36.4%,36.4%,25.0%,0.0%,36.4%,18.2%,45.5%,10.1%,34,35,69,sa3021091
Luis Puello,NYY,CPX,20,26,.294,1.25,5.3%,52.6%,42.1%,0.0%,25.0%,30.0%,35.0%,35.0%,18.8%,21,48,69,sa3021309
Robbie Burnett,NYY,CPX,23,22,.364,0.40,36.4%,18.2%,45.5%,20.0%,60.0%,58.3%,16.7%,25.0%,7.2%,33,36,69,sa3069072
Jake Rucker,MIN,CPX,26,19,.600,0.29,18.2%,18.2%,63.6%,14.3%,14.3%,54.5%,27.3%,18.2%,1.5%,39,29,68,sa3017757
Michell Ojeda,PIT,CPX,19,23,.308,1.50,28.6%,42.9%,28.6%,25.0%,25.0%,57.1%,14.3%,28.6%,8.8%,26,42,68,sa3023737
Erick Brito,PHI,CPX,24,16,.250,0.67,9.1%,36.4%,54.5%,66.7%,0.0%,41.7%,33.3%,25.0%,7.5%,30,37,67,sa3011753
Bryan Acuña,MIN,CPX,20,19,.231,1.75,8.3%,58.3%,33.3%,50.0%,0.0%,46.2%,23.1%,30.8%,17.9%,24,43,67,sa3018427
Jose Monserrate,MIA,CPX,21,18,.700,2.33,0.0%,70.0%,30.0%,100.0%,0.0%,50.0%,10.0%,40.0%,13.6%,27,39,66,sa3018646
Kevin Robledo,MIA,CPX,19,14,.250,3.00,33.3%,50.0%,16.7%,0.0%,0.0%,85.7%,0.0%,14.3%,13.6%,24,42,66,sa3024360
Mathieu Vallee,TOR,CPX,25,22,.313,3.50,10.0%,70.0%,20.0%,0.0%,0.0%,46.2%,15.4%,38.5%,7.6%,26,40,66,sa3076098
Sandro Pereira,HOU,CPX,20,19,.222,7.00,22.2%,77.8%,0.0%,0.0%,0.0%,25.0%,33.3%,41.7%,3.1%,35,30,65,sa3021140
Jeremy Almonte,MIA,CPX,20,19,.133,1.80,6.7%,60.0%,33.3%,20.0%,0.0%,46.7%,13.3%,40.0%,18.5%,22,43,65,sa3021632
Jorwin Pulido,ATL,CPX,17,24,.500,3.00,0.0%,75.0%,25.0%,0.0%,0.0%,50.0%,12.5%,37.5%,12.3%,31,34,65,sa3076639
Grae Kessinger,NYM,CPX,28,14,.200,1.50,16.7%,50.0%,33.3%,0.0%,50.0%,33.3%,50.0%,16.7%,7.8%,35,29,64,25813
Waner Luciano,HOU,CPX,21,16,.333,4.00,42.9%,57.1%,0.0%,0.0%,100.0%,66.7%,11.1%,22.2%,3.1%,32,32,64,sa3018501
Manuel Cabrera,WSN,CPX,20,16,.333,0.80,10.0%,40.0%,50.0%,40.0%,20.0%,60.0%,10.0%,30.0%,15.6%,20,44,64,sa3021096
Yasmil Bucce,BAL,CPX,21,14,.625,1.33,12.5%,50.0%,37.5%,33.3%,0.0%,37.5%,12.5%,50.0%,9.5%,29,34,63,sa3015739
Alex Birge,STL,CPX,23,12,.500,1.00,50.0%,50.0%,0.0%,0.0%,0.0%,50.0%,50.0%,0.0%,9.5%,31,32,63,sa3069174
Taitn Gray,TBR,CPX,18,20,.385,0.50,35.7%,21.4%,42.9%,50.0%,16.7%,50.0%,21.4%,28.6%,25.4%,21,42,63,sa3069266
Ryan Cermak,TBR,CPX,25,19,.667,1.00,11.1%,44.4%,44.4%,0.0%,75.0%,55.6%,44.4%,0.0%,22.6%,32,30,62,sa3020204
Slater de Brun,TBR,CPX,19,21,.583,1.00,16.7%,41.7%,41.7%,0.0%,0.0%,33.3%,41.7%,25.0%,4.8%,30,32,62,sa3069257
Randy Guzman,NYM,CPX,21,15,.400,1.00,33.3%,33.3%,33.3%,100.0%,0.0%,50.0%,25.0%,25.0%,26.2%,24,37,61,sa3021106
Alberto Hernandez,HOU,CPX,22,12,.250,0.40,22.2%,22.2%,55.6%,60.0%,20.0%,55.6%,33.3%,11.1%,5.0%,26,34,60,sa3018582
Cobb Hightower,BAL,CPX,21,16,.333,1.20,21.4%,42.9%,35.7%,0.0%,40.0%,14.3%,57.1%,28.6%,5.0%,20,40,60,sa3066025
Haritzon Castillo,MIN,CPX,18,21,.250,0.75,12.5%,37.5%,50.0%,25.0%,0.0%,37.5%,50.0%,12.5%,31.7%,22,38,60,sa3067692
Logan Driscoll,TBR,CPX,28,18,.625,0.50,14.3%,28.6%,57.1%,0.0%,0.0%,50.0%,12.5%,37.5%,1.7%,43,16,59,25475
Jeron Williams,HOU,CPX,25,18,.417,7.00,36.4%,63.6%,0.0%,0.0%,0.0%,33.3%,33.3%,33.3%,10.2%,21,38,59,sa3022566
Rafael Flores,TOR,CPX,19,16,.333,1.67,33.3%,41.7%,25.0%,66.7%,0.0%,41.7%,8.3%,50.0%,11.9%,23,36,59,sa3023915
Geovanny Planchart,TOR,CPX,24,13,.333,0.00,75.0%,0.0%,25.0%,0.0%,0.0%,25.0%,75.0%,0.0%,6.9%,23,35,58,sa3009334
Ismael Munguia,TOR,CPX,27,16,.375,3.00,50.0%,37.5%,12.5%,0.0%,0.0%,50.0%,37.5%,12.5%,8.6%,26,32,58,sa917132
Will Robertson,BAL,CPX,28,16,.222,0.75,22.2%,33.3%,44.4%,50.0%,0.0%,44.4%,11.1%,44.4%,5.3%,29,28,57,25467
Jorgelys Mota,WSN,CPX,21,15,.571,0.67,37.5%,25.0%,37.5%,0.0%,33.3%,37.5%,37.5%,25.0%,19.6%,24,32,56,sa3019465
Michael Dattalo,STL,CPX,22,15,.273,0.75,36.4%,27.3%,36.4%,0.0%,25.0%,50.0%,33.3%,16.7%,7.1%,18,38,56,sa3029852
Yairo Padilla,STL,CPX,19,13,.429,2.00,25.0%,50.0%,25.0%,50.0%,50.0%,62.5%,0.0%,37.5%,14.5%,25,30,55,sa3023925
C.J. Stubbs,TOR,CPX,29,16,.333,0.40,30.0%,20.0%,50.0%,20.0%,40.0%,45.5%,27.3%,27.3%,25.9%,14,40,54,25814
Brandon Forrester,HOU,CPX,22,15,.636,1.67,20.0%,50.0%,30.0%,0.0%,0.0%,18.2%,45.5%,36.4%,5.6%,24,30,54,sa3069109
Newremberg Rondon,DET,CPX,22,21,.278,1.17,23.5%,41.2%,35.3%,50.0%,0.0%,55.6%,22.2%,22.2%,15.1%,17,36,53,sa3015653
Dashyll Tejeda,WSN,CPX,20,11,.222,0.75,22.2%,33.3%,44.4%,75.0%,0.0%,44.4%,22.2%,33.3%,7.5%,21,32,53,sa3021315
Nixon Chirinos,MIA,CPX,20,17,.333,1.67,11.1%,55.6%,33.3%,33.3%,0.0%,55.6%,22.2%,22.2%,24.5%,16,37,53,sa3022164
Austin Overn,TBR,CPX,23,13,.222,0.17,22.2%,11.1%,66.7%,16.7%,0.0%,22.2%,55.6%,22.2%,7.7%,26,26,52,sa3025408
Luis Almeyda,BAL,CPX,20,13,.200,1.33,30.0%,40.0%,30.0%,33.3%,0.0%,30.0%,20.0%,50.0%,4.0%,18,32,50,sa3021081
Raider Tello,PHI,CPX,25,12,.333,1.33,22.2%,44.4%,33.3%,33.3%,0.0%,44.4%,44.4%,11.1%,8.0%,25,25,50,sa3025453
Chris Lopez,STL,CPX,21,14,.222,1.00,11.1%,44.4%,44.4%,25.0%,0.0%,55.6%,22.2%,22.2%,8.2%,18,31,49,sa3021648
Rey Cruz,PHI,CPX,18,18,.500,2.00,25.0%,50.0%,25.0%,50.0%,0.0%,0.0%,37.5%,62.5%,10.2%,18,31,49,sa3068244
Mike Tauchman,NYM,CPX,35,12,.000,0.00,75.0%,0.0%,25.0%,0.0%,0.0%,0.0%,75.0%,25.0%,4.2%,26,22,48,15274
Tai Peete,STL,CPX,20,12,.000,3.00,20.0%,60.0%,20.0%,0.0%,0.0%,40.0%,0.0%,60.0%,8.3%,19,29,48,sa3022966
Ha-Seong Kim,ATL,CPX,30,9,.333,0.50,25.0%,25.0%,50.0%,50.0%,50.0%,75.0%,25.0%,0.0%,6.4%,22,25,47,27506
Hedbert Perez,TOR,CPX,23,14,.500,0.75,22.2%,33.3%,44.4%,0.0%,75.0%,55.6%,22.2%,22.2%,15.2%,14,32,46,sa3014692
Nick Monistere,HOU,CPX,22,12,.400,0.75,30.0%,30.0%,40.0%,50.0%,0.0%,50.0%,10.0%,40.0%,8.7%,18,28,46,sa3038233
Jacob Reimer,NYM,CPX,22,10,.400,0.50,0.0%,33.3%,66.7%,50.0%,25.0%,83.3%,0.0%,16.7%,4.4%,22,23,45,sa3020416
Jack Lines,TBR,CPX,20,13,.000,0.00,33.3%,0.0%,66.7%,50.0%,0.0%,66.7%,0.0%,33.3%,6.7%,28,17,45,sa3066763
Brailer Guerrero,TBR,CPX,20,12,.500,2.00,50.0%,33.3%,16.7%,0.0%,0.0%,33.3%,33.3%,33.3%,27.3%,21,23,44,sa3021072
Carlos Rondon,NYY,CPX,20,12,.000,1.00,50.0%,50.0%,0.0%,0.0%,0.0%,66.7%,33.3%,0.0%,32.6%,13,30,43,sa3024634
Andrew Tess,BAL,CPX,19,8,.000,1.00,0.0%,100.0%,0.0%,0.0%,0.0%,100.0%,0.0%,0.0%,9.5%,19,23,42,sa3067325
Andrew McCutchen,ATL,CPX,39,14,.111,5.00,14.3%,71.4%,14.3%,0.0%,0.0%,57.1%,42.9%,0.0%,12.5%,17,23,40,9847
Gavin Dugas,WSN,CPX,26,7,.000,0.00,0.0%,0.0%,100.0%,0.0%,0.0%,0.0%,100.0%,0.0%,7.5%,20,20,40,sa3022667
Ian Petrutz,STL,CPX,23,8,.250,0.50,25.0%,25.0%,50.0%,0.0%,0.0%,75.0%,0.0%,25.0%,7.5%,22,18,40,sa3025159
Conrad Cason,BOS,CPX,19,16,.200,1.25,25.0%,41.7%,33.3%,25.0%,50.0%,16.7%,33.3%,50.0%,17.5%,13,27,40,sa3067316
Jake Casey,TOR,CPX,23,11,.000,0.00,0.0%,0.0%,100.0%,0.0%,20.0%,0.0%,60.0%,40.0%,15.4%,18,21,39,sa3028574
Edwin Sanchez,HOU,CPX,21,10,.667,0.00,100.0%,0.0%,0.0%,0.0%,0.0%,33.3%,33.3%,33.3%,28.9%,17,21,38,sa3018438
Luis Sanchez,ATL,CPX,22,10,.571,0.67,28.6%,28.6%,42.9%,33.3%,0.0%,28.6%,57.1%,14.3%,2.6%,12,26,38,sa3018578
Dax Kilby,NYY,CPX,19,10,.000,0.33,20.0%,20.0%,60.0%,33.3%,0.0%,0.0%,40.0%,60.0%,13.2%,14,24,38,sa3069080
Ronald Acuña Jr.,ATL,CPX,28,9,.000,0.00,0.0%,0.0%,100.0%,0.0%,33.3%,40.0%,40.0%,20.0%,8.1%,15,22,37,18401
Mitch Jebb,PIT,CPX,24,12,.222,0.75,22.2%,33.3%,44.4%,25.0%,0.0%,22.2%,33.3%,44.4%,2.9%,10,24,34,sa3022565
Alexi Quiroz,HOU,CPX,19,7,.500,3.00,50.0%,50.0%,0.0%,0.0%,0.0%,57.1%,0.0%,42.9%,8.8%,12,22,34,sa3024119
Lucas Spence,HOU,CPX,23,9,.000,1.00,20.0%,40.0%,40.0%,0.0%,50.0%,25.0%,50.0%,25.0%,15.2%,15,18,33,35126
Josue Briceño,DET,CPX,21,9,.125,0.40,12.5%,25.0%,62.5%,80.0%,0.0%,12.5%,25.0%,62.5%,6.1%,12,21,33,sa3018584
Douglas Hodo III,BAL,CPX,25,7,.250,0.50,25.0%,25.0%,50.0%,100.0%,0.0%,25.0%,0.0%,75.0%,9.1%,12,21,33,sa3020614
Arjun Nimmala,TOR,CPX,20,9,.333,0.00,40.0%,0.0%,60.0%,0.0%,0.0%,33.3%,50.0%,16.7%,6.1%,13,20,33,sa3022892
Alan Roden,MIN,CPX,26,8,.667,2.00,0.0%,66.7%,33.3%,0.0%,0.0%,66.7%,0.0%,33.3%,6.3%,22,10,32,31564
Alexis Hernandez,TOR,CPX,23,8,.333,0.33,33.3%,16.7%,50.0%,33.3%,0.0%,33.3%,50.0%,16.7%,12.5%,10,22,32,sa3015642
Alex Stone,TOR,CPX,24,14,.273,0.60,33.3%,25.0%,41.7%,0.0%,20.0%,33.3%,33.3%,33.3%,6.3%,11,21,32,sa3025480
Sam Robertson,NYM,CPX,21,6,.000,0.00,0.0%,0.0%,0.0%,0.0%,0.0%,,,,12.5%,16,16,32,sa3069014
Charlie Saum,TOR,CPX,22,10,.000,1.00,0.0%,50.0%,50.0%,0.0%,0.0%,66.7%,0.0%,33.3%,37.5%,9,23,32,sa3076096
Adrian Santana,TBR,CPX,20,13,.231,1.00,23.1%,38.5%,38.5%,20.0%,0.0%,53.8%,7.7%,38.5%,3.2%,10,21,31,sa3022890
Payton Eeles,BAL,CPX,26,6,.250,2.00,25.0%,50.0%,25.0%,0.0%,0.0%,50.0%,25.0%,25.0%,16.7%,13,17,30,sa3023622
Matthew Miura,STL,CPX,22,12,.286,1.50,0.0%,60.0%,40.0%,0.0%,0.0%,40.0%,40.0%,20.0%,3.3%,15,15,30,sa3038183
Deniel Ortiz,STL,CPX,21,7,.429,2.00,14.3%,57.1%,28.6%,0.0%,0.0%,85.7%,0.0%,14.3%,3.3%,12,18,30,sa3066597
Roberto Campos,DET,CPX,23,9,.250,0.00,25.0%,0.0%,75.0%,33.3%,0.0%,75.0%,0.0%,25.0%,3.4%,18,11,29,sa3014683
Marco Vargas,NYM,CPX,21,7,.200,0.33,20.0%,20.0%,60.0%,33.3%,0.0%,40.0%,20.0%,40.0%,10.3%,11,18,29,sa3018632
AJ Salgado,NYM,CPX,24,8,.200,2.00,40.0%,40.0%,20.0%,100.0%,0.0%,20.0%,40.0%,40.0%,10.3%,12,17,29,sa3069033
Juan Rosas,TOR,CPX,20,9,.333,0.50,0.0%,33.3%,66.7%,50.0%,0.0%,66.7%,0.0%,33.3%,14.3%,6,22,28,sa3021125
Chase Davis,STL,CPX,24,7,.000,3.00,0.0%,75.0%,25.0%,0.0%,0.0%,25.0%,25.0%,50.0%,14.3%,13,15,28,sa3022426
Eloy Jiménez,TOR,CPX,29,9,.125,0.60,0.0%,37.5%,62.5%,20.0%,0.0%,37.5%,12.5%,50.0%,3.7%,9,18,27,17484
Narbe Cruz,HOU,CPX,25,6,.000,0.00,0.0%,0.0%,100.0%,100.0%,0.0%,100.0%,0.0%,0.0%,18.5%,14,13,27,sa3015205
Daz Cameron,TOR,CPX,29,8,.500,1.00,33.3%,33.3%,33.3%,0.0%,0.0%,33.3%,50.0%,16.7%,15.4%,7,19,26,18353
Franyerber Montilla,DET,CPX,21,6,.000,0.00,0.0%,0.0%,100.0%,0.0%,0.0%,0.0%,100.0%,0.0%,3.8%,17,9,26,sa3018580
Tony Blanco Jr.,PIT,CPX,21,8,.500,2.00,0.0%,100.0%,0.0%,0.0%,0.0%,100.0%,0.0%,0.0%,34.6%,9,17,26,sa3019722
Givian Sirvania,BOS,CPX,18,10,.400,3.00,20.0%,60.0%,20.0%,0.0%,0.0%,60.0%,20.0%,20.0%,38.5%,4,22,26,sa3023765
Yunior Amparo,NYM,CPX,19,11,.286,0.33,20.0%,20.0%,60.0%,66.7%,0.0%,62.5%,0.0%,37.5%,15.4%,7,19,26,sa3068395
Elijah Farley,HOU,CPX,20,5,.000,0.00,0.0%,0.0%,0.0%,0.0%,0.0%,,,,30.8%,12,14,26,sa3069300
D'Andre Smith,NYM,CPX,25,6,.400,2.00,40.0%,40.0%,20.0%,0.0%,0.0%,60.0%,20.0%,20.0%,16.7%,9,15,24,sa3020536
Sam Praytor,MIA,CPX,27,7,.000,0.25,16.7%,16.7%,66.7%,0.0%,25.0%,66.7%,16.7%,16.7%,4.3%,8,15,23,sa3017151
George Lombard Jr.,NYY,CPX,21,6,.000,0.00,0.0%,0.0%,100.0%,0.0%,66.7%,66.7%,33.3%,0.0%,4.3%,14,9,23,sa3023233
Braden Shewmake,HOU,CPX,28,8,.500,2.00,40.0%,40.0%,20.0%,0.0%,0.0%,50.0%,0.0%,50.0%,9.1%,10,12,22,25817
Jack Brannigan,PIT,CPX,25,6,.000,0.00,33.3%,0.0%,66.7%,50.0%,50.0%,100.0%,0.0%,0.0%,0.0%,14,8,22,31471
Boston Baro,NYM,CPX,21,5,1.000,3.00,25.0%,75.0%,0.0%,0.0%,0.0%,75.0%,25.0%,0.0%,13.6%,8,14,22,sa3022962
Tommy Pham,PHI,CPX,38,7,.667,0.50,25.0%,25.0%,50.0%,0.0%,50.0%,75.0%,25.0%,0.0%,9.5%,12,9,21,2967
Justin Barry,BOS,CPX,19,4,.000,0.00,0.0%,0.0%,100.0%,33.3%,0.0%,33.3%,33.3%,33.3%,9.5%,10,11,21,sa3023716
Jesus Castillo,PIT,CPX,22,11,.300,1.50,50.0%,30.0%,20.0%,0.0%,0.0%,60.0%,30.0%,10.0%,10.5%,7,12,19,sa3015587
Jhonkensy Noel,BAL,CPX,24,4,.667,1.00,33.3%,33.3%,33.3%,0.0%,0.0%,33.3%,0.0%,66.7%,0.0%,7,11,18,24257
Lenyn Sosa,TOR,CPX,26,3,.000,0.00,0.0%,0.0%,100.0%,0.0%,0.0%,0.0%,100.0%,0.0%,12.5%,5,11,16,22896
Dominic Fletcher,PIT,CPX,28,4,.000,1.00,33.3%,33.3%,33.3%,0.0%,0.0%,66.7%,33.3%,0.0%,13.3%,5,10,15,26149
Eddinson Paulino,NYM,CPX,23,4,.500,2.00,0.0%,100.0%,0.0%,0.0%,0.0%,100.0%,0.0%,0.0%,13.3%,7,8,15,sa3009538
Camilo Diaz,HOU,CPX,20,3,.000,0.00,0.0%,0.0%,0.0%,0.0%,0.0%,,,,13.3%,7,8,15,sa3021074
Jesús Sánchez,TOR,CPX,28,3,.333,0.00,33.3%,0.0%,66.7%,50.0%,0.0%,0.0%,33.3%,66.7%,0.0%,4,9,13,19913
Cole Mathis,NYM,CPX,22,3,.000,1.00,0.0%,50.0%,50.0%,0.0%,0.0%,0.0%,100.0%,0.0%,0.0%,6,7,13,sa3037300
Jake Fraley,TBR,CPX,31,3,.000,0.00,0.0%,0.0%,100.0%,0.0%,0.0%,66.7%,0.0%,33.3%,0.0%,5,7,12,19260
Carlos Santana,ATL,CPX,40,4,.333,2.00,0.0%,100.0%,0.0%,0.0%,0.0%,100.0%,0.0%,0.0%,0.0%,7,5,12,2396
James Quinn-Irons,TBR,CPX,23,3,1.000,0.00,0.0%,0.0%,100.0%,100.0%,0.0%,0.0%,0.0%,100.0%,8.3%,4,8,12,sa3040344
Tommy Pham,BAL,CPX,38,2,.000,0.00,0.0%,0.0%,0.0%,0.0%,0.0%,,,,18.2%,7,4,11,2967
Edward Duran,TOR,CPX,22,3,.000,1.00,0.0%,100.0%,0.0%,0.0%,0.0%,0.0%,0.0%,100.0%,36.4%,3,8,11,sa3016719
Gleyber Torres,DET,CPX,29,3,.500,1.00,50.0%,50.0%,0.0%,0.0%,0.0%,50.0%,0.0%,50.0%,0.0%,1,9,10,16997
Ariel Lebron,HOU,CPX,21,3,.000,0.00,0.0%,0.0%,100.0%,0.0%,0.0%,0.0%,100.0%,0.0%,40.0%,4,6,10,sa3021623
Edward Guribe,STL,CPX,19,4,.667,1.00,66.7%,33.3%,0.0%,0.0%,0.0%,100.0%,0.0%,0.0%,10.0%,3,7,10,sa3024799
Andy Ibáñez,NYM,CPX,33,2,.000,1.00,0.0%,50.0%,50.0%,0.0%,0.0%,50.0%,50.0%,0.0%,0.0%,5,4,9,18819
Jackson Hauge,NYM,CPX,25,2,.000,0.00,0.0%,0.0%,0.0%,0.0%,0.0%,,,,25.0%,5,3,8,sa3076547
Alejandro Urias,NYM,CPX,24,3,.500,1.00,50.0%,50.0%,0.0%,0.0%,0.0%,100.0%,0.0%,0.0%,0.0%,4,4,8,sa3077860
Javier Rivas,PIT,CPX,23,3,.000,0.00,0.0%,0.0%,100.0%,100.0%,0.0%,0.0%,0.0%,100.0%,85.7%,0,7,7,sa3015589
Omar Alfonzo,PIT,CPX,22,2,.000,0.00,0.0%,0.0%,100.0%,100.0%,0.0%,100.0%,0.0%,0.0%,14.3%,3,4,7,sa3015665
Pedro León,PHI,CPX,28,4,.250,0.33,0.0%,25.0%,75.0%,66.7%,0.0%,50.0%,0.0%,50.0%,0.0%,0,4,4,27781
Jared Jones,PIT,CPX,22,2,.000,0.00,0.0%,0.0%,100.0%,0.0%,0.0%,0.0%,100.0%,0.0%,75.0%,0,4,4,sa3034881
Kevin Verde,NYY,CPX,20,1,.000,0.00,100.0%,0.0%,0.0%,0.0%,0.0%,100.0%,0.0%,0.0%,33.3%,0,3,3,sa3021326
Fermin Magallanes,BAL,CPX,24,0,.000,0.00,0.0%,0.0%,100.0%,0.0%,0.0%,0.0%,100.0%,0.0%,0.0%,1,2,3,sa3021544
Austin Green,NYY,CPX,24,3,.333,0.00,50.0%,0.0%,50.0%,0.0%,0.0%,33.3%,0.0%,66.7%,0.0%,0,3,3,sa3025258
Logan Maxwell,NYY,CPX,23,3,.667,1.00,33.3%,33.3%,33.3%,0.0%,0.0%,66.7%,0.0%,33.3%,0.0%,0,3,3,sa3076050
