Name,Team,Level,Age,G,AB,PA,H,1B,2B,3B,HR,R,RBI,BB,IBB,SO,HBP,SF,SH,GDP,SB,CS,AVG,PlayerId
Boston Baro,NYM,CPX,21,2,5,5,4,4,0,0,0,0,2,0,0,1,0,0,0,0,0,0,.800,sa3022962
Tommy Pham,PHI,CPX,38,2,4,7,3,1,1,0,1,3,2,2,0,1,0,1,0,0,0,0,.750,2967
George Lombard Jr.,NYY,CPX,21,2,3,6,2,0,0,0,2,3,2,3,0,0,0,0,0,0,0,1,.667,sa3023233
Edward Guribe,STL,CPX,19,1,3,4,2,2,0,0,0,1,0,0,0,0,1,0,0,0,0,0,.667,sa3024799
Brandon Butterworth,BAL,CPX,23,4,12,17,8,6,1,1,0,5,7,5,0,1,0,0,0,0,2,1,.667,sa3025264
Logan Maxwell,NYY,CPX,23,1,3,3,2,2,0,0,0,2,0,0,0,0,0,0,0,0,1,0,.667,sa3076050
Jake Rucker,MIN,CPX,26,5,12,19,7,4,1,1,1,7,6,6,0,1,1,0,0,0,3,0,.583,sa3017757
Logan Driscoll,TBR,CPX,28,4,9,18,5,4,1,0,0,6,2,9,0,1,0,0,0,0,0,0,.556,25475
Jacob Melton,TBR,CPX,25,5,11,16,6,5,0,0,1,5,3,3,0,1,1,0,0,0,2,0,.545,31661
Ryan Cermak,TBR,CPX,25,5,13,19,7,4,0,0,3,8,5,3,0,4,3,0,0,0,2,1,.538,sa3020204
Brandon Forrester,HOU,CPX,22,4,13,15,7,4,2,1,0,7,5,2,0,2,0,0,0,1,5,0,.538,sa3069109
Jhonkensy Noel,BAL,CPX,24,1,4,4,2,2,0,0,0,1,0,0,0,1,0,0,0,0,0,0,.500,24257
Braden Shewmake,HOU,CPX,28,2,6,8,3,1,2,0,0,2,1,1,0,0,1,0,0,0,1,0,.500,25817
Alan Roden,MIN,CPX,26,2,4,8,2,1,1,0,0,1,1,4,0,1,0,0,0,0,1,0,.500,31564
Deniel Ortiz,STL,CPX,21,2,6,7,3,2,1,0,0,1,1,0,0,0,0,1,0,0,2,0,.500,sa3066597
Alejandro Urias,NYM,CPX,24,1,2,3,1,1,0,0,0,0,0,1,0,0,0,0,0,0,0,0,.500,sa3077860
Ethan Frey,HOU,CPX,22,6,17,22,8,6,1,0,1,4,8,4,0,4,0,1,0,0,0,0,.471,sa3031717
Jose Monserrate,MIA,CPX,21,8,15,18,7,7,0,0,0,2,0,3,0,5,0,0,0,0,2,2,.467,sa3018646
Hedbert Perez,TOR,CPX,23,4,13,14,6,3,0,0,3,3,10,0,0,4,1,0,0,1,0,0,.462,sa3014692
Yasmil Bucce,BAL,CPX,21,4,11,14,5,4,1,0,0,2,0,2,0,3,1,0,0,0,0,0,.455,sa3015739
Slater de Brun,TBR,CPX,19,5,16,21,7,5,2,0,0,5,4,4,0,4,1,0,0,0,2,0,.438,sa3069257
Owen Gregg,TOR,CPX,19,16,46,52,20,15,3,1,1,16,11,4,0,9,1,0,1,2,3,0,.435,sa3076281
Jacob Reimer,NYM,CPX,22,3,7,10,3,2,0,0,1,1,2,2,0,1,1,0,0,0,0,0,.429,sa3020416
Alexi Quiroz,HOU,CPX,19,4,7,7,3,0,3,0,0,2,5,0,0,1,0,0,0,2,0,0,.429,sa3024119
Franklin Primera,BOS,CPX,19,32,103,134,44,30,6,0,8,30,29,22,0,13,7,1,0,1,4,1,.427,sa3067709
Jorgelys Mota,WSN,CPX,21,5,12,15,5,3,1,0,1,1,6,1,0,5,1,1,0,0,2,0,.417,sa3019465
Josueth Quinonez,DET,CPX,19,31,68,84,28,25,3,0,0,12,14,12,0,10,2,1,0,2,3,2,.412,sa3023882
Louis Andujar,BOS,CPX,18,15,52,60,21,10,8,0,3,14,12,7,0,14,1,0,0,0,6,1,.404,sa3068889
Luis Sanchez,ATL,CPX,22,3,10,10,4,3,1,0,0,1,3,0,0,3,0,0,0,0,1,2,.400,sa3018578
D'Andre Smith,NYM,CPX,25,2,5,6,2,0,2,0,0,1,1,0,0,1,0,1,0,0,0,0,.400,sa3020536
Arjun Nimmala,TOR,CPX,20,3,5,9,2,2,0,0,0,2,2,1,0,1,1,2,0,0,0,0,.400,sa3022892
Nazzan Zanetello,BOS,CPX,21,5,15,21,6,3,2,0,1,6,4,6,0,5,0,0,0,0,5,0,.400,sa3022893
Patrick Lee,DET,CPX,26,9,25,33,10,4,2,1,3,8,11,7,0,10,0,1,0,0,1,0,.400,sa3023666
Yairo Padilla,STL,CPX,19,4,10,13,4,2,1,0,1,4,4,3,0,2,0,0,0,0,0,0,.400,sa3023925
Cobb Hightower,BAL,CPX,21,4,15,16,6,3,1,0,2,4,7,1,0,1,0,0,0,0,0,0,.400,sa3066025
Josnaider Orellana,BAL,CPX,21,23,28,37,11,10,1,0,0,4,6,6,0,6,0,2,1,1,0,0,.393,sa3019404
DJ Newman,HOU,CPX,22,9,23,26,9,5,4,0,0,5,5,2,0,6,1,0,0,0,1,1,.391,sa3038808
Luis De Leon,HOU,CPX,19,38,118,141,46,34,8,0,4,27,23,21,0,16,1,1,0,4,5,1,.390,sa3067652
Luis Arana,MIA,CPX,18,17,54,65,21,19,1,1,0,11,5,9,0,6,1,1,0,0,14,3,.389,sa3067767
Jorwin Pulido,ATL,CPX,17,6,18,24,7,4,3,0,0,4,1,3,0,4,3,0,0,1,2,2,.389,sa3076639
Rey Cruz,PHI,CPX,18,6,13,18,5,4,1,0,0,5,3,5,0,3,0,0,0,0,1,0,.385,sa3068244
Brady Marget,TBR,CPX,23,16,55,66,21,16,4,0,1,13,16,8,0,6,2,1,0,0,0,0,.382,sa3025513
Maximus Martin,BOS,CPX,22,11,37,48,14,9,3,0,2,13,9,10,0,16,1,0,0,0,0,0,.378,sa3037194
Daz Cameron,TOR,CPX,29,2,8,8,3,1,2,0,0,2,0,0,0,2,0,0,0,1,1,0,.375,18353
Reed Trimble,BAL,CPX,26,6,16,21,6,4,2,0,0,4,5,3,0,3,1,1,0,0,0,0,.375,sa3017180
Michael Martinez,ATL,CPX,19,11,32,46,12,7,1,0,4,10,10,10,0,5,2,2,0,1,2,1,.375,sa3024654
Yeferson Portolatin,STL,CPX,18,10,27,41,10,9,1,0,0,10,1,14,0,3,0,0,0,0,4,1,.370,sa3068199
Branden Boissiere,WSN,CPX,26,7,19,23,7,4,2,0,1,5,4,4,0,5,0,0,0,1,0,0,.368,sa3017558
Elvin Garcia,BAL,CPX,19,12,38,42,14,12,2,0,0,8,3,3,0,9,1,0,0,1,0,0,.368,sa3024147
Robbie Burnett,NYY,CPX,23,6,19,22,7,2,2,0,3,7,6,2,0,5,1,0,0,0,0,0,.368,sa3069072
Giaconino Lasaracina,TOR,CPX,22,14,52,59,19,9,4,0,6,13,20,7,0,18,0,0,0,1,1,0,.365,sa3076418
Jaxson West,TOR,CPX,22,7,22,30,8,8,0,0,0,7,1,6,0,1,2,0,0,0,1,1,.364,sa3045032
Wilberson De Pena,NYY,CPX,19,56,226,248,81,43,20,2,16,46,67,17,0,49,4,1,0,2,23,7,.358,sa3025019
C.J. Stubbs,TOR,CPX,29,4,14,16,5,2,1,0,2,4,7,1,0,4,0,1,0,0,0,0,.357,25814
Woody Hadeen,DET,CPX,23,5,14,18,5,4,1,0,0,6,3,3,0,1,1,0,0,0,2,0,.357,sa3025602
Jaiden Lo Re,BAL,CPX,19,20,65,76,23,19,2,1,1,9,14,9,0,6,0,2,0,0,7,2,.354,sa3069280
Walker Janek,HOU,CPX,23,12,34,47,12,6,3,0,3,14,11,10,0,10,2,1,0,0,5,0,.353,sa3025254
Edgardo De Leon,MIA,CPX,19,22,57,76,20,11,5,0,4,17,20,15,0,14,1,3,0,2,7,1,.351,sa3024339
Victor Cardoza,PHI,CPX,20,11,40,46,14,11,0,1,2,4,13,3,0,5,0,3,0,0,0,1,.350,sa3021230
Deinys Gonzalez,TBR,CPX,19,15,46,55,16,10,5,0,1,9,7,4,0,9,3,2,0,1,2,0,.348,sa3023774
Juan Ortega,BAL,CPX,20,10,29,35,10,7,2,0,1,4,7,2,0,5,2,1,1,0,1,1,.345,sa3021239
Fredderick Ovalle,PIT,CPX,19,19,58,70,20,17,2,1,0,7,9,7,0,6,2,3,0,0,10,2,.345,sa3067718
Ronald Ramirez,DET,CPX,19,32,91,105,31,23,3,2,3,16,15,12,0,24,0,2,0,2,10,0,.341,sa3024368
Max Viera,TOR,CPX,25,19,59,69,20,12,5,2,1,15,12,8,0,13,1,1,0,2,7,0,.339,sa3077697
Gleyber Torres,DET,CPX,29,1,3,3,1,0,1,0,0,0,1,0,0,1,0,0,0,0,0,0,.333,16997
Jesús Sánchez,TOR,CPX,28,1,3,3,1,1,0,0,0,0,0,0,0,0,0,0,0,0,0,1,.333,19913
Carlos Santana,ATL,CPX,40,2,3,4,1,1,0,0,0,1,0,1,0,0,0,0,0,0,0,0,.333,2396
Ha-Seong Kim,ATL,CPX,30,3,6,9,2,1,0,0,1,3,2,3,0,2,0,0,0,1,0,0,.333,27506
Jack Brannigan,PIT,CPX,25,2,3,6,1,0,0,0,1,2,1,3,0,0,0,0,0,0,0,0,.333,31471
Eddinson Paulino,NYM,CPX,23,2,3,4,1,1,0,0,0,0,0,1,0,1,0,0,0,0,0,1,.333,sa3009538
Jesus Castillo,PIT,CPX,22,3,9,11,3,2,0,1,0,2,1,1,0,0,0,1,0,0,0,0,.333,sa3015587
Waner Luciano,HOU,CPX,21,6,12,16,4,3,0,0,1,4,7,4,0,2,0,0,0,1,2,0,.333,sa3018501
Alberto Hernandez,HOU,CPX,22,3,9,12,3,2,0,0,1,4,2,2,0,0,1,0,0,0,0,0,.333,sa3018582
Cade Doughty,TOR,CPX,25,4,15,16,5,3,1,0,1,2,4,1,0,2,0,0,0,0,0,0,.333,sa3020196
Jeron Williams,HOU,CPX,25,4,15,18,5,4,0,1,0,6,2,2,0,3,1,0,0,0,2,0,.333,sa3022566
Brady Cerkownyk,WSN,CPX,23,28,66,82,22,10,10,1,1,16,15,10,0,19,3,3,0,0,4,1,.333,sa3022929
Jayden Kim,PIT,CPX,19,18,48,60,16,15,0,1,0,8,6,10,0,13,1,1,0,2,4,0,.333,sa3024293
Austin Green,NYY,CPX,24,1,3,3,1,1,0,0,0,0,0,0,0,0,0,0,0,0,0,0,.333,sa3025258
Jack Penney,DET,CPX,23,6,18,20,6,3,2,0,1,4,3,2,0,2,0,0,0,0,0,1,.333,sa3025481
Trey Snyder,NYM,CPX,20,6,15,18,5,5,0,0,0,1,2,3,0,2,0,0,0,0,0,2,.333,sa3025611
Nick Monistere,HOU,CPX,22,3,12,12,4,3,1,0,0,3,2,0,0,2,0,0,0,0,1,0,.333,sa3038233
James Quinn-Irons,TBR,CPX,23,1,3,3,1,1,0,0,0,1,1,0,0,2,0,0,0,0,0,0,.333,sa3040344
Brendan Summerhill,TBR,CPX,22,5,18,22,6,4,2,0,0,3,6,3,0,2,0,1,0,0,3,0,.333,sa3043325
Brent Iredale,PIT,CPX,22,9,27,35,9,5,1,1,2,6,11,6,0,10,0,2,0,0,1,0,.333,sa3059570
Pablo Castillo,MIN,CPX,18,12,27,32,9,8,1,0,0,5,3,4,0,7,1,0,0,0,0,0,.333,sa3068173
Taitn Gray,TBR,CPX,18,5,18,20,6,4,0,1,1,4,5,1,0,4,1,0,0,0,0,1,.333,sa3069266
Liosward Marin,BOS,CPX,20,29,79,97,26,14,7,0,5,20,20,16,0,18,1,1,0,1,13,3,.329,sa3021619
Jose Castro,NYY,CPX,20,42,125,166,41,28,5,1,7,39,28,30,0,40,10,1,0,1,31,9,.328,sa3022235
Vladi Gomez,NYM,CPX,20,48,116,139,38,29,6,2,1,25,16,15,0,21,7,1,0,2,32,6,.328,sa3021165
Danandres Colon,DET,CPX,19,13,31,42,10,9,1,0,0,10,1,7,0,8,2,0,2,0,4,1,.323,sa3076360
Elias Reyno,ATL,CPX,18,9,28,32,9,8,1,0,0,1,3,4,0,7,0,0,0,0,2,3,.321,sa3067741
David McCann,NYY,CPX,22,10,28,35,9,4,1,0,4,6,10,3,0,10,3,1,0,1,2,0,.321,sa3076393
Adriander Mejía,BAL,CPX,19,32,103,114,33,23,6,0,4,18,28,6,0,24,4,1,0,3,2,0,.320,sa3021253
Angel Brachi,MIA,CPX,19,22,50,63,16,14,2,0,0,14,6,11,0,11,2,0,0,0,5,1,.320,sa3023784
Hector Campusano,BAL,CPX,19,52,150,190,48,37,8,3,0,31,27,31,0,31,4,5,0,3,17,1,.320,sa3024148
Diego Flores,NYY,CPX,19,16,25,32,8,6,2,0,0,6,3,4,0,8,2,0,0,0,4,1,.320,sa3024641
Tre' Morgan,TBR,CPX,23,13,44,51,14,3,5,1,5,9,14,7,0,8,0,0,0,1,1,0,.318,sa3022919
Juan Alva,MIA,CPX,20,39,107,139,34,27,3,0,4,28,19,30,0,19,2,0,0,2,13,2,.318,sa3067708
Yovanny Duran,MIN,CPX,18,52,167,214,53,37,8,4,4,49,29,42,1,46,3,2,0,3,36,11,.317,sa3067747
Maikol Orozco,DET,CPX,20,47,146,167,46,37,5,2,2,25,22,15,0,42,5,1,0,4,1,2,.315,sa3021098
John Cristino,NYY,CPX,26,6,16,23,5,1,1,0,3,8,7,5,0,6,1,0,0,0,0,1,.313,sa3067467
Sam White,TOR,CPX,22,22,64,79,20,12,4,0,4,16,13,10,0,20,4,1,0,0,1,1,.313,sa3076280
Johan De Los Santos,PIT,CPX,17,31,113,138,35,29,0,4,2,39,10,22,0,11,2,0,1,0,26,5,.310,sa3066666
Manuel Campos,ATL,CPX,18,49,168,196,52,39,8,3,2,29,18,27,0,37,1,0,0,2,30,5,.310,sa3067815
Hyun Seung Lee,PIT,CPX,18,35,123,144,38,22,6,4,6,25,40,16,0,34,3,2,0,0,3,3,.309,sa3067735
Anyelo Encarnación,STL,CPX,22,5,13,18,4,1,3,0,0,4,0,2,0,5,3,0,0,1,1,0,.308,sa3016157
Alexander Mambel,BOS,CPX,19,10,26,28,8,8,0,0,0,4,2,2,0,11,0,0,0,0,1,0,.308,sa3023730
Alex Stone,TOR,CPX,24,4,13,14,4,3,0,0,1,1,1,0,0,1,1,0,0,0,0,0,.308,sa3025480
Junior Aybar,BAL,CPX,19,21,56,65,17,14,0,0,3,17,13,7,0,11,1,1,0,1,17,1,.304,sa3021607
Andres Torres,TBR,CPX,19,50,168,212,51,45,5,0,1,36,24,39,0,31,2,2,1,8,16,1,.304,sa3023781
Brock Tibbitts,TOR,CPX,23,10,33,39,10,6,1,0,3,11,11,6,0,5,0,0,0,1,1,0,.303,sa3025171
Angel De Los Santos,DET,CPX,18,51,179,204,54,38,7,3,6,42,27,16,0,36,6,3,0,2,20,4,.302,sa3067737
Brailer Guerrero,TBR,CPX,20,3,10,12,3,1,2,0,0,0,3,2,0,4,0,0,0,0,0,0,.300,sa3021072
Jeremy Rodriguez,NYM,CPX,19,8,30,34,9,7,0,1,1,3,7,4,0,7,0,0,0,0,3,1,.300,sa3021101
Bralyn Brazoban,PIT,CPX,19,19,70,81,21,12,1,6,2,15,23,9,0,28,1,1,0,0,2,0,.300,sa3023725
Edwin Darville,BOS,CPX,19,35,90,117,27,19,5,1,2,29,25,26,0,27,1,0,0,1,34,5,.300,sa3023790
Ismael Munguia,TOR,CPX,27,4,10,16,3,2,1,0,0,3,1,3,0,3,2,1,0,0,0,0,.300,sa917132
Carlos Tejera,PIT,CPX,17,9,27,35,8,6,0,0,2,5,5,7,0,9,0,0,0,0,1,1,.296,sa3076555
Jhomnardo Reyes,MIN,CPX,18,49,159,193,47,25,12,3,7,31,44,27,0,43,5,2,0,2,14,12,.296,sa3067700
Justin Ramirez,NYM,CPX,21,14,34,46,10,5,4,0,1,11,3,10,0,3,1,1,0,0,1,1,.294,sa3021324
Mathieu Vallee,TOR,CPX,25,6,17,22,5,5,0,0,0,6,2,3,0,2,1,1,0,1,7,1,.294,sa3076098
Francisco Loreto,PIT,CPX,19,32,89,107,26,14,6,1,5,21,16,12,0,36,5,1,0,0,4,0,.292,sa3023937
Luis Puello,NYY,CPX,20,7,24,26,7,4,1,0,2,6,4,1,0,5,1,0,0,0,2,1,.292,sa3021309
Cristofer Lebrón,STL,CPX,19,47,159,179,46,28,11,1,6,38,18,18,0,42,1,0,0,4,18,4,.289,sa3024314
Jorge Rodriguez,BOS,CPX,20,30,97,124,28,14,9,1,4,30,20,19,0,18,8,0,0,3,14,4,.289,sa3023974
Luis Cova,MIA,CPX,19,19,66,79,19,12,5,0,2,18,8,12,0,14,1,0,0,0,14,3,.288,sa3023723
Hemmanuel Rosario,HOU,CPX,25,5,14,20,4,2,2,0,0,4,4,4,0,1,2,0,0,0,0,0,.286,sa3005130
Alexis Hernandez,TOR,CPX,23,2,7,8,2,2,0,0,0,2,1,0,0,1,0,0,0,0,1,0,.286,sa3015642
Edwin Sanchez,HOU,CPX,21,5,7,10,2,1,1,0,0,0,0,2,0,4,1,0,0,0,0,0,.286,sa3018438
Enrique Jimenez,MIN,CPX,20,5,14,19,4,3,1,0,0,2,0,5,0,3,0,0,0,0,0,0,.286,sa3021091
Guillermo Batista,DET,CPX,19,13,35,45,10,4,4,1,1,7,6,10,0,9,0,0,0,1,3,0,.286,sa3024649
August Cuneo,HOU,CPX,18,19,42,70,12,7,4,0,1,16,13,23,0,14,5,0,0,0,2,2,.286,sa3076335
Kleiver Chauran,TBR,CPX,20,54,165,225,47,37,3,5,2,48,34,51,0,47,6,2,1,0,23,3,.285,sa3021221
Angel Guzman,TOR,CPX,19,54,204,245,58,38,11,2,7,50,42,33,0,43,4,4,0,2,13,4,.284,sa3023895
Cam Lee,BAL,CPX,20,36,102,130,29,23,5,1,0,27,16,20,0,10,3,1,4,1,30,2,.284,sa3069381
Jemone Nuel,BAL,CPX,19,50,145,196,41,22,12,4,3,38,28,45,0,33,3,2,1,1,29,5,.283,sa3024356
Richard Matic,NYY,CPX,18,58,223,264,63,39,17,3,4,61,28,36,0,61,5,0,0,4,15,4,.283,sa3023749
John Cruz,MIA,CPX,20,51,139,166,39,24,10,0,5,23,25,23,0,30,3,1,0,3,3,4,.281,sa3018573
Leni Done,NYY,CPX,19,53,189,226,53,35,9,3,6,39,35,23,0,44,12,2,0,2,29,8,.280,sa3067859
Yovanny Rodriguez,NYM,CPX,19,49,150,180,42,30,4,1,7,28,34,24,0,48,4,2,0,0,3,2,.280,sa3023720
Anderson Araujo,PHI,CPX,18,34,118,142,33,26,5,2,0,24,11,23,0,24,1,0,0,4,10,2,.280,sa3067663
Luis Rives,HOU,CPX,21,44,104,140,29,21,3,1,4,27,21,32,0,28,3,1,0,2,17,2,.279,sa3023624
Adrian Bello,MIA,CPX,20,41,126,149,35,23,10,0,2,17,25,20,1,28,2,1,0,2,12,3,.278,sa3021303
Carl Calixte,PIT,CPX,19,42,126,151,35,22,7,2,4,25,22,22,0,38,3,0,0,2,16,2,.278,sa3067444
Pablo Martinez,HOU,CPX,18,12,36,46,10,10,0,0,0,13,6,5,0,10,3,2,0,0,10,1,.278,sa3067792
Luis Aguilera,DET,CPX,19,43,105,118,29,26,1,2,0,17,11,11,0,14,2,0,0,3,4,1,.276,sa3024374
Luis Fragoza,MIN,CPX,19,10,29,36,8,4,4,0,0,7,1,4,0,7,3,0,0,1,4,0,.276,sa3023955
Christofer Reyes,NYY,CPX,18,22,69,77,19,16,3,0,0,14,7,6,0,19,1,1,0,2,7,2,.275,sa3023909
Jaeden Calderon,PHI,CPX,20,27,80,107,22,12,6,3,1,14,14,22,0,20,3,2,0,1,3,0,.275,sa3021274
Cris Rodriguez,DET,CPX,18,48,175,197,48,25,11,3,9,35,30,18,0,64,3,1,0,0,8,2,.274,sa3066593
Junior Tilien,ATL,CPX,23,8,22,28,6,6,0,0,0,3,0,5,0,4,1,0,0,2,0,0,.273,sa3015187
Roiner Quintana,HOU,CPX,21,39,110,134,30,23,2,2,3,26,23,19,0,29,3,2,0,4,9,3,.273,sa3019510
Raider Tello,PHI,CPX,25,3,11,12,3,2,1,0,0,2,0,1,0,2,0,0,0,0,0,0,.273,sa3025453
Santiago Pinto,DET,CPX,20,41,118,131,32,24,3,3,2,19,19,10,0,40,1,2,0,2,12,3,.271,sa3021265
Browm Martinez,WSN,CPX,19,39,107,137,29,20,5,0,4,22,17,24,0,34,6,0,0,0,7,7,.271,sa3024323
Cristian Perez,DET,CPX,19,47,144,175,39,14,12,1,12,39,35,25,0,47,3,1,0,2,4,0,.271,sa3022320
Maylerson Casanova,PHI,CPX,19,12,37,39,10,9,1,0,0,6,5,2,0,14,0,0,0,0,0,0,.270,sa3023876
Miguel Hernández,STL,CPX,18,49,148,191,40,22,6,3,9,39,38,39,0,40,4,0,0,2,11,5,.270,sa3067750
Bohan Adderley,NYM,CPX,19,53,174,189,47,34,9,0,4,33,18,14,0,58,0,1,0,2,28,3,.270,sa3023728
Johan Rodriguez,ATL,CPX,18,40,137,154,37,25,8,0,4,20,21,12,0,29,2,3,0,5,6,1,.270,sa3067860
Merphy Hernandez,MIN,CPX,19,10,26,36,7,5,0,1,1,8,7,9,0,6,1,0,0,0,6,0,.269,sa3023921
Carlos Taveras,MIN,CPX,18,28,93,112,25,18,5,1,1,16,16,18,0,23,0,1,0,2,2,1,.269,sa3067690
Carlos Matias,TBR,CPX,19,19,71,81,19,14,4,0,1,12,10,8,0,18,2,0,0,1,7,0,.268,sa3023744
Elian Soto,WSN,CPX,20,13,30,39,8,2,4,0,2,6,5,8,0,10,1,0,0,2,0,0,.267,sa3021228
Sam Shaw,TOR,CPX,21,5,15,21,4,1,2,0,1,6,2,4,0,5,2,0,0,0,1,0,.267,sa3022889
Rafael Flores,TOR,CPX,19,5,15,16,4,4,0,0,0,1,2,1,0,3,0,0,0,0,1,0,.267,sa3023915
Michael Dattalo,STL,CPX,22,4,15,15,4,2,0,1,1,1,4,0,0,3,0,0,0,0,0,0,.267,sa3029852
Conrad Cason,BOS,CPX,19,4,15,16,4,1,1,0,2,2,2,1,0,3,0,0,0,1,0,0,.267,sa3067316
Pascual Archila,TOR,CPX,19,55,169,232,45,28,10,0,7,48,31,55,1,58,4,1,3,3,17,2,.266,sa3023946
Franklin Rojas,TOR,CPX,19,44,143,179,38,22,12,1,3,26,29,34,0,39,2,0,0,4,0,0,.266,sa3025018
Kenly Hunter,STL,CPX,18,41,128,155,34,24,6,2,2,35,21,22,0,19,4,0,1,3,17,1,.266,sa3067701
Steven Madero,DET,CPX,19,49,151,168,40,23,10,0,7,18,30,12,0,36,2,2,0,4,0,0,.265,sa3023950
Sebastian Dos Santos,STL,CPX,18,27,87,112,23,9,6,2,6,23,16,22,0,27,3,0,0,1,10,3,.264,sa3067732
Edwin Díaz,HOU,CPX,30,6,19,25,5,2,0,0,3,7,7,3,0,9,1,2,0,0,0,0,.263,sa738152
Nauris De La Cruz,WSN,CPX,18,52,157,198,41,35,1,2,3,34,23,33,0,39,3,3,0,1,21,5,.261,sa3067878
Andreimi Antunez,TBR,CPX,19,53,192,238,50,33,8,2,7,40,40,35,0,31,9,1,1,10,12,1,.260,sa3067643
Victor Hurtado,WSN,CPX,19,32,81,105,21,15,3,0,3,20,18,19,0,20,3,2,0,0,8,4,.259,sa3023888
Yamvier Carrero,ATL,CPX,19,26,85,108,22,19,3,0,0,12,5,15,0,18,7,1,0,1,10,2,.259,sa3076211
Josue Brito,BOS,CPX,19,47,147,191,38,18,12,2,6,33,36,34,0,47,7,3,0,1,10,4,.259,sa3023763
Jean Joseph,TOR,CPX,21,10,31,40,8,3,2,0,3,4,5,7,0,7,2,0,0,2,0,0,.258,sa3018568
Yorber Semprun,NYM,CPX,18,25,62,72,16,11,1,2,2,9,8,7,0,18,2,0,1,2,7,1,.258,sa3068195
Breyias Dean,MIA,CPX,20,48,132,169,34,22,7,1,4,20,30,28,0,42,3,6,0,0,7,2,.258,sa3021294
Jonathan Rivero,PIT,CPX,20,32,105,116,27,19,6,2,0,13,15,11,0,16,0,0,0,3,0,0,.257,sa3021150
J.P. Cabrera,STL,CPX,19,39,113,136,29,19,9,0,1,17,32,13,0,26,3,3,0,4,3,0,.257,sa3024651
Queni Pineda,NYY,CPX,19,55,191,240,49,33,7,1,8,37,29,42,0,69,5,2,0,4,15,4,.257,sa3023920
Andrew Salas,MIA,CPX,18,29,86,105,22,12,2,1,7,19,18,19,0,28,0,0,0,0,8,4,.256,sa3067045
Darwin Almanzar,MIN,CPX,18,45,114,166,29,21,6,2,0,31,21,46,0,31,5,1,0,7,7,5,.254,sa3068186
Eyeksson Rojas,WSN,CPX,20,33,67,78,17,13,4,0,0,12,6,9,0,16,2,0,0,0,4,2,.254,sa3023872
Juan Rojas,HOU,CPX,18,44,115,162,29,20,7,1,1,27,21,34,0,36,5,3,5,1,7,4,.252,sa3067771
Pedro León,PHI,CPX,28,1,4,4,1,1,0,0,0,0,0,0,0,0,0,0,0,0,0,0,.250,27781
Ricardo Pena,MIN,CPX,21,14,32,41,8,7,1,0,0,7,4,6,0,11,3,0,0,3,0,0,.250,sa3018593
Juanfel Peguero,TBR,CPX,21,11,32,38,8,8,0,0,0,7,5,5,0,5,0,0,1,3,2,1,.250,sa3020282
Manuel Cabrera,WSN,CPX,20,5,16,16,4,3,0,0,1,1,1,0,0,6,0,0,0,0,1,0,.250,sa3021096
David Guzman,TOR,CPX,20,34,80,103,20,15,2,0,3,15,18,21,0,13,2,0,0,2,5,1,.250,sa3021135
Felix Cotes,TBR,CPX,20,12,36,46,9,8,1,0,0,6,3,10,0,8,0,0,0,0,7,1,.250,sa3022053
Will Verdung,ATL,CPX,23,6,16,23,4,2,1,0,1,4,3,5,0,3,1,1,0,0,1,0,.250,sa3022512
Michell Ojeda,PIT,CPX,19,8,20,23,5,3,0,1,1,2,4,2,0,6,1,0,0,0,2,1,.250,sa3023737
Jack Barker,PHI,CPX,21,58,192,241,48,29,12,2,5,34,32,40,1,81,2,6,1,1,15,2,.250,sa3069173
Dean Moss,TBR,CPX,20,7,28,31,7,3,1,3,0,5,8,3,0,7,0,0,0,1,2,1,.250,sa3069262
Luis Leon,MIA,CPX,19,34,105,130,26,14,7,2,3,24,17,20,1,39,2,1,2,0,19,3,.248,sa3067401
Enderson Delgado,DET,CPX,21,34,97,117,24,19,2,0,3,13,14,13,0,15,5,2,0,2,0,0,.247,sa3018576
Andres Arias,TOR,CPX,19,48,146,183,36,22,8,2,4,27,29,32,0,42,4,0,0,3,6,1,.247,sa3025145
Marconi German,WSN,CPX,18,50,138,186,34,20,2,5,7,37,31,39,0,45,6,3,0,3,11,5,.246,sa3067715
Michael Oliveto,DET,CPX,19,22,69,83,17,11,4,1,1,7,9,14,0,12,0,0,0,2,0,0,.246,sa3069256
Ethan Wagner,HOU,CPX,20,17,49,65,12,5,3,3,1,13,15,13,0,12,3,0,0,1,6,1,.245,sa3066860
Omar Urbina,BAL,CPX,20,34,90,115,22,18,4,0,0,14,12,19,0,25,4,1,1,4,2,0,.244,sa3021204
Roybert Herrera,NYM,CPX,19,32,86,103,21,17,3,0,1,12,15,13,0,25,3,1,0,1,1,1,.244,sa3023940
Heriberto Rincon,NYM,CPX,20,41,123,132,30,23,3,0,4,15,22,3,0,32,4,2,0,2,16,2,.244,sa3021238
Christopher Alvarado,BOS,CPX,19,44,115,154,28,22,3,2,1,27,22,35,0,32,3,1,0,3,28,10,.243,sa3024337
Brayan Cortesia,WSN,CPX,18,46,144,176,35,33,2,0,0,31,14,26,0,52,6,0,0,3,20,4,.243,sa3067686
Harold Rivas,BOS,CPX,18,46,170,198,41,25,6,4,6,42,19,24,0,52,3,1,0,2,23,5,.241,sa3067705
Yoelvis Betancourt,ATL,CPX,18,32,100,115,24,20,4,0,0,17,14,7,0,23,7,1,0,3,0,1,.240,sa3067847
Yilber Herrera,MIN,CPX,21,41,96,135,23,18,2,2,1,18,11,37,0,34,1,1,0,1,14,3,.240,sa3018425
Paulo Asprilla,STL,CPX,20,21,46,56,11,10,1,0,0,8,6,7,0,16,2,1,0,0,0,1,.239,sa3021859
Newremberg Rondon,DET,CPX,22,6,21,21,5,2,3,0,0,3,3,0,0,3,0,0,0,1,0,0,.238,sa3015653
Luis Quesada,HOU,CPX,21,40,97,125,23,16,4,0,3,23,16,24,1,36,2,2,0,1,0,2,.237,sa3021308
Caden Merritt,ATL,CPX,19,40,131,164,31,19,5,4,3,23,19,28,0,46,4,1,0,1,20,4,.237,sa3076054
Juan Obispo,WSN,CPX,20,24,55,69,13,7,5,0,1,10,7,11,0,23,1,2,0,2,6,2,.236,sa3022255
Yeider Mindiola,NYM,CPX,19,36,89,109,21,11,6,3,1,18,11,16,0,33,2,2,0,2,7,2,.236,sa3067885
Noah Myers,TBR,CPX,26,10,34,46,8,4,3,0,1,10,4,10,0,8,1,1,0,1,3,0,.235,sa3023377
Francisco Vilorio,NYY,CPX,19,32,102,117,24,16,7,0,1,16,16,9,0,40,4,2,0,1,7,1,.235,sa3023893
Victor Leal,MIN,CPX,19,32,85,110,20,13,7,0,0,11,10,20,0,18,3,1,1,2,2,1,.235,sa3023948
Jhoan Peguero,BOS,CPX,20,32,81,107,19,11,6,0,2,20,18,23,0,24,3,0,0,0,20,7,.235,sa3023754
Renyel Campos,TOR,CPX,19,26,64,74,15,9,2,1,3,11,13,8,0,15,2,0,0,0,2,0,.234,sa3068709
Wyatt Vincent,NYM,CPX,19,37,111,132,26,12,7,3,4,25,16,18,0,33,2,1,0,2,6,5,.234,sa3069295
Luis Arias,WSN,CPX,20,48,129,146,30,23,3,0,4,17,23,14,0,51,2,1,0,3,1,1,.233,sa3023259
Jonathan Alcantara,PHI,CPX,18,33,99,108,23,16,4,0,3,18,12,7,0,30,0,0,2,0,0,1,.232,sa3068969
Mario Baez,ATL,CPX,19,24,69,79,16,11,5,0,0,10,11,10,0,10,0,0,0,0,2,2,.232,sa3021286
Kennew Blanco,TOR,CPX,20,50,164,187,38,29,6,2,1,27,25,21,0,32,2,0,0,3,14,0,.232,sa3067640
Jostin Ogando,BOS,CPX,18,30,95,110,22,18,1,2,1,18,14,12,0,34,1,2,0,1,4,1,.232,sa3068416
Tavano Baker,BOS,CPX,19,44,134,164,31,18,8,4,1,27,22,26,1,41,3,1,0,0,21,3,.231,sa3023762
Adrian Santana,TBR,CPX,20,3,13,13,3,2,1,0,0,2,1,0,0,0,0,0,0,0,0,0,.231,sa3022890
Jose Barrios,MIN,CPX,18,37,96,121,22,15,5,0,2,21,19,20,0,20,3,1,1,4,5,3,.229,sa3067730
Miguel Caraballo,MIN,CPX,17,43,131,166,30,16,9,0,5,26,19,25,0,49,5,3,0,1,15,2,.229,sa3067756
Dexters Peralta,NYY,CPX,18,58,188,227,43,21,5,4,13,37,45,31,1,81,6,2,0,1,9,2,.229,sa3023745
Manolfi Jimenez,PHI,CPX,21,23,70,84,16,9,2,1,4,8,14,6,0,18,3,4,1,1,1,0,.229,sa3018492
TJayy Walton,PHI,CPX,21,10,35,36,8,6,1,1,0,4,3,1,0,13,0,0,0,0,0,0,.229,sa3023090
Royelny Strop,STL,CPX,18,50,149,181,34,25,6,1,2,31,24,25,0,42,5,2,0,1,11,4,.228,sa3068180
Jancory De La Cruz,MIA,CPX,20,38,101,119,23,14,5,0,4,15,15,18,0,38,0,0,0,0,1,2,.228,sa3021280
Josmir Reyes,NYM,CPX,19,44,123,153,28,21,6,0,1,17,12,27,0,17,2,1,0,0,4,2,.228,sa3023929
Stephen Hrustich,DET,CPX,24,11,31,38,7,4,2,0,1,4,4,7,0,7,0,0,0,0,1,0,.226,sa3067530
Guillermo Rosario,PHI,CPX,21,36,102,129,23,14,4,1,4,15,22,22,0,36,4,1,0,0,0,0,.225,sa3021586
Esterling Rodriguez,PHI,CPX,20,48,151,187,34,23,5,1,5,26,30,28,0,35,1,2,4,2,7,3,.225,sa3021599
Jhorman Bravo,BOS,CPX,18,46,151,189,34,25,6,1,2,35,29,32,0,31,1,5,0,1,37,7,.225,sa3067799
Juan Rujano,STL,CPX,18,22,67,77,15,11,2,0,2,10,11,7,0,22,3,0,0,2,0,0,.224,sa3067752
Israfell Bautista,TBR,CPX,19,55,161,207,36,34,1,1,0,37,29,38,0,50,3,4,1,2,34,6,.224,sa3024116
Emmanuel Cedeno,TBR,CPX,18,53,184,243,41,30,7,3,1,54,21,49,0,28,6,2,2,1,17,2,.223,sa3067717
Grae Kessinger,NYM,CPX,28,4,9,14,2,0,1,0,1,5,5,5,0,3,0,0,0,0,1,1,.222,25813
Luis Escudero,NYY,CPX,20,6,18,25,4,3,0,0,1,3,2,6,0,5,1,0,0,0,4,0,.222,sa3021063
Gabriel Lara,NYY,CPX,20,7,18,24,4,2,1,0,1,5,3,5,0,9,1,0,0,0,2,1,.222,sa3021177
Cesar Hernandez,HOU,CPX,23,7,18,21,4,3,0,0,1,3,1,3,0,4,0,0,0,0,2,0,.222,sa3023547
Matthew Miura,STL,CPX,22,3,9,12,2,2,0,0,0,2,0,2,0,2,1,0,0,0,1,1,.222,sa3038183
Yunior Amparo,NYM,CPX,19,3,9,11,2,0,2,0,0,2,1,1,0,2,0,0,1,0,1,0,.222,sa3068395
Juan Elejandro,ATL,CPX,18,35,113,125,25,17,8,0,0,10,13,9,0,24,2,1,0,3,0,0,.221,sa3068191
Justin Capellan,NYY,CPX,19,49,154,173,34,17,12,1,4,20,21,12,0,43,7,0,0,4,5,5,.221,sa3023731
Wilfri De La Cruz,BAL,CPX,18,51,145,188,32,23,6,1,2,37,20,39,0,44,2,1,1,0,17,6,.221,sa3067682
Estivenzon Montero,NYY,CPX,19,41,127,144,28,18,7,0,3,13,10,15,0,43,2,0,0,2,6,1,.220,sa3023916
Keegan Pieternella,TOR,CPX,18,16,41,48,9,7,1,1,0,10,3,7,0,15,0,0,0,0,0,1,.220,sa3067848
Nolan McCarthy,DET,CPX,24,10,32,36,7,3,1,0,3,6,10,4,0,11,0,0,0,2,3,0,.219,sa3076053
Carlos Tavares,WSN,CPX,20,45,101,132,22,9,8,0,5,24,20,29,0,38,1,1,0,1,2,0,.218,sa3021209
Edgar Walker,PIT,CPX,18,33,101,117,22,18,3,0,1,12,7,13,0,23,1,2,0,2,3,1,.218,sa3067660
Adbiel Feliz,PIT,CPX,19,24,46,61,10,8,2,0,0,15,9,15,0,4,0,0,0,1,3,4,.217,sa3023897
Edgardo Villegas,TOR,CPX,23,11,23,30,5,2,3,0,0,3,2,4,0,6,3,0,0,0,1,0,.217,sa3077668
John Estevez,ATL,CPX,20,14,37,50,8,6,2,0,0,5,3,9,0,13,2,2,0,0,2,0,.216,sa3021287
Erick Brito,PHI,CPX,24,4,14,16,3,2,0,1,0,2,1,2,0,2,0,0,0,0,0,0,.214,sa3011753
Raymond Mola,PIT,CPX,20,19,47,68,10,7,2,0,1,12,5,17,0,18,4,0,0,1,16,1,.213,sa3023109
Romeli Espinosa,PHI,CPX,18,54,203,234,43,34,5,3,1,33,24,18,0,48,7,3,3,4,3,4,.212,sa3067704
Dorian Soto,BOS,CPX,18,39,137,161,29,23,5,1,0,22,15,22,0,39,1,1,0,1,9,5,.212,sa3067678
Malvin Fernandez,ATL,CPX,17,35,109,129,23,15,4,2,2,17,15,18,0,32,0,2,0,1,3,1,.211,sa3067745
Manuel Dos Passos,ATL,CPX,19,41,128,157,27,15,10,0,2,15,11,25,0,56,4,0,0,0,1,1,.211,sa3024344
Teilon Serrano,MIN,CPX,18,51,133,194,28,13,8,4,3,26,22,53,0,59,5,2,1,0,14,5,.211,sa3067703
Armstrong Muhoozi,PIT,CPX,18,11,38,42,8,7,0,1,0,6,7,4,0,14,0,0,0,0,2,2,.211,sa3068185
Everett Cooper III,WSN,CPX,22,12,29,34,6,4,2,0,0,4,3,2,0,7,2,1,0,0,1,0,.207,sa3020218
Jose Familia,PHI,CPX,18,40,116,142,24,15,4,1,4,21,13,20,0,43,2,1,3,0,0,0,.207,sa3023879
Jose Monzon,TBR,CPX,20,9,34,39,7,5,2,0,0,5,7,3,0,8,1,1,0,0,4,0,.206,sa3021222
Yordani Martinez,MIA,CPX,19,46,112,136,23,15,5,1,2,28,15,22,0,31,2,0,0,4,16,3,.205,sa3023738
Alfredo Rodriguez,TBR,CPX,20,34,88,113,18,13,4,0,1,19,22,15,0,24,7,3,0,3,3,0,.205,sa3021207
Kenni Gomez,HOU,CPX,21,18,54,69,11,3,3,2,3,14,7,15,0,23,0,0,0,0,10,1,.204,sa3018430
Angel Garcia,BAL,CPX,19,24,64,71,13,7,6,0,0,12,8,5,0,17,1,1,0,2,1,0,.203,sa3024352
Anthony Frobose,NYM,CPX,18,49,138,167,28,15,6,1,6,32,23,22,0,61,4,3,0,5,10,4,.203,sa3069292
Adolfo Miranda,NYM,CPX,19,32,79,85,16,10,6,0,0,12,8,6,0,28,0,0,0,0,6,1,.203,sa3025062
Gavin Smith,TOR,CPX,20,39,109,131,22,15,4,1,2,20,12,16,0,39,4,1,0,1,3,2,.202,sa3076312
Roberto Campos,DET,CPX,23,3,5,9,1,0,1,0,0,2,0,4,0,1,0,0,0,0,1,0,.200,sa3014683
Dashyll Tejeda,WSN,CPX,20,3,10,11,2,2,0,0,0,2,1,1,0,1,0,0,0,0,2,0,.200,sa3021315
Nixon Chirinos,MIA,CPX,20,5,15,17,3,3,0,0,0,0,1,1,0,6,1,0,0,0,2,0,.200,sa3022164
Payton Eeles,BAL,CPX,26,2,5,6,1,0,1,0,0,2,1,1,0,1,0,0,0,0,0,0,.200,sa3023622
Givian Sirvania,BOS,CPX,18,4,10,10,2,2,0,0,0,0,1,0,0,5,0,0,0,0,1,1,.200,sa3023765
Saul Gomez,BAL,CPX,18,18,40,47,8,7,1,0,0,4,6,5,0,14,0,1,1,1,1,0,.200,sa3024152
Ian Petrutz,STL,CPX,23,2,5,8,1,1,0,0,0,0,1,2,0,1,0,0,0,0,0,0,.200,sa3025159
Gabriel Rosado,DET,CPX,20,21,40,48,8,5,2,0,1,7,7,6,0,16,1,1,0,1,0,0,.200,sa3067423
Anderson Areinamo,HOU,CPX,19,46,135,168,27,15,8,0,4,31,26,26,0,35,4,3,0,4,12,1,.200,sa3067775
Alfonzo Martinez,TBR,CPX,20,38,91,119,18,13,4,0,1,14,11,19,0,23,8,1,0,3,4,2,.198,sa3021225
Feldi Tavarez,WSN,CPX,19,28,66,82,13,9,3,0,1,11,10,12,0,23,3,1,0,1,3,1,.197,sa3023918
Diego Tornes,ATL,CPX,17,30,112,124,22,14,4,4,0,11,15,8,0,27,4,0,0,0,8,4,.196,sa3066458
Daiber De Los Santos,MIN,CPX,19,48,123,160,24,13,4,4,3,29,15,30,0,71,5,2,0,4,8,2,.195,sa3023885
Jose Dickson,DET,CPX,19,16,41,52,8,2,5,0,1,8,9,11,0,18,0,0,0,0,5,2,.195,sa3023907
Joyner Perez,MIN,CPX,18,28,82,101,16,13,3,0,0,8,8,11,0,27,4,3,0,3,0,2,.195,sa3067762
Félix Amparo,BAL,CPX,20,18,36,44,7,5,2,0,0,9,6,8,0,8,0,0,0,3,6,2,.194,sa3021180
Joseph Tailor,MIA,CPX,20,14,31,36,6,4,0,1,1,5,5,3,0,10,2,0,0,1,0,1,.194,sa3021285
Miguel Rodríguez,BAL,CPX,20,8,26,29,5,2,3,0,0,3,3,3,0,1,0,0,0,0,0,0,.192,sa3021226
Christian Astudillo,BAL,CPX,19,36,78,102,15,13,1,0,1,13,7,18,0,9,6,0,0,8,0,0,.192,sa3024144
Martin Tamara,DET,CPX,22,40,73,86,14,9,3,1,1,6,8,10,0,27,2,0,0,1,0,0,.192,sa3021257
Scott Mudler,PHI,CPX,23,16,47,54,9,5,1,1,2,7,5,3,0,10,3,0,0,1,0,0,.191,sa3077723
Hector Ramos,BOS,CPX,18,12,42,52,8,5,3,0,0,3,6,8,0,15,0,2,0,1,6,1,.190,sa3067783
Jose Tovar,TBR,CPX,20,36,79,118,15,9,5,1,0,13,23,31,0,16,3,2,1,3,0,2,.190,sa3021223
Daniel Hernandez,WSN,CPX,18,28,79,84,15,13,2,0,0,4,8,4,0,13,1,0,0,0,0,0,.190,sa3067734
Tim Piasentin,TOR,CPX,19,21,69,86,13,8,4,0,1,13,6,15,0,23,2,0,0,0,2,0,.188,sa3069278
Daniel Rojas,STL,CPX,20,37,96,102,18,12,4,0,2,11,8,6,0,22,0,0,0,1,9,1,.188,sa3021613
Ricardo Paez,MIN,CPX,19,16,32,39,6,2,2,1,1,9,3,7,0,9,0,0,0,0,4,0,.188,sa3023961
Jake Cook,TOR,CPX,22,5,16,20,3,3,0,0,0,2,2,4,0,3,0,0,0,0,1,1,.188,sa3029303
Owen Carapellotti,TOR,CPX,23,6,16,21,3,3,0,0,0,4,4,3,0,6,1,1,0,0,0,0,.188,sa3076099
Juan Espinal,ATL,CPX,19,32,91,117,17,15,1,0,1,14,8,22,0,39,3,0,0,1,11,2,.187,sa3024315
Javier Acevedo,PIT,CPX,19,26,70,82,13,8,4,0,1,12,10,11,0,26,0,0,1,1,0,0,.186,sa3023747
Arlenn Manzanillo,ATL,CPX,18,28,81,94,15,11,3,1,0,6,6,10,0,25,0,2,0,3,1,0,.185,sa3067872
Joephillip Guzman,BAL,CPX,19,42,81,113,15,10,4,0,1,16,8,30,0,21,1,1,0,3,2,5,.185,sa3075625
Gabriel Cesa,ATL,CPX,19,45,130,161,24,21,1,2,0,22,12,24,0,47,5,2,0,5,8,1,.185,sa3024630
Will Robertson,BAL,CPX,28,4,11,16,2,1,1,0,0,2,3,4,0,2,1,0,0,0,0,1,.182,25467
Geovanny Planchart,TOR,CPX,24,4,11,13,2,2,0,0,0,0,1,1,0,5,1,0,0,0,0,0,.182,sa3009334
Fabian Lopez,MIA,CPX,20,29,55,71,10,5,3,0,2,8,12,10,0,24,1,2,3,0,0,1,.182,sa3021276
Mitch Jebb,PIT,CPX,24,3,11,12,2,1,0,1,0,1,2,0,0,3,0,1,0,0,0,0,.182,sa3022565
Austin Overn,TBR,CPX,23,3,11,13,2,1,1,0,0,1,0,2,0,2,0,0,0,0,1,0,.182,sa3025408
Darell Morel,PIT,CPX,18,40,128,161,23,11,5,4,3,20,16,26,0,47,5,2,0,4,8,2,.180,sa3066667
Logan Dawson,PHI,CPX,20,58,169,227,30,18,8,1,3,32,22,45,0,62,7,1,5,4,2,2,.178,sa3069204
Diover De Aza,NYM,CPX,18,35,79,99,14,8,2,2,2,10,8,16,0,32,3,1,0,1,4,1,.177,sa3023715
Conor Essenburg,ATL,CPX,19,5,17,20,3,3,0,0,0,0,1,3,0,7,0,0,0,1,0,1,.176,sa3069281
Landon Arroyos,HOU,CPX,19,48,142,173,25,21,2,0,2,29,16,27,0,43,3,1,0,3,31,1,.176,sa3069314
Almen Tolentino,MIA,CPX,19,36,108,132,19,14,2,2,1,19,12,23,1,39,1,0,0,1,8,3,.176,sa3024628
Gabriel Azocar,PHI,CPX,18,24,63,75,11,9,2,0,0,10,3,10,0,21,1,1,0,0,0,0,.175,sa3067664
Facundo Velásquez,STL,CPX,20,19,46,56,8,3,3,2,0,4,5,10,0,21,0,0,0,1,1,0,.174,sa3021227
Aidan Smith,TBR,CPX,21,7,23,28,4,3,0,1,0,2,3,4,0,4,0,1,0,1,2,0,.174,sa3022611
Enmanuel Bonilla,TOR,CPX,20,10,35,42,6,4,2,0,0,9,6,6,0,13,0,1,0,0,5,0,.171,sa3020684
Matt Fraizer,BOS,CPX,28,11,35,45,6,2,3,0,1,7,4,9,0,14,1,0,0,1,0,1,.171,sa918983
Gustavo Melendez,PIT,CPX,18,42,111,157,19,14,5,0,0,20,8,41,0,41,5,0,0,2,5,0,.171,sa3069270
Leonardo Pineda,TBR,CPX,19,27,77,106,13,8,2,1,2,16,8,26,0,27,3,0,0,0,4,1,.169,sa3023721
Jase Mitchell,HOU,CPX,19,43,101,160,17,8,8,1,0,30,17,54,0,47,3,2,0,1,9,4,.168,sa3069286
Sam Praytor,MIA,CPX,27,2,6,7,1,0,0,0,1,1,2,0,0,1,0,1,0,0,0,0,.167,sa3017151
Bryan Acuña,MIN,CPX,20,5,18,19,3,2,1,0,0,3,3,1,0,5,0,0,0,0,0,1,.167,sa3018427
Marco Vargas,NYM,CPX,21,2,6,7,1,1,0,0,0,1,2,1,0,1,0,0,0,0,0,0,.167,sa3018632
Tony Blanco Jr.,PIT,CPX,21,2,6,8,1,1,0,0,0,2,0,1,0,4,1,0,0,0,0,0,.167,sa3019722
Douglas Hodo III,BAL,CPX,25,2,6,7,1,1,0,0,0,0,0,1,0,2,0,0,0,0,0,0,.167,sa3020614
Luis Almeyda,BAL,CPX,20,4,12,13,2,1,1,0,0,0,1,1,0,2,0,0,0,1,0,0,.167,sa3021081
Sandro Pereira,HOU,CPX,20,8,12,19,2,2,0,0,0,3,1,2,0,3,3,0,2,1,1,0,.167,sa3021140
Caden Kendle,MIN,CPX,24,5,18,21,3,2,1,0,0,4,2,0,0,4,1,2,0,0,0,0,.167,sa3025262
Jake Casey,TOR,CPX,23,3,6,11,1,0,0,0,1,1,2,1,0,2,3,1,0,0,0,1,.167,sa3028574
Brody Donay,TBR,CPX,22,7,18,24,3,3,0,0,0,5,2,3,0,8,3,0,0,1,0,0,.167,sa3030451
Canon Reeder,PIT,CPX,23,5,12,19,2,2,0,0,0,2,1,5,0,4,2,0,0,0,0,2,.167,sa3040539
Owen Carey,ATL,CPX,19,6,18,20,3,2,1,0,0,2,0,2,0,5,0,0,0,0,1,0,.167,sa3067044
Cesar Mujica,PHI,CPX,19,19,43,53,7,5,1,0,1,11,4,7,0,18,3,0,0,1,0,0,.163,sa3023880
Daniel Pena,MIN,CPX,21,25,57,74,9,8,0,0,1,8,10,13,0,16,4,0,0,1,2,1,.158,sa3018634
Gabriel Rodriguez,PIT,CPX,18,44,133,164,21,15,3,1,2,18,14,22,0,47,6,3,0,5,6,2,.158,sa3067720
Fabian Bonilla,BOS,CPX,18,5,19,23,3,3,0,0,0,3,4,4,0,9,0,0,0,0,1,1,.158,sa3069318
Cristhian Vaquero,WSN,CPX,21,12,32,35,5,5,0,0,0,4,2,1,0,11,1,0,0,0,4,1,.156,sa3018403
Carlos De Sousa,TBR,CPX,20,11,26,29,4,4,0,0,0,0,2,2,0,7,1,0,0,1,0,0,.154,sa3021240
Chris Lopez,STL,CPX,21,7,13,14,2,1,1,0,0,2,0,1,0,4,0,0,0,0,0,0,.154,sa3021648
Isael Arias,NYY,CPX,20,24,52,56,8,6,1,0,1,8,2,4,0,15,0,0,0,1,7,0,.154,sa3023713
Kevin Robledo,MIA,CPX,19,6,13,14,2,2,0,0,0,1,0,1,0,5,0,0,0,1,0,0,.154,sa3024360
Kendrick Herrera,PIT,CPX,19,25,53,72,8,7,0,1,0,12,7,17,0,19,1,0,1,3,2,0,.151,sa3023776
Aaron Pinero,TBR,CPX,19,10,27,33,4,3,0,1,0,3,4,3,0,6,3,0,0,2,0,0,.148,sa3023783
Ronald Acuña Jr.,ATL,CPX,28,3,7,9,1,0,0,0,1,2,5,2,0,2,0,0,0,0,0,0,.143,18401
Randy Guzman,NYM,CPX,21,5,14,15,2,1,1,0,0,3,2,0,0,9,1,0,0,0,0,1,.143,sa3021106
AJ Salgado,NYM,CPX,24,3,7,8,1,1,0,0,0,3,0,1,0,2,0,0,0,0,0,0,.143,sa3069033
Jalvin Arias,PHI,CPX,19,27,79,92,11,8,1,1,1,5,6,9,0,34,2,2,0,0,0,0,.139,sa3023875
Bracewell Taveras,STL,CPX,20,46,134,151,18,7,6,2,3,17,15,14,0,48,2,1,0,0,1,0,.134,sa3021193
Gabriel Flores,PHI,CPX,18,21,54,65,7,4,2,0,1,13,11,9,0,17,2,0,0,1,0,0,.130,sa3068396
Eloy Jiménez,TOR,CPX,29,3,8,9,1,1,0,0,0,2,0,1,0,0,0,0,0,0,0,0,.125,17484
Lucas Spence,HOU,CPX,23,2,8,9,1,0,0,0,1,2,2,1,0,3,0,0,0,0,0,0,.125,35126
Jeremy Almonte,MIA,CPX,20,7,16,19,2,1,1,0,0,3,3,1,0,2,1,1,0,0,1,0,.125,sa3021632
Edgardo Figueroa,WSN,CPX,18,22,40,51,5,4,0,0,1,7,2,11,0,17,0,0,0,0,1,0,.125,sa3067716
Alex Birge,STL,CPX,23,3,8,12,1,1,0,0,0,1,0,3,0,6,1,0,0,1,0,0,.125,sa3069174
Andru Arthur,STL,CPX,20,30,59,72,7,2,5,0,0,6,9,10,0,21,2,1,0,1,2,2,.119,sa3021277
Haritzon Castillo,MIN,CPX,18,5,17,21,2,2,0,0,0,2,0,3,0,9,1,0,0,0,3,1,.118,sa3067692
Lisandro Sanchez,BAL,CPX,18,8,17,21,2,0,1,0,1,2,2,4,0,10,0,0,0,0,1,0,.118,sa3067826
Yaxson Lucena,STL,CPX,18,23,70,88,8,6,1,1,0,11,8,17,0,14,1,0,0,0,1,2,.114,sa3024326
Starlin Mieses,BAL,CPX,18,34,70,89,8,7,1,0,0,10,3,16,0,32,2,0,1,5,1,0,.114,sa3067884
Josue Briceño,DET,CPX,21,3,9,9,1,1,0,0,0,0,0,0,0,1,0,0,0,0,0,0,.111,sa3018584
Juan Rosas,TOR,CPX,20,5,9,9,1,1,0,0,0,0,1,0,0,6,0,0,0,0,0,0,.111,sa3021125
Andrew McCutchen,ATL,CPX,39,4,10,14,1,0,1,0,0,0,2,4,0,1,0,0,0,1,0,0,.100,9847
Emilio Sanchez,BAL,CPX,19,41,81,112,8,5,2,1,0,21,7,27,0,27,2,2,0,0,11,2,.099,sa3024110
Cardell Thibodeaux,ATL,CPX,22,12,22,34,2,2,0,0,0,5,4,11,0,5,0,1,0,2,5,0,.091,sa3043664
Reylin Perez,HOU,CPX,21,12,24,29,2,1,1,0,0,3,2,5,0,10,0,0,0,0,2,0,.083,sa3019204
Carter Gwost,PIT,CPX,19,6,18,26,1,1,0,0,0,4,1,6,0,12,2,0,0,0,1,0,.056,sa3069309
Mike Tauchman,NYM,CPX,35,4,7,12,0,0,0,0,0,2,0,4,0,1,1,0,0,0,0,0,.000,15274
Andy Ibáñez,NYM,CPX,33,1,2,2,0,0,0,0,0,0,0,0,0,0,0,0,0,0,0,0,.000,18819
Jake Fraley,TBR,CPX,31,1,3,3,0,0,0,0,0,0,0,0,0,0,0,0,0,0,0,0,.000,19260
Lenyn Sosa,TOR,CPX,26,1,3,3,0,0,0,0,0,0,0,0,0,1,0,0,0,0,0,0,.000,22896
Dominic Fletcher,PIT,CPX,28,1,4,4,0,0,0,0,0,0,0,0,0,1,0,0,0,0,0,0,.000,26149
Tommy Pham,BAL,CPX,38,1,1,2,0,0,0,0,0,0,0,1,0,1,0,0,0,0,0,0,.000,2967
Narbe Cruz,HOU,CPX,25,2,4,6,0,0,0,0,0,2,0,2,0,3,0,0,0,0,0,0,.000,sa3015205
Javier Rivas,PIT,CPX,23,1,3,3,0,0,0,0,0,0,0,0,0,2,0,0,0,0,0,0,.000,sa3015589
Omar Alfonzo,PIT,CPX,22,1,2,2,0,0,0,0,0,0,0,0,0,1,0,0,0,0,0,0,.000,sa3015665
Edward Duran,TOR,CPX,22,1,3,3,0,0,0,0,0,0,0,0,0,2,0,0,0,0,0,0,.000,sa3016719
Franyerber Montilla,DET,CPX,21,2,2,6,0,0,0,0,0,2,0,4,0,1,0,0,0,0,0,0,.000,sa3018580
Ike Buxton,WSN,CPX,25,6,0,0,0,0,0,0,0,0,0,0,0,0,0,0,0,0,0,0,.000,sa3020180
Camilo Diaz,HOU,CPX,20,1,2,3,0,0,0,0,0,1,1,1,0,2,0,0,0,0,0,0,.000,sa3021074
Juan Sierra,HOU,CPX,20,4,11,15,0,0,0,0,0,3,0,4,0,4,0,0,0,0,0,0,.000,sa3021146
Kevin Verde,NYY,CPX,20,2,1,1,0,0,0,0,0,0,0,0,0,0,0,0,0,0,0,0,.000,sa3021326
Kevin Velasco,BAL,CPX,20,10,0,0,0,0,0,0,0,0,0,0,0,0,0,0,0,0,0,0,.000,sa3021524
Fermin Magallanes,BAL,CPX,24,7,0,0,0,0,0,0,0,0,0,0,0,0,0,0,0,0,0,0,.000,sa3021544
Ariel Lebron,HOU,CPX,21,2,2,3,0,0,0,0,0,0,0,1,0,1,0,0,0,0,0,0,.000,sa3021623
Yoralbert Cadiz,NYM,CPX,21,18,0,0,0,0,0,0,0,0,0,0,0,0,0,0,0,0,0,0,.000,sa3021822
Chase Davis,STL,CPX,24,2,6,7,0,0,0,0,0,0,0,1,0,2,0,0,0,0,0,0,.000,sa3022426
Gavin Dugas,WSN,CPX,26,2,3,7,0,0,0,0,0,1,0,4,0,2,0,0,0,0,0,1,.000,sa3022667
Tai Peete,STL,CPX,20,3,10,12,0,0,0,0,0,2,1,2,0,4,0,0,0,0,1,0,.000,sa3022966
Justin Barry,BOS,CPX,19,1,2,4,0,0,0,0,0,1,1,0,0,0,1,1,0,0,1,0,.000,sa3023716
Gerinton Mendez,MIA,CPX,19,11,0,0,0,0,0,0,0,0,0,0,0,0,0,0,0,0,0,0,.000,sa3024543
Enixon Sanchez,NYY,CPX,18,12,0,0,0,0,0,0,0,0,0,0,0,0,0,0,0,0,0,0,.000,sa3024569
Carlos Rondon,NYY,CPX,20,11,11,12,0,0,0,0,0,0,0,1,0,8,0,0,0,0,0,0,.000,sa3024634
Leonardo Leon,DET,CPX,20,24,0,0,0,0,0,0,0,0,0,0,0,0,0,0,0,0,0,0,.000,sa3025347
Jared Jones,PIT,CPX,22,1,2,2,0,0,0,0,0,0,0,0,0,1,0,0,0,0,0,0,.000,sa3034881
Cole Mathis,NYM,CPX,22,1,2,3,0,0,0,0,0,0,0,0,0,0,1,0,0,0,0,0,.000,sa3037300
Riley Stanford,TBR,CPX,23,9,0,0,0,0,0,0,0,0,0,0,0,0,0,0,0,0,0,0,.000,sa3042934
Jack Lines,TBR,CPX,20,4,4,13,0,0,0,0,0,3,1,5,0,1,4,0,0,0,2,0,.000,sa3066763
Andrew Tess,BAL,CPX,19,2,6,8,0,0,0,0,0,1,0,1,0,5,1,0,0,0,0,0,.000,sa3067325
Sam Robertson,NYM,CPX,21,2,3,6,0,0,0,0,0,0,0,3,0,3,0,0,0,0,0,1,.000,sa3069014
Dax Kilby,NYY,CPX,19,4,9,10,0,0,0,0,0,1,0,1,0,4,0,0,0,0,0,0,.000,sa3069080
Elijah Farley,HOU,CPX,20,1,3,5,0,0,0,0,0,1,0,1,0,3,1,0,0,0,1,0,.000,sa3069300
Charlie Saum,TOR,CPX,22,4,8,10,0,0,0,0,0,1,1,2,0,5,0,0,0,0,0,0,.000,sa3076096
Jake Dykhoff,BAL,CPX,27,7,0,0,0,0,0,0,0,0,0,0,0,0,0,0,0,0,0,0,.000,sa3076437
Jackson Hauge,NYM,CPX,25,1,1,2,0,0,0,0,0,0,0,1,0,1,0,0,0,0,0,0,.000,sa3076547
Angel Castillo,TBR,CPX,24,4,0,0,0,0,0,0,0,0,0,0,0,0,0,0,0,0,0,0,.000,sa3077378
