Player,Fantasy Roster,Team,League,Level,Highest League,Age,Draft Class,G,FP/G,AB/G,Age+,FG/G+,Approach+,Speed+,LD%+,HR/FB+,wRC+,5 Tool+,Hitter+,Est FB,AB,H,HR,R,RBI,SB,CS,BA,OBP,SLP,OPS,BABIP (Adv),BB%,K%,PA (Adv),BB/K,AVG (Adv),OBP (Adv),SLG (Adv),OPS (Adv),ISO,Spd,wSB,wRC,wRAA,wOBA,wRC+ (Adv),PA (Batted),BABIP (Batted),GB/FB,LD%,GB%,FB%,IFFB%,HR/FB%,Pull%,Cent%,Oppo%,SwStr%,Balls,Strikes,Pitches
Shotaro Morii,Bobby and the NitWitts (MINORS),ATH,Arizona Complex League,CPX,No,19.0,,4.0,9.1,3.2,103.2,131.3,62.7,113.0,248.4,0.0,81.0,107.6,108.8,2.0,13.0,4.0,0.0,2.0,3.0,2.0,0.0,0.308,0.357,0.385,0.742,0.4,0.071,0.214,14.0,0.33,0.308,0.357,0.385,0.742,0.077,6.9,0.4,2,-0.3,0.354,81,14.0,0.4,1.5,0.5,0.3,0.2,0.0,0.0,0.5,0.3,0.2,0.13,15.0,31.0,46.0
Jordan Lawlar,Bobby and the NitWitts (MINORS),ARI,Arizona Complex League,CPX,No,23.0,,3.0,6.5,2.7,85.2,93.5,175.3,116.3,0.0,0.0,147.0,75.5,67.2,3.0,8.0,2.0,0.0,2.0,0.0,1.0,0.0,0.25,0.5,0.375,0.875,0.333,0.167,0.167,12.0,1.0,0.25,0.5,0.375,0.875,0.125,7.1,0.2,3,0.9,0.457,147,12.0,0.333,1.0,0.0,0.5,0.5,0.0,0.0,0.833,0.0,0.167,0.061,20.0,29.0,49.0
Kayson Cunningham,Bobby and the NitWitts (MINORS),ARI,California League,A,No,20.0,,43.0,10.9,4.1,105.0,141.1,158.8,132.5,164.5,30.6,156.0,118.5,122.9,24.9,176.0,67.0,1.0,45.0,27.0,10.0,2.0,0.381,0.471,0.506,0.977,0.482,0.145,0.184,207.0,0.79,0.381,0.471,0.506,0.977,0.125,7.9,0.3,49,17.4,0.451,156,207.0,0.482,2.44,0.372,0.445,0.182,0.2,0.04,0.324,0.216,0.46,0.066,350.0,532.0,882.0
Shotaro Morii,Bobby and the NitWitts (MINORS),ATH,California League,A,Yes,19.0,,63.0,4.9,2.8,110.6,63.9,67.1,120.8,107.4,75.0,75.0,105.6,99.2,40.7,176.0,40.0,4.0,32.0,24.0,5.0,3.0,0.227,0.325,0.369,0.695,0.316,0.111,0.295,207.0,0.38,0.227,0.325,0.369,0.695,0.142,7.2,-1.0,25,-6.9,0.322,75,207.0,0.316,1.12,0.243,0.4,0.357,0.073,0.098,0.441,0.305,0.254,0.157,314.0,491.0,805.0
Eli Willits,Bobby and the NitWitts (MINORS),WSH,Carolina League,A,No,18.0,,47.0,12.8,4.0,112.7,185.7,108.7,158.2,112.5,111.5,145.0,115.7,109.2,43.7,190.0,57.0,6.0,48.0,37.0,29.0,7.0,0.3,0.418,0.5,0.918,0.386,0.164,0.233,232.0,0.7,0.3,0.418,0.5,0.918,0.2,9.2,1.9,47,14.7,0.429,145,232.0,0.386,1.22,0.265,0.404,0.331,0.133,0.133,0.399,0.225,0.377,0.109,397.0,561.0,958.0
Francisco Renteria,Bobby and the NitWitts (MINORS),PHI,Dominican Summer League,R,Yes,17.0,,53.0,14.8,3.7,103.7,198.1,105.8,141.0,80.2,248.0,176.0,111.4,110.7,52.9,198.0,75.0,11.0,65.0,55.0,24.0,4.0,0.379,0.47,0.682,1.152,0.418,0.144,0.153,236.0,0.94,0.379,0.47,0.682,1.152,0.303,9.2,1.9,69,27.5,0.522,176,236.0,0.418,1.46,0.147,0.506,0.346,0.074,0.204,0.494,0.247,0.259,0.134,305.0,456.0,761.0
Wandy Asigen,Bobby and the NitWitts (MINORS),NYM,Dominican Summer League,R,Yes,16.0,,23.0,7.6,2.7,110.2,101.2,60.8,110.3,121.1,243.2,149.0,116.6,119.2,14.2,61.0,17.0,3.0,15.0,9.0,6.0,4.0,0.279,0.47,0.525,0.994,0.412,0.229,0.289,83.0,0.79,0.279,0.47,0.525,0.994,0.246,7.2,-1.5,21,6.6,0.483,149,83.0,0.412,0.87,0.222,0.361,0.417,0.133,0.2,0.395,0.263,0.342,0.155,132.0,164.0,296.0
Jaison Chourio,Bobby and the NitWitts (MINORS),CLE,Eastern League,AA,Yes,21.0,,87.0,8.8,3.9,112.0,140.6,135.8,144.1,109.9,87.4,109.0,114.2,109.2,64.7,338.0,88.0,7.0,63.0,46.0,29.0,5.0,0.26,0.361,0.393,0.755,0.327,0.136,0.212,396.0,0.64,0.26,0.361,0.393,0.755,0.133,7.4,2.0,56,2.8,0.344,109,396.0,0.327,1.86,0.253,0.486,0.261,0.091,0.106,0.424,0.251,0.325,0.093,640.0,1004.0,1644.0
Miguel Hernández,Bobby and the NitWitts (MINORS),STL,Florida Complex League,CPX,No,18.0,,49.0,9.9,3.0,107.6,142.6,118.0,124.9,137.3,196.8,137.0,121.5,127.1,34.7,148.0,40.0,9.0,39.0,38.0,11.0,5.0,0.27,0.435,0.534,0.968,0.313,0.204,0.209,191.0,0.98,0.27,0.435,0.534,0.968,0.264,7.7,-1.4,44,12.6,0.452,137,191.0,0.313,1.0,0.299,0.351,0.351,0.294,0.265,0.6,0.18,0.22,0.118,320.0,365.0,685.0
Marconi German,Bobby and the NitWitts (MINORS),WSH,Florida Complex League,CPX,Yes,18.0,,50.0,8.5,2.8,107.6,122.2,97.9,128.1,111.2,144.1,129.0,111.9,110.6,33.7,138.0,34.0,7.0,37.0,31.0,11.0,5.0,0.246,0.425,0.486,0.91,0.303,0.21,0.242,186.0,0.87,0.246,0.425,0.486,0.91,0.239,7.9,-1.4,39,8.7,0.431,129,186.0,0.303,1.0,0.242,0.379,0.379,0.25,0.194,0.484,0.221,0.295,0.146,328.0,373.0,701.0
Cris Rodriguez,Bobby and the NitWitts (MINORS),DET,Florida Complex League,CPX,No,18.0,,48.0,8.3,3.6,107.6,119.6,33.9,131.4,140.5,167.1,112.0,115.1,115.6,37.1,175.0,48.0,9.0,35.0,30.0,8.0,2.0,0.274,0.35,0.526,0.876,0.379,0.091,0.325,197.0,0.28,0.274,0.35,0.526,0.876,0.251,8.1,-0.1,35,2.9,0.396,112,197.0,0.379,0.93,0.306,0.333,0.36,0.025,0.225,0.434,0.345,0.221,0.178,262.0,461.0,723.0
Cris Rodriguez,Bobby and the NitWitts (MINORS),DET,Florida State League,A,Yes,18.0,,8.0,10.9,4.0,116.3,157.2,12.1,116.2,89.5,262.7,188.0,110.8,104.4,6.7,32.0,11.0,3.0,7.0,9.0,0.0,1.0,0.344,0.364,0.812,1.176,0.5,0.03,0.394,33.0,0.08,0.344,0.364,0.813,1.176,0.469,6.4,-0.5,9,4.1,0.499,188,33.0,0.5,0.88,0.211,0.368,0.421,0.0,0.375,0.474,0.474,0.053,0.242,38.0,86.0,124.0
Elian Peña,Bobby and the NitWitts (MINORS),NYM,Florida State League,A,No,18.0,,96.0,8.4,3.8,116.3,120.6,114.4,118.0,106.0,53.2,111.0,109.5,102.1,105.5,365.0,99.0,8.0,72.0,44.0,28.0,9.0,0.271,0.388,0.397,0.785,0.343,0.139,0.214,439.0,0.65,0.271,0.388,0.397,0.785,0.126,6.5,0.1,70,7.9,0.374,111,439.0,0.343,0.89,0.25,0.352,0.398,0.305,0.076,0.439,0.236,0.325,0.096,670.0,1040.0,1710.0
Miguel Hernández,Bobby and the NitWitts (MINORS),STL,Florida State League,A,Yes,18.0,,25.0,7.8,3.2,116.3,111.5,109.8,127.1,144.2,100.2,163.0,120.6,119.3,14.0,79.0,24.0,2.0,16.0,8.0,7.0,3.0,0.304,0.466,0.494,0.96,0.44,0.194,0.262,103.0,0.74,0.304,0.466,0.494,0.96,0.19,7.0,-0.4,23,8.7,0.453,163,103.0,0.44,1.36,0.34,0.38,0.28,0.214,0.143,0.51,0.176,0.314,0.113,176.0,223.0,399.0
Heriberto Hernández,Bobby and the NitWitts (ACTIVE),MIA,International League,AAA,Yes,26.0,,5.0,12.4,4.4,100.7,185.2,725.5,149.7,140.4,0.0,101.0,121.9,129.1,2.3,22.0,6.0,0.0,8.0,2.0,3.0,0.0,0.273,0.36,0.364,0.724,0.286,0.12,0.04,25.0,3.0,0.273,0.36,0.364,0.724,0.091,7.3,0.5,3,-0.1,0.337,101,25.0,0.286,5.0,0.333,0.556,0.111,1.0,0.0,0.7,0.15,0.15,0.083,42.0,54.0,96.0
Griffin Conine,Bobby and the NitWitts (ACTIVE),MIA,International League,AAA,Yes,28.0,,3.0,11.5,3.3,93.5,171.8,0.0,32.8,105.4,176.0,204.0,91.8,100.3,3.5,10.0,4.0,1.0,2.0,4.0,0.0,0.0,0.4,0.455,0.7,1.155,0.429,0.0,0.182,11.0,0.0,0.4,0.455,0.7,1.155,0.3,1.6,0.0,3,1.5,0.5,204,11.0,0.429,0.5,0.25,0.25,0.5,0.5,0.25,0.125,0.375,0.5,0.088,12.0,22.0,34.0
Carson Roccaforte,Bobby and the NitWitts (MINORS),KC,International League,AAA,Yes,24.0,,17.0,9.3,3.6,109.1,138.4,55.4,94.3,148.0,271.1,120.0,121.6,130.6,11.2,61.0,16.0,5.0,6.0,12.0,6.0,0.0,0.262,0.352,0.541,0.893,0.344,0.123,0.342,73.0,0.36,0.262,0.352,0.541,0.893,0.279,4.6,1.1,12,2.3,0.38,120,73.0,0.344,0.85,0.351,0.297,0.351,0.077,0.385,0.513,0.282,0.205,0.169,104.0,180.0,284.0
Max Clark,Bobby and the NitWitts (MINORS),DET,International League,AAA,Yes,21.0,,90.0,8.7,4.0,124.6,130.0,157.5,133.3,90.6,76.8,117.0,115.4,104.0,99.0,362.0,100.0,11.0,65.0,42.0,21.0,2.0,0.276,0.368,0.434,0.802,0.31,0.12,0.158,418.0,0.76,0.276,0.368,0.434,0.802,0.157,6.5,2.2,63,6.3,0.361,117,418.0,0.31,1.28,0.215,0.44,0.345,0.327,0.109,0.478,0.232,0.29,0.054,700.0,988.0,1688.0
Leo Bernal,Bobby and the NitWitts (MINORS),STL,International League,AAA,Yes,22.0,,101.0,8.6,3.7,119.0,128.3,116.6,94.3,107.1,108.4,115.0,112.2,108.0,98.9,374.0,104.0,16.0,67.0,77.0,9.0,7.0,0.278,0.363,0.468,0.831,0.318,0.118,0.199,432.0,0.59,0.278,0.363,0.468,0.831,0.19,4.6,-2.5,68,9.2,0.368,115,432.0,0.318,1.09,0.254,0.388,0.357,0.183,0.154,0.485,0.259,0.256,0.112,646.0,950.0,1596.0
Jasson Domínguez,Bobby and the NitWitts (MINORS),NYY,International League,AAA,Yes,23.0,,54.0,8.4,3.9,113.8,126.0,112.9,106.6,121.0,85.2,107.0,112.4,110.2,58.1,212.0,60.0,7.0,33.0,30.0,14.0,2.0,0.283,0.361,0.42,0.781,0.331,0.105,0.189,238.0,0.56,0.283,0.361,0.42,0.781,0.137,5.2,1.3,34,2.0,0.353,107,238.0,0.331,0.97,0.287,0.35,0.363,0.19,0.121,0.506,0.226,0.268,0.097,331.0,537.0,868.0
Kyle Stowers,Bobby and the NitWitts (ACTIVE),MIA,International League,AAA,Yes,28.0,,5.0,2.1,3.4,93.5,31.4,30.3,22.6,38.4,0.0,29.0,68.9,63.7,2.0,17.0,3.0,0.0,1.0,1.0,0.0,0.0,0.176,0.263,0.176,0.44,0.273,0.053,0.316,19.0,0.17,0.176,0.263,0.176,0.44,0.0,1.1,0.0,1,-1.9,0.224,29,19.0,0.273,4.0,0.091,0.727,0.182,0.0,0.0,0.636,0.0,0.364,0.211,25.0,46.0,71.0
Eugenio Suárez,Bobby and the NitWitts (ACTIVE),CIN,International League,AAA,Yes,34.0,,2.0,0.5,3.5,77.0,7.5,0.0,2.1,0.0,0.0,-2.0,50.2,46.8,2.0,7.0,1.0,0.0,0.0,0.0,0.0,0.0,0.143,0.143,0.286,0.429,0.25,0.0,0.429,7.0,0.0,0.143,0.143,0.286,0.429,0.143,0.1,0.0,0,-1.0,0.181,-2,7.0,0.25,1.0,0.0,0.5,0.5,0.0,0.0,0.5,0.0,0.5,0.115,7.0,19.0,26.0
Jaison Chourio,Bobby and the NitWitts (MINORS),CLE,Midwest League,A+,No,21.0,,22.0,9.3,3.7,105.0,126.5,179.8,94.6,150.5,100.6,138.0,119.4,129.7,13.8,82.0,26.0,2.0,16.0,7.0,10.0,4.0,0.317,0.431,0.476,0.907,0.375,0.176,0.176,102.0,1.0,0.317,0.431,0.476,0.907,0.159,5.2,-0.4,20,5.6,0.417,138,102.0,0.375,2.07,0.338,0.446,0.215,0.071,0.143,0.409,0.288,0.303,0.067,182.0,254.0,436.0
Blake Mitchell,Bobby and the NitWitts (MINORS),KC,Midwest League,A+,Yes,21.0,,115.0,9.1,3.3,105.0,123.2,78.9,96.5,126.5,190.6,131.0,112.7,118.2,78.1,381.0,89.0,23.0,95.0,75.0,27.0,6.0,0.234,0.414,0.459,0.873,0.346,0.221,0.341,511.0,0.65,0.234,0.414,0.459,0.873,0.226,5.3,0.6,96,21.7,0.403,131,511.0,0.346,0.75,0.284,0.308,0.409,0.118,0.271,0.407,0.276,0.318,0.158,1022.0,1194.0,2216.0
Kayson Cunningham,Bobby and the NitWitts (MINORS),ARI,Northwest League,A+,Yes,20.0,,63.0,8.9,3.8,112.2,124.4,124.2,147.4,133.4,73.1,100.0,117.8,114.6,45.2,238.0,60.0,5.0,50.0,36.0,20.0,4.0,0.252,0.36,0.391,0.751,0.316,0.138,0.219,283.0,0.63,0.252,0.36,0.391,0.751,0.139,7.3,1.6,39,0.0,0.347,100,283.0,0.316,1.67,0.305,0.435,0.26,0.065,0.109,0.428,0.294,0.278,0.107,488.0,701.0,1189.0
Bryce Eldridge,Bobby and the NitWitts (ACTIVE),SF,Pacific Coast League,AAA,Yes,21.0,,30.0,9.1,3.8,127.6,118.7,66.8,36.8,131.3,147.4,155.0,114.8,114.4,22.4,114.0,38.0,5.0,25.0,22.0,0.0,0.0,0.333,0.445,0.518,0.963,0.485,0.146,0.299,137.0,0.49,0.333,0.445,0.518,0.963,0.184,1.9,-0.3,29,9.0,0.434,155,137.0,0.485,1.04,0.329,0.342,0.329,0.125,0.208,0.534,0.247,0.219,0.135,241.0,330.0,571.0
Raudi Rodriguez,Bobby and the NitWitts (MINORS),LAA,Pacific Coast League,AAA,Yes,22.0,,26.0,8.3,4.0,121.8,108.7,122.2,145.2,75.1,112.0,82.0,111.6,97.8,18.6,104.0,25.0,3.0,20.0,14.0,5.0,2.0,0.24,0.347,0.385,0.732,0.282,0.14,0.19,121.0,0.74,0.24,0.347,0.385,0.732,0.144,7.5,-0.3,15,-2.4,0.339,82,121.0,0.282,2.42,0.188,0.575,0.238,0.0,0.158,0.425,0.238,0.338,0.114,185.0,273.0,458.0
Jordan Lawlar,Bobby and the NitWitts (MINORS),ARI,Pacific Coast League,AAA,Yes,23.0,,5.0,5.5,4.0,116.5,72.1,42.9,98.7,92.2,0.0,44.0,97.1,83.9,7.5,20.0,4.0,0.0,3.0,2.0,0.0,0.0,0.2,0.261,0.4,0.661,0.286,0.087,0.304,23.0,0.29,0.2,0.261,0.4,0.661,0.2,5.1,0.0,2,-1.6,0.284,44,23.0,0.286,0.43,0.231,0.231,0.538,0.286,0.0,0.429,0.357,0.214,0.155,31.0,53.0,84.0
Eli Willits,Bobby and the NitWitts (MINORS),WSH,South Atlantic League,A+,Yes,18.0,,64.0,9.9,3.5,122.1,133.0,180.6,157.7,111.2,64.2,118.0,121.6,112.6,67.0,226.0,52.0,7.0,51.0,33.0,31.0,8.0,0.23,0.392,0.42,0.813,0.273,0.187,0.19,289.0,0.98,0.23,0.392,0.42,0.813,0.19,8.9,1.2,48,6.6,0.374,118,289.0,0.273,0.83,0.259,0.335,0.406,0.101,0.101,0.41,0.249,0.341,0.098,510.0,641.0,1151.0
Nathan Flewelling,Bobby and the NitWitts (MINORS),TB,South Atlantic League,A+,Yes,19.0,,106.0,8.0,3.8,115.6,107.1,92.4,83.3,96.6,115.1,112.0,106.4,102.2,108.7,403.0,98.0,21.0,68.0,67.0,8.0,4.0,0.243,0.364,0.452,0.816,0.303,0.146,0.272,486.0,0.54,0.243,0.364,0.452,0.816,0.208,4.7,-2.0,79,8.8,0.369,112,486.0,0.303,0.81,0.225,0.347,0.428,0.207,0.181,0.377,0.312,0.312,0.147,770.0,1149.0,1919.0
Elian Peña,Bobby and the NitWitts (MINORS),NYM,South Atlantic League,A+,Yes,18.0,,16.0,5.1,4.2,122.1,68.0,63.2,147.1,70.0,0.0,38.0,100.3,78.5,18.4,67.0,11.0,0.0,10.0,6.0,2.0,0.0,0.164,0.26,0.224,0.484,0.25,0.117,0.312,77.0,0.38,0.164,0.26,0.224,0.484,0.06,8.3,0.2,4,-7.4,0.238,38,77.0,0.25,1.0,0.163,0.419,0.419,0.389,0.0,0.455,0.205,0.341,0.135,101.0,203.0,304.0
Raudi Rodriguez,Bobby and the NitWitts (MINORS),LAA,Southern League,AA,No,22.0,,95.0,8.2,3.7,107.6,118.2,126.1,127.3,112.8,124.2,118.0,113.0,112.6,63.2,348.0,91.0,12.0,72.0,42.0,27.0,8.0,0.261,0.374,0.417,0.79,0.322,0.143,0.222,414.0,0.64,0.261,0.374,0.417,0.79,0.155,6.9,0.1,65,8.5,0.359,118,414.0,0.322,1.86,0.262,0.48,0.258,0.266,0.188,0.337,0.218,0.444,0.128,653.0,959.0,1612.0
Seiya Suzuki,Bobby and the NitWitts (ACTIVE),CHC,Southern League,AA,Yes,31.0,,5.0,6.6,2.8,76.4,95.6,145.7,48.0,71.9,0.0,175.0,79.0,88.8,6.0,14.0,6.0,0.0,5.0,1.0,0.0,0.0,0.429,0.471,0.571,1.042,0.5,0.118,0.176,17.0,0.67,0.429,0.471,0.571,1.042,0.143,2.6,-0.1,4,1.7,0.45,175,17.0,0.5,0.67,0.167,0.333,0.5,0.333,0.0,0.583,0.25,0.167,0.026,33.0,43.0,76.0
Jordan Lawlar,Bobby and the NitWitts (MINORS),ARI,Texas League,AA,No,23.0,,9.0,10.1,4.0,103.7,138.4,14.7,121.8,75.0,317.6,106.0,105.2,103.1,8.2,36.0,9.0,5.0,7.0,7.0,2.0,0.0,0.25,0.27,0.667,0.937,0.222,0.027,0.351,37.0,0.08,0.25,0.27,0.667,0.937,0.417,6.6,0.3,6,1.2,0.384,106,37.0,0.222,0.8,0.182,0.364,0.455,0.1,0.5,0.609,0.304,0.087,0.191,35.0,96.0,131.0
Carson Roccaforte,Bobby and the NitWitts (MINORS),KC,Texas League,AA,No,24.0,,110.0,9.1,4.0,99.4,124.4,67.9,125.5,83.2,139.1,111.0,100.0,96.9,124.9,438.0,110.0,30.0,81.0,80.0,21.0,17.0,0.251,0.333,0.523,0.856,0.295,0.103,0.286,504.0,0.36,0.251,0.333,0.523,0.856,0.272,6.8,-5.2,80,8.7,0.367,111,504.0,0.295,0.73,0.202,0.337,0.461,0.146,0.219,0.515,0.251,0.234,0.146,784.0,1227.0,2011.0
