period,team_id,team_name,fantrax_id,name,mlb_team,primary_position,roster_position,roster_status,salary,contract
146,aqfyadu2mj90wrl7,Ben the Hen,03fi0,"Albies, Ozzie",ATL,2B,2B,ACTIVE,,
146,aqfyadu2mj90wrl7,Ben the Hen,04qnc,"Alvarez, Francisco",NYM,C,UT,ACTIVE,,
146,aqfyadu2mj90wrl7,Ben the Hen,04ysv,"Amador, Adael",COL,2B,2B,MINORS,,
146,aqfyadu2mj90wrl7,Ben the Hen,040b5,"Arozarena, Randy",SEA,LF,OF,ACTIVE,,
146,aqfyadu2mj90wrl7,Ben the Hen,05rbs,"Ballesteros, Moises",LAA,DH,C,MINORS,,
146,aqfyadu2mj90wrl7,Ben the Hen,05xty,"Beavers, Dylan",BAL,LF,OF,MINORS,,
146,aqfyadu2mj90wrl7,Ben the Hen,05yci,"Blanco Jr., Tony",PIT,1B,1B,MINORS,,
146,aqfyadu2mj90wrl7,Ben the Hen,05rb3,"Burns, Chase",CIN,SP,P,ACTIVE,,
146,aqfyadu2mj90wrl7,Ben the Hen,02i2k,"Buxton, Byron",MIN,CF,OF,ACTIVE,,
146,aqfyadu2mj90wrl7,Ben the Hen,06c1j,"Cannarella, Cam",MIA,CF,OF,MINORS,,
146,aqfyadu2mj90wrl7,Ben the Hen,05161,"Canzone, Dominic",SEA,RF,OF,ACTIVE,,
146,aqfyadu2mj90wrl7,Ben the Hen,06rm6,"Chourio, Kendry",KC,SP,P,MINORS,,
146,aqfyadu2mj90wrl7,Ben the Hen,064n8,"Church, Nathan",STL,CF,UT,ACTIVE,,
146,aqfyadu2mj90wrl7,Ben the Hen,05u1y,"Collier, Cam",CIN,1B,1B,MINORS,,
146,aqfyadu2mj90wrl7,Ben the Hen,06pll,"Conrad, Ethan",CHC,CF,OF,MINORS,,
146,aqfyadu2mj90wrl7,Ben the Hen,05yj0,"Dollander, Chase",COL,SP,P,INJURED_RESERVE,,
146,aqfyadu2mj90wrl7,Ben the Hen,060ub,"Emerson, Colt",SEA,SS,SS,MINORS,,
146,aqfyadu2mj90wrl7,Ben the Hen,06qyu,"Fien, Gavin",WSH,SS,3B,MINORS,,
146,aqfyadu2mj90wrl7,Ben the Hen,06mh4,"Florentino, Edward",PIT,CF,OF,MINORS,,
146,aqfyadu2mj90wrl7,Ben the Hen,05raw,"Ford, Harry",WSH,C,C,MINORS,,
146,aqfyadu2mj90wrl7,Ben the Hen,02btx,"Glasnow, Tyler",LAD,SP,P,INJURED_RESERVE,,
146,aqfyadu2mj90wrl7,Ben the Hen,0724b,"Gomez, Angeibel",KC,CF,OF,MINORS,,
146,aqfyadu2mj90wrl7,Ben the Hen,05rcs,"Gonzalez, Gabriel",MIN,LF,OF,MINORS,,
146,aqfyadu2mj90wrl7,Ben the Hen,04aea,"Greene, Hunter",CIN,SP,P,INJURED_RESERVE,,
146,aqfyadu2mj90wrl7,Ben the Hen,04nb2,"Greene, Riley",DET,LF,OF,INJURED_RESERVE,,
146,aqfyadu2mj90wrl7,Ben the Hen,05u3u,"Griffin, Konnor",PIT,SS,UT,INJURED_RESERVE,,
146,aqfyadu2mj90wrl7,Ben the Hen,03pit,"Grisham, Trent",NYY,CF,OF,ACTIVE,,
146,aqfyadu2mj90wrl7,Ben the Hen,0518n,"Grissom, Vaughn",LAA,2B,UT,RESERVE,,
146,aqfyadu2mj90wrl7,Ben the Hen,02n96,"Hader, Josh",HOU,RP,P,ACTIVE,,
146,aqfyadu2mj90wrl7,Ben the Hen,06rw2,"Hall, Steele",CIN,SS,SS,MINORS,,
146,aqfyadu2mj90wrl7,Ben the Hen,06cqi,"Hammond, Josh",KC,SS,3B,MINORS,,
146,aqfyadu2mj90wrl7,Ben the Hen,04hyc,"Herrera, Ivan",STL,DH,C,ACTIVE,,
146,aqfyadu2mj90wrl7,Ben the Hen,051ia,"Horwitz, Spencer",PIT,1B,UT,ACTIVE,,
146,aqfyadu2mj90wrl7,Ben the Hen,06c10,"Irish, Ike",BAL,C,C,MINORS,,
146,aqfyadu2mj90wrl7,Ben the Hen,05zh9,"Keaschall, Luke",MIN,2B,MI,ACTIVE,,
146,aqfyadu2mj90wrl7,Ben the Hen,041r1,"Luzardo, Jesus",PHI,SP,P,ACTIVE,,
146,aqfyadu2mj90wrl7,Ben the Hen,01svq,"Machado, Manny",SD,3B,3B,ACTIVE,,
146,aqfyadu2mj90wrl7,Ben the Hen,06ibv,"Made, Jesus",MIL,SS,SS,MINORS,,
146,aqfyadu2mj90wrl7,Ben the Hen,04qnd,"Marte, Noelvi",CIN,RF,3B,MINORS,,
146,aqfyadu2mj90wrl7,Ben the Hen,05ucd,"Miller, Mason",SD,RP,P,ACTIVE,,
146,aqfyadu2mj90wrl7,Ben the Hen,061yu,"Misiorowski, Jacob",MIL,SP,P,ACTIVE,,
146,aqfyadu2mj90wrl7,Ben the Hen,02mzg,"Muncy, Max",LAD,3B,CI,ACTIVE,,
146,aqfyadu2mj90wrl7,Ben the Hen,06pg4,"Ortiz, Deniel",STL,3B,1B,MINORS,,
146,aqfyadu2mj90wrl7,Ben the Hen,05r3i,"Painter, Andrew",PHI,SP,P,MINORS,,
146,aqfyadu2mj90wrl7,Ben the Hen,05184,"Pasquantino, Vinnie",KC,1B,UT,INJURED_RESERVE,,
146,aqfyadu2mj90wrl7,Ben the Hen,041ma,"Ragans, Cole",KC,SP,P,INJURED_RESERVE,,
146,aqfyadu2mj90wrl7,Ben the Hen,05vy9,"Ramirez, Pedro",CHC,3B,2B,MINORS,,
146,aqfyadu2mj90wrl7,Ben the Hen,03pom,"Riley, Austin",ATL,3B,UT,ACTIVE,,
146,aqfyadu2mj90wrl7,Ben the Hen,02c2r,"Rodon, Carlos",NYY,SP,P,INJURED_RESERVE,,
146,aqfyadu2mj90wrl7,Ben the Hen,04fhb,"Rodriguez, Julio",SEA,CF,OF,ACTIVE,,
146,aqfyadu2mj90wrl7,Ben the Hen,063vu,"Shaw, Matt",CHC,3B,UT,MINORS,,
146,aqfyadu2mj90wrl7,Ben the Hen,04ptt,"Skubal, Tarik",LAD,SP,P,ACTIVE,,
146,aqfyadu2mj90wrl7,Ben the Hen,06ier,"Sloan, Ryan",SEA,SP,P,MINORS,,
146,aqfyadu2mj90wrl7,Ben the Hen,02bqr,"Snell, Blake",LAD,SP,P,ACTIVE,,
146,aqfyadu2mj90wrl7,Ben the Hen,05u9o,"Stewart, Sal",CIN,1B,1B,ACTIVE,,
146,aqfyadu2mj90wrl7,Ben the Hen,02c68,"Turner, Trea",PHI,SS,SS,ACTIVE,,
146,aqfyadu2mj90wrl7,Ben the Hen,051bm,"Varland, Louis",TOR,RP,P,ACTIVE,,
146,aqfyadu2mj90wrl7,Ben the Hen,01sb3,"Wheeler, Zack",PHI,SP,P,ACTIVE,,
146,aqfyadu2mj90wrl7,Ben the Hen,05rat,"Wood, James",WSH,LF,OF,INJURED_RESERVE,,
146,aqfyadu2mj90wrl7,Ben the Hen,05r3a,"Young, Brandon",BAL,SP,P,ACTIVE,,
146,6tnz8jgemj90wrl7,Bobby and the NitWitts,05g4k,"Abel, Mick",MIN,SP,P,INJURED_RESERVE,,
146,6tnz8jgemj90wrl7,Bobby and the NitWitts,025it,"Adam, Jason",SD,RP,P,INJURED_RESERVE,,
146,6tnz8jgemj90wrl7,Bobby and the NitWitts,06uwm,"Arana, Luis",MIA,3B,3B,MINORS,,
146,6tnz8jgemj90wrl7,Bobby and the NitWitts,071wa,"Asigen, Wandy",NYM,SS,SS,MINORS,,
146,6tnz8jgemj90wrl7,Bobby and the NitWitts,0316v,"Bauers, Jake",MIL,LF,CI,ACTIVE,,
146,6tnz8jgemj90wrl7,Bobby and the NitWitts,062e0,"Caminiti, Cam",ATL,SP,P,MINORS,,
146,6tnz8jgemj90wrl7,Bobby and the NitWitts,03nuc,"Castillo, Luis",CHW,SP,P,ACTIVE,,
146,6tnz8jgemj90wrl7,Bobby and the NitWitts,03df2,"Cease, Dylan",TOR,SP,P,ACTIVE,,
146,6tnz8jgemj90wrl7,Bobby and the NitWitts,01gya,"Chapman, Aroldis",BOS,RP,P,ACTIVE,,
146,6tnz8jgemj90wrl7,Bobby and the NitWitts,05yix,"Chourio, Jaison",CLE,CF,OF,MINORS,,
146,6tnz8jgemj90wrl7,Bobby and the NitWitts,05u9y,"Clark, Max",DET,CF,OF,MINORS,,
146,6tnz8jgemj90wrl7,Bobby and the NitWitts,04mn2,"Conine, Griffin",MIA,LF,OF,ACTIVE,,
146,6tnz8jgemj90wrl7,Bobby and the NitWitts,03yrz,"Contreras, William",MIL,C,C,ACTIVE,,
146,6tnz8jgemj90wrl7,Bobby and the NitWitts,05ajh,"Crochet, Garrett",BOS,SP,P,INJURED_RESERVE,,
146,6tnz8jgemj90wrl7,Bobby and the NitWitts,067z9,"Cunningham, Kayson",ARI,SS,SS,MINORS,,
146,6tnz8jgemj90wrl7,Bobby and the NitWitts,03m6o,"Diaz, Yandy",TB,DH,1B,ACTIVE,,
146,6tnz8jgemj90wrl7,Bobby and the NitWitts,050c3,"Dominguez, Jasson",NYY,LF,OF,MINORS,,
146,6tnz8jgemj90wrl7,Bobby and the NitWitts,05u96,"Eldridge, Bryce",SF,1B,1B,MINORS,,
146,6tnz8jgemj90wrl7,Bobby and the NitWitts,06o01,"Flewelling, Nathan",TB,C,C,MINORS,,
146,6tnz8jgemj90wrl7,Bobby and the NitWitts,06yjx,"Franklin, Tanner",STL,SP,P,MINORS,,
146,6tnz8jgemj90wrl7,Bobby and the NitWitts,06v26,"German, Marconi",WSH,2B,SS,MINORS,,
146,6tnz8jgemj90wrl7,Bobby and the NitWitts,03nmw,"Happ, Ian",CHC,LF,OF,ACTIVE,,
146,6tnz8jgemj90wrl7,Bobby and the NitWitts,0516x,"Headrick, Brent",NYY,RP,P,ACTIVE,,
146,6tnz8jgemj90wrl7,Bobby and the NitWitts,04up9,"Hernandez, Heriberto",MIA,LF,UT,ACTIVE,,
146,6tnz8jgemj90wrl7,Bobby and the NitWitts,06yt8,"Hernandez, Miguel",STL,SS,SS,MINORS,,
146,6tnz8jgemj90wrl7,Bobby and the NitWitts,02xic,"Hernandez, Teoscar",LAD,RF,OF,ACTIVE,,
146,6tnz8jgemj90wrl7,Bobby and the NitWitts,03aqv,"Iglesias, Raisel",ATL,RP,P,ACTIVE,,
146,6tnz8jgemj90wrl7,Bobby and the NitWitts,062k5,"Kurtz, Nick",ATH,1B,1B,INJURED_RESERVE,,
146,6tnz8jgemj90wrl7,Bobby and the NitWitts,05r1m,"Lawlar, Jordan",ARI,3B,3B,MINORS,,
146,6tnz8jgemj90wrl7,Bobby and the NitWitts,05t2b,"Lile, Daylen",WSH,RF,OF,ACTIVE,,
146,6tnz8jgemj90wrl7,Bobby and the NitWitts,03qjy,"Lowe, Brandon",PIT,2B,2B,ACTIVE,,
146,6tnz8jgemj90wrl7,Bobby and the NitWitts,06y0k,"Marquez, Ramon",SF,SP,P,MINORS,,
146,6tnz8jgemj90wrl7,Bobby and the NitWitts,05ahe,"Mead, Curtis",BOS,1B,UT,INJURED_RESERVE,,
146,6tnz8jgemj90wrl7,Bobby and the NitWitts,05y3q,"Mitchell, Blake",KC,C,C,MINORS,,
146,6tnz8jgemj90wrl7,Bobby and the NitWitts,04vvy,"Monasterio, Andruw",BOS,SS,UT,ACTIVE,,
146,6tnz8jgemj90wrl7,Bobby and the NitWitts,05rch,"Montgomery, Colson",CHW,SS,MI,ACTIVE,,
146,6tnz8jgemj90wrl7,Bobby and the NitWitts,06r8u,"Morii, Shotaro",ATH,SS,SS,MINORS,,
146,6tnz8jgemj90wrl7,Bobby and the NitWitts,06fzu,"Okamoto, Kazuma",TOR,3B,3B,ACTIVE,,
146,6tnz8jgemj90wrl7,Bobby and the NitWitts,031cy,"Pagan, Emilio",CIN,RP,P,ACTIVE,,
146,6tnz8jgemj90wrl7,Bobby and the NitWitts,06m0g,"Pena, Elian",NYM,SS,SS,MINORS,,
146,6tnz8jgemj90wrl7,Bobby and the NitWitts,067xg,"Perry, Nolan",TOR,SP,P,MINORS,,
146,6tnz8jgemj90wrl7,Bobby and the NitWitts,01spl,"Profar, Jurickson",ATL,LF,UT,INJURED_RESERVE,,
146,6tnz8jgemj90wrl7,Bobby and the NitWitts,0724c,"Renteria, Francisco",PHI,CF,OF,MINORS,,
146,6tnz8jgemj90wrl7,Bobby and the NitWitts,06ps4,"Rodriguez, Cris",DET,CF,OF,MINORS,,
146,6tnz8jgemj90wrl7,Bobby and the NitWitts,06hoc,"Rodriguez, Raudi",LAA,RF,OF,MINORS,,
146,6tnz8jgemj90wrl7,Bobby and the NitWitts,03cag,"Schwarber, Kyle",PHI,DH,UT,ACTIVE,,
146,6tnz8jgemj90wrl7,Bobby and the NitWitts,05tq1,"Schwellenbach, Spencer",ATL,SP,P,INJURED_RESERVE,,
146,6tnz8jgemj90wrl7,Bobby and the NitWitts,03pov,"Singer, Brady",CIN,SP,P,ACTIVE,,
146,6tnz8jgemj90wrl7,Bobby and the NitWitts,05wru,"Skenes, Paul",PIT,SP,P,ACTIVE,,
146,6tnz8jgemj90wrl7,Bobby and the NitWitts,05zd4,"Smith, Hagen",CHW,SP,P,MINORS,,
146,6tnz8jgemj90wrl7,Bobby and the NitWitts,03deg,"Steele, Justin",CHC,SP,P,INJURED_RESERVE,,
146,6tnz8jgemj90wrl7,Bobby and the NitWitts,04y97,"Stowers, Kyle",MIA,LF,OF,INJURED_RESERVE,,
146,6tnz8jgemj90wrl7,Bobby and the NitWitts,02jh6,"Suarez, Eugenio",CIN,3B,UT,ACTIVE,,
146,6tnz8jgemj90wrl7,Bobby and the NitWitts,03et8,"Suarez, Ranger",BOS,SP,P,ACTIVE,,
146,6tnz8jgemj90wrl7,Bobby and the NitWitts,04b02,"Suzuki, Seiya",CHC,DH,OF,ACTIVE,,
146,6tnz8jgemj90wrl7,Bobby and the NitWitts,05nso,"Uribe, Abner",MIL,RP,P,INJURED_RESERVE,,
146,6tnz8jgemj90wrl7,Bobby and the NitWitts,04mnw,"Weathers, Ryan",NYY,SP,P,ACTIVE,,
146,6tnz8jgemj90wrl7,Bobby and the NitWitts,0473n,"Wells, Tyler",TB,SP,P,ACTIVE,,
146,6tnz8jgemj90wrl7,Bobby and the NitWitts,05tp6,"White, Thomas",MIA,SP,P,MINORS,,
146,6tnz8jgemj90wrl7,Bobby and the NitWitts,06n8y,"Willits, Eli",WSH,SS,SS,MINORS,,
146,6tnz8jgemj90wrl7,Bobby and the NitWitts,04lgp,"Witt Jr., Bobby",KC,SS,SS,ACTIVE,,
146,bw696uo5mj90wrl7,Cant Park Here,06hth,"Adamczewski, Josh",MIL,SS,SS,MINORS,,
146,bw696uo5mj90wrl7,Cant Park Here,06582,"Adams, Luke",MIL,3B,1B,MINORS,,
146,bw696uo5mj90wrl7,Cant Park Here,06ahe,"Alderman, Kemp",MIA,RF,OF,MINORS,,
146,bw696uo5mj90wrl7,Cant Park Here,05ydp,"Anderson, Kade",SEA,SP,P,MINORS,,
146,bw696uo5mj90wrl7,Cant Park Here,06kkn,"Arguelles, Cristian",COL,CF,OF,MINORS,,
146,bw696uo5mj90wrl7,Cant Park Here,04pmq,"Ashcraft, Braxton",PIT,RP,P,ACTIVE,,
146,bw696uo5mj90wrl7,Cant Park Here,0630d,"Baldwin, Drake",ATL,C,C,ACTIVE,,
146,bw696uo5mj90wrl7,Cant Park Here,05t64,"Bautista, Felix",BAL,RP,P,INJURED_RESERVE,,
146,bw696uo5mj90wrl7,Cant Park Here,060i2,"Bennett, Jake",BOS,SP,P,ACTIVE,,
146,bw696uo5mj90wrl7,Cant Park Here,02btf,"Betts, Mookie",LAD,SS,UT,ACTIVE,,
146,bw696uo5mj90wrl7,Cant Park Here,04y95,"Bleday, JJ",CIN,CF,OF,ACTIVE,,
146,bw696uo5mj90wrl7,Cant Park Here,06icx,"Bremner, Tyler",LAA,SP,P,MINORS,,
146,bw696uo5mj90wrl7,Cant Park Here,062jb,"Burke, Blake",MIL,1B,1B,MINORS,,
146,bw696uo5mj90wrl7,Cant Park Here,05m1e,"Chourio, Jackson",MIL,CF,OF,ACTIVE,,
146,bw696uo5mj90wrl7,Cant Park Here,03zlh,"Cruz, Oneil",PIT,CF,OF,INJURED_RESERVE,,
146,bw696uo5mj90wrl7,Cant Park Here,06rvt,"Davalan, Charles",LAD,CF,OF,MINORS,,
146,bw696uo5mj90wrl7,Cant Park Here,05udp,"De La Cruz, Elly",CIN,SS,UT,ACTIVE,,
146,bw696uo5mj90wrl7,Cant Park Here,02my5,"Diaz, Edwin",LAD,RP,P,ACTIVE,,
146,bw696uo5mj90wrl7,Cant Park Here,05y6w,"Dobbins, Hunter",STL,SP,P,ACTIVE,,
146,bw696uo5mj90wrl7,Cant Park Here,03aqw,"Dubon, Mauricio",ATL,LF,OF,ACTIVE,,
146,bw696uo5mj90wrl7,Cant Park Here,06alr,"Ebel, Brady",MIL,SS,SS,MINORS,,
146,bw696uo5mj90wrl7,Cant Park Here,03mnq,"Estevez, Carlos",KC,RP,P,INJURED_RESERVE,,
146,bw696uo5mj90wrl7,Cant Park Here,072pa,"Frontado, Diego",MIL,SS,SS,MINORS,,
146,bw696uo5mj90wrl7,Cant Park Here,0512v,"Harris II, Michael",ATL,CF,OF,ACTIVE,,
146,bw696uo5mj90wrl7,Cant Park Here,05js3,"Harrison, Kyle",MIL,SP,P,ACTIVE,,
146,bw696uo5mj90wrl7,Cant Park Here,06pi0,"Hartman, Eric",ATL,CF,2B,MINORS,,
146,bw696uo5mj90wrl7,Cant Park Here,050w9,"Henderson, Gunnar",BAL,SS,SS,ACTIVE,,
146,bw696uo5mj90wrl7,Cant Park Here,05uo2,"Henderson, Logan",MIL,SP,P,ACTIVE,,
146,bw696uo5mj90wrl7,Cant Park Here,06f1b,"Hopkins, Brody",TB,SP,P,MINORS,,
146,bw696uo5mj90wrl7,Cant Park Here,04ppz,"Irvin, Jake",WSH,SP,P,ACTIVE,,
146,bw696uo5mj90wrl7,Cant Park Here,05t9g,"Jump, Gage",ATH,SP,P,ACTIVE,,
146,bw696uo5mj90wrl7,Cant Park Here,06dsa,"Karros, Kyle",COL,3B,3B,INJURED_RESERVE,,
146,bw696uo5mj90wrl7,Cant Park Here,04o4s,"Langeliers, Shea",ATH,C,UT,INJURED_RESERVE,,
146,bw696uo5mj90wrl7,Cant Park Here,04yig,"Lee, Brooks",MIN,SS,2B,ACTIVE,,
146,bw696uo5mj90wrl7,Cant Park Here,02611,"Lindor, Francisco",NYM,SS,UT,ACTIVE,,
146,bw696uo5mj90wrl7,Cant Park Here,04pxf,"Martin, Davis",CHW,SP,P,INJURED_RESERVE,,
146,bw696uo5mj90wrl7,Cant Park Here,02c4q,"Martinez, Nick",TB,SP,P,ACTIVE,,
146,bw696uo5mj90wrl7,Cant Park Here,03dau,"Megill, Trevor",MIL,RP,P,ACTIVE,,
146,bw696uo5mj90wrl7,Cant Park Here,05rcg,"Montgomery, Braden",CHW,CF,OF,ACTIVE,,
146,bw696uo5mj90wrl7,Cant Park Here,05xu5,"Neto, Zach",LAA,SS,MI,ACTIVE,,
146,bw696uo5mj90wrl7,Cant Park Here,05y3p,"Nimmala, Arjun",LAA,SS,SS,MINORS,,
146,bw696uo5mj90wrl7,Cant Park Here,0513c,"Ortiz, Joey",MIL,SS,3B,ACTIVE,,
146,bw696uo5mj90wrl7,Cant Park Here,06kkf,"Payne, Braylon",MIL,CF,OF,MINORS,,
146,bw696uo5mj90wrl7,Cant Park Here,06j3f,"Pena, Luis",MIL,SS,SS,MINORS,,
146,bw696uo5mj90wrl7,Cant Park Here,050vn,"Priester, Quinn",MIL,SP,P,INJURED_RESERVE,,
146,bw696uo5mj90wrl7,Cant Park Here,06c79,"Quintero, Eduardo",LAD,CF,C,MINORS,,
146,bw696uo5mj90wrl7,Cant Park Here,06zi7,"Ragsdale, Josiah",STL,CF,OF,MINORS,,
146,bw696uo5mj90wrl7,Cant Park Here,05xoo,"Rodriguez, Elmer",NYY,SP,P,MINORS,,
146,bw696uo5mj90wrl7,Cant Park Here,06mnp,"Rodriguez, Rainiel",STL,C,C,MINORS,,
146,bw696uo5mj90wrl7,Cant Park Here,061mh,"Snelling, Robby",MIA,SP,P,INJURED_RESERVE,,
146,bw696uo5mj90wrl7,Cant Park Here,0515o,"Sproat, Brandon",MIL,SP,P,RESERVE,,
146,bw696uo5mj90wrl7,Cant Park Here,05y7n,"Susana, Jarlin",WSH,SP,P,MINORS,,
146,bw696uo5mj90wrl7,Cant Park Here,06ekq,"Thornton, Zac",NYM,SP,P,RESERVE,,
146,bw696uo5mj90wrl7,Cant Park Here,067yp,"Velazquez, Ralphy",CLE,1B,C,MINORS,,
146,bw696uo5mj90wrl7,Cant Park Here,06f1c,"Wenninger, Jack",NYM,SP,P,MINORS,,
146,bw696uo5mj90wrl7,Cant Park Here,06ms5,"Witherspoon, Kyson",BAL,SP,P,MINORS,,
146,bw696uo5mj90wrl7,Cant Park Here,02bu3,"Woodruff, Brandon",MIL,SP,P,INJURED_RESERVE,,
146,bw696uo5mj90wrl7,Cant Park Here,05y9r,"Wrobleski, Justin",LAD,RP,P,INJURED_RESERVE,,
146,bw696uo5mj90wrl7,Cant Park Here,025dn,"Yelich, Christian",MIL,DH,UT,ACTIVE,,
146,bw696uo5mj90wrl7,Cant Park Here,06207,"Zazueta, Christian",LAD,SP,P,MINORS,,
146,jk36oo1hmj90wrl7,Daddy Yankee,03wha,"Acuna Jr., Ronald",ATL,RF,OF,ACTIVE,,
146,jk36oo1hmj90wrl7,Daddy Yankee,03atq,"Adames, Willy",SF,SS,UT,ACTIVE,,
146,jk36oo1hmj90wrl7,Daddy Yankee,041pz,"Alonso, Pete",BAL,1B,CI,ACTIVE,,
146,jk36oo1hmj90wrl7,Daddy Yankee,024m0,"Altuve, Jose",HOU,2B,MI,ACTIVE,,
146,jk36oo1hmj90wrl7,Daddy Yankee,06psn,"Alvarez, Kevin",HOU,CF,OF,MINORS,,
146,jk36oo1hmj90wrl7,Daddy Yankee,05rcj,"Arroyo, Edwin",CIN,SS,UT,MINORS,,
146,jk36oo1hmj90wrl7,Daddy Yankee,03pdw,"Benintendi, Andrew",CHW,LF,UT,ACTIVE,,
146,jk36oo1hmj90wrl7,Daddy Yankee,02w7p,"Bregman, Alex",CHC,3B,3B,ACTIVE,,
146,jk36oo1hmj90wrl7,Daddy Yankee,04eos,"Cantillo, Joey",CLE,RP,P,ACTIVE,,
146,jk36oo1hmj90wrl7,Daddy Yankee,05mdt,"Carter, Evan",TEX,CF,UT,MINORS,,
146,jk36oo1hmj90wrl7,Daddy Yankee,03btu,"Castro, Willi",COL,2B,OF,ACTIVE,,
146,jk36oo1hmj90wrl7,Daddy Yankee,05gef,"Cavalli, Cade",WSH,SP,P,ACTIVE,,
146,jk36oo1hmj90wrl7,Daddy Yankee,066mn,"Cespedes, Yoeilin",BOS,2B,SS,MINORS,,
146,jk36oo1hmj90wrl7,Daddy Yankee,03d6s,"Chapman, Matt",SF,3B,UT,INJURED_RESERVE,,
146,jk36oo1hmj90wrl7,Daddy Yankee,045qo,"Chisholm Jr., Jazz",NYY,2B,UT,RESERVE,,
146,jk36oo1hmj90wrl7,Daddy Yankee,03oh0,"Contreras, Willson",BOS,1B,1B,RESERVE,,
146,jk36oo1hmj90wrl7,Daddy Yankee,06yd4,"Dos Santos, Sebastian",STL,SS,SS,MINORS,,
146,jk36oo1hmj90wrl7,Daddy Yankee,04eud,"Drohan, Shane",MIL,SP,P,MINORS,,
146,jk36oo1hmj90wrl7,Daddy Yankee,04nqx,"Duran, Ezequiel",TEX,SS,2B,ACTIVE,,
146,jk36oo1hmj90wrl7,Daddy Yankee,06f1r,"Early, Connelly",WSH,SP,P,INJURED_RESERVE,,
146,jk36oo1hmj90wrl7,Daddy Yankee,072p5,"Fermin, Albert",HOU,SS,SS,MINORS,,
146,jk36oo1hmj90wrl7,Daddy Yankee,06p5z,"Fitz-Gerald, Devin",WSH,SS,SS,MINORS,,
146,jk36oo1hmj90wrl7,Daddy Yankee,01cgo,"Freeman, Freddie",LAD,1B,1B,ACTIVE,,
146,jk36oo1hmj90wrl7,Daddy Yankee,06yjs,"Frey, Ethan",HOU,CF,OF,MINORS,,
146,jk36oo1hmj90wrl7,Daddy Yankee,06hsz,"Gil, John",ATL,SS,SS,MINORS,,
146,jk36oo1hmj90wrl7,Daddy Yankee,06mff,"Gonzales, Justin",BOS,RF,OF,MINORS,,
146,jk36oo1hmj90wrl7,Daddy Yankee,05u2v,"Goodman, Hunter",COL,C,C,ACTIVE,,
146,jk36oo1hmj90wrl7,Daddy Yankee,06mvg,"Gray, Murf",PIT,3B,3B,MINORS,,
146,jk36oo1hmj90wrl7,Daddy Yankee,05u3v,"Jenkins, Walker",MIN,CF,OF,MINORS,,
146,jk36oo1hmj90wrl7,Daddy Yankee,02z0s,"Judge, Aaron",NYY,RF,OF,INJURED_RESERVE,,
146,jk36oo1hmj90wrl7,Daddy Yankee,06oo7,"Keys, Sean",TOR,3B,1B,MINORS,,
146,jk36oo1hmj90wrl7,Daddy Yankee,04yie,"Kirby, George",SEA,SP,P,ACTIVE,,
146,jk36oo1hmj90wrl7,Daddy Yankee,04pr1,"Kwan, Steven",CLE,LF,OF,ACTIVE,,
146,jk36oo1hmj90wrl7,Daddy Yankee,060yn,"Lara, Luis",MIL,CF,UT,MINORS,,
146,jk36oo1hmj90wrl7,Daddy Yankee,07261,"Luna, Emanuel",STL,CF,OF,MINORS,,
146,jk36oo1hmj90wrl7,Daddy Yankee,0769m,"Matos, Leanders",MIL,SS,UT,MINORS,,
146,jk36oo1hmj90wrl7,Daddy Yankee,04mlt,"McClanahan, Shane",TB,SP,P,INJURED_RESERVE,,
146,jk36oo1hmj90wrl7,Daddy Yankee,05uc4,"Melton, Troy",DET,RP,P,ACTIVE,,
146,jk36oo1hmj90wrl7,Daddy Yankee,05a2d,"Meyer, Max",MIA,SP,P,INJURED_RESERVE,,
146,jk36oo1hmj90wrl7,Daddy Yankee,05u36,"Miller, Aidan",PHI,SS,3B,MINORS,,
146,jk36oo1hmj90wrl7,Daddy Yankee,072hk,"Moneys, Ricki",MIL,SS,SS,MINORS,,
146,jk36oo1hmj90wrl7,Daddy Yankee,041e2,"Moniak, Mickey",COL,RF,UT,ACTIVE,,
146,jk36oo1hmj90wrl7,Daddy Yankee,03dgq,"OHearn, Ryan",PIT,1B,OF,INJURED_RESERVE,,
146,jk36oo1hmj90wrl7,Daddy Yankee,04pbq,"Perdomo, Geraldo",ARI,SS,SS,ACTIVE,,
146,jk36oo1hmj90wrl7,Daddy Yankee,0316j,"Pivetta, Nick",SD,SP,P,INJURED_RESERVE,,
146,jk36oo1hmj90wrl7,Daddy Yankee,05joq,"Prielipp, Connor",MIN,SP,P,MINORS,,
146,jk36oo1hmj90wrl7,Daddy Yankee,07262,"Rijo, Juan",SEA,CF,OF,MINORS,,
146,jk36oo1hmj90wrl7,Daddy Yankee,01uca,"Sale, Chris",ATL,SP,P,ACTIVE,,
146,jk36oo1hmj90wrl7,Daddy Yankee,052c8,"Sanchez, Cristopher",PHI,SP,P,ACTIVE,,
146,jk36oo1hmj90wrl7,Daddy Yankee,05u6q,"Schlittler, Cam",NYY,SP,P,ACTIVE,,
146,jk36oo1hmj90wrl7,Daddy Yankee,060jo,"Smith, Cam",HOU,RF,OF,ACTIVE,,
146,jk36oo1hmj90wrl7,Daddy Yankee,03pjf,"Soroka, Michael",ARI,SP,P,ACTIVE,,
146,jk36oo1hmj90wrl7,Daddy Yankee,025he,"Springer, George",TOR,RF,OF,ACTIVE,,
146,jk36oo1hmj90wrl7,Daddy Yankee,05mre,"Strider, Spencer",ATL,SP,P,INJURED_RESERVE,,
146,jk36oo1hmj90wrl7,Daddy Yankee,0629b,"Urena, Walbert",LAA,SP,P,MINORS,,
146,jk36oo1hmj90wrl7,Daddy Yankee,07248,"Valdez, Victor",TB,SS,SS,MINORS,,
146,jk36oo1hmj90wrl7,Daddy Yankee,02iug,"Wacha, Michael",KC,SP,P,ACTIVE,,
146,jk36oo1hmj90wrl7,Daddy Yankee,06dlz,"Waldschmidt, Ryan",ARI,LF,OF,MINORS,,
146,jk36oo1hmj90wrl7,Daddy Yankee,02mw3,"Walker, Christian",HOU,1B,UT,ACTIVE,,
146,jk36oo1hmj90wrl7,Daddy Yankee,05rc3,"Yoshida, Masataka",BOS,DH,UT,INJURED_RESERVE,,
146,k7c57nf4mj90wrl8,Hand Foot Mouth Disease Guys,05u9z,"Anthony, Roman",BOS,RF,OF,INJURED_RESERVE,,
146,k7c57nf4mj90wrl8,Hand Foot Mouth Disease Guys,05t9v,"Aranda, Jonathan",TB,1B,CI,ACTIVE,,
146,k7c57nf4mj90wrl8,Hand Foot Mouth Disease Guys,06ool,"Ayers, Owen",CHC,C,C,MINORS,,
146,k7c57nf4mj90wrl8,Hand Foot Mouth Disease Guys,041w4,"Baker, Bryan",TB,RP,P,ACTIVE,,
146,k7c57nf4mj90wrl8,Hand Foot Mouth Disease Guys,04qii,"Barger, Addison",TOR,3B,OF,INJURED_RESERVE,,
146,k7c57nf4mj90wrl8,Hand Foot Mouth Disease Guys,05rbv,"Basallo, Samuel",BAL,C,UT,INJURED_RESERVE,,
146,k7c57nf4mj90wrl8,Hand Foot Mouth Disease Guys,04aqc,"Bednar, David",NYY,RP,P,ACTIVE,,
146,k7c57nf4mj90wrl8,Hand Foot Mouth Disease Guys,05y7t,"Bolte, Henry",ATH,RF,UT,MINORS,,
146,k7c57nf4mj90wrl8,Hand Foot Mouth Disease Guys,0637j,"Briceno, Josue",DET,C,C,MINORS,,
146,k7c57nf4mj90wrl8,Hand Foot Mouth Disease Guys,04o2w,"Brown, Ben",CHC,SP,P,INJURED_RESERVE,,
146,k7c57nf4mj90wrl8,Hand Foot Mouth Disease Guys,05ge1,"Clifford, Ryan",NYM,1B,1B,MINORS,,
146,k7c57nf4mj90wrl8,Hand Foot Mouth Disease Guys,064o4,"Crisantes, Demetrio",ARI,2B,SS,MINORS,,
146,k7c57nf4mj90wrl8,Hand Foot Mouth Disease Guys,051wv,"Crow-Armstrong, Pete",CHC,CF,OF,ACTIVE,,
146,k7c57nf4mj90wrl8,Hand Foot Mouth Disease Guys,06o8q,"Cruz, Ronny",WSH,SS,SS,MINORS,,
146,k7c57nf4mj90wrl8,Hand Foot Mouth Disease Guys,06r9b,"De Los Santos, Johan",PIT,2B,2B,MINORS,,
146,k7c57nf4mj90wrl8,Hand Foot Mouth Disease Guys,030uc,"Devers, Rafael",SF,DH,1B,ACTIVE,,
146,k7c57nf4mj90wrl8,Hand Foot Mouth Disease Guys,05y4b,"Durbin, Caleb",BOS,3B,3B,ACTIVE,,
146,k7c57nf4mj90wrl8,Hand Foot Mouth Disease Guys,0630n,"Estrada, Aron",BAL,2B,2B,MINORS,,
146,k7c57nf4mj90wrl8,Hand Foot Mouth Disease Guys,06mph,"Eyanson, Anthony",BAL,SP,P,MINORS,,
146,k7c57nf4mj90wrl8,Hand Foot Mouth Disease Guys,06yxh,"Flemming, Cooper",TB,SS,SS,MINORS,,
146,k7c57nf4mj90wrl8,Hand Foot Mouth Disease Guys,06qr6,"George, Nate",BAL,CF,OF,MINORS,,
146,k7c57nf4mj90wrl8,Hand Foot Mouth Disease Guys,04n0m,"Gilbert, Logan",SEA,SP,P,ACTIVE,,
146,k7c57nf4mj90wrl8,Hand Foot Mouth Disease Guys,04xne,"Gomez, Yoendrys",MIN,RP,P,ACTIVE,,
146,k7c57nf4mj90wrl8,Hand Foot Mouth Disease Guys,0260v,"Gray, Sonny",BOS,SP,P,ACTIVE,,
146,k7c57nf4mj90wrl8,Hand Foot Mouth Disease Guys,06y9r,"Gray, Taitn",TB,C,C,MINORS,,
146,k7c57nf4mj90wrl8,Hand Foot Mouth Disease Guys,03ojr,"Guerrero Jr., Vladimir",TOR,1B,UT,INJURED_RESERVE,,
146,k7c57nf4mj90wrl8,Hand Foot Mouth Disease Guys,06kjz,"Harlan, Chase",LAD,3B,3B,MINORS,,
146,k7c57nf4mj90wrl8,Hand Foot Mouth Disease Guys,06mps,"Houston, Marek",MIN,SS,SS,MINORS,,
146,k7c57nf4mj90wrl8,Hand Foot Mouth Disease Guys,06z0x,"Hunter, Caden",BAL,SP,P,MINORS,,
146,k7c57nf4mj90wrl8,Hand Foot Mouth Disease Guys,05vy5,"Jensen, Carter",KC,C,UT,ACTIVE,,
146,k7c57nf4mj90wrl8,Hand Foot Mouth Disease Guys,06utg,"Kilby, Dax",NYY,SS,SS,MINORS,,
146,k7c57nf4mj90wrl8,Hand Foot Mouth Disease Guys,06ich,"Level, Jhonny",SF,SS,SS,MINORS,,
146,k7c57nf4mj90wrl8,Hand Foot Mouth Disease Guys,06fwm,"Long, Jonathon",MIA,1B,1B,MINORS,,
146,k7c57nf4mj90wrl8,Hand Foot Mouth Disease Guys,043f9,"Lopez, Pablo",MIN,SP,P,INJURED_RESERVE,,
146,k7c57nf4mj90wrl8,Hand Foot Mouth Disease Guys,0326s,"Marte, Ketel",ARI,2B,2B,ACTIVE,,
146,k7c57nf4mj90wrl8,Hand Foot Mouth Disease Guys,04s1g,"Moreno, Gabriel",ARI,C,C,ACTIVE,,
146,k7c57nf4mj90wrl8,Hand Foot Mouth Disease Guys,05yak,"Neyens, Xavier",HOU,3B,3B,MINORS,,
146,k7c57nf4mj90wrl8,Hand Foot Mouth Disease Guys,02yc4,"Ohtani, Shohei",LAD,DH,UT,ACTIVE,,
146,k7c57nf4mj90wrl8,Hand Foot Mouth Disease Guys,04ppj,"Pena, Jeremy",HOU,SS,SS,ACTIVE,,
146,k7c57nf4mj90wrl8,Hand Foot Mouth Disease Guys,076rp,"Pena, Yostin",NYY,RF,OF,MINORS,,
146,k7c57nf4mj90wrl8,Hand Foot Mouth Disease Guys,05gsi,"Rafaela, Ceddanne",BOS,CF,UT,ACTIVE,,
146,k7c57nf4mj90wrl8,Hand Foot Mouth Disease Guys,025j1,"Ray, Robbie",SD,SP,P,ACTIVE,,
146,k7c57nf4mj90wrl8,Hand Foot Mouth Disease Guys,047l7,"Robert Jr., Luis",NYM,CF,OF,ACTIVE,,
146,k7c57nf4mj90wrl8,Hand Foot Mouth Disease Guys,05yb0,"Rumfield, T.J.",COL,1B,UT,ACTIVE,,
146,k7c57nf4mj90wrl8,Hand Foot Mouth Disease Guys,06rgw,"Sanchez, Juan",TOR,3B,UT,MINORS,,
146,k7c57nf4mj90wrl8,Hand Foot Mouth Disease Guys,03qpi,"Sandoval, Patrick",BOS,SP,P,ACTIVE,,
146,k7c57nf4mj90wrl8,Hand Foot Mouth Disease Guys,05jp4,"Schmitt, Casey",SF,2B,UT,INJURED_RESERVE,,
146,k7c57nf4mj90wrl8,Hand Foot Mouth Disease Guys,05xpq,"Scott, Christian",NYM,SP,P,MINORS,,
146,k7c57nf4mj90wrl8,Hand Foot Mouth Disease Guys,02mw6,"Seager, Corey",TEX,SS,MI,ACTIVE,,
146,k7c57nf4mj90wrl8,Hand Foot Mouth Disease Guys,01cdf,"Stanton, Giancarlo",NYY,DH,UT,INJURED_RESERVE,,
146,k7c57nf4mj90wrl8,Hand Foot Mouth Disease Guys,05ycl,"Sykora, Travis",WSH,SP,P,MINORS,,
146,k7c57nf4mj90wrl8,Hand Foot Mouth Disease Guys,03pir,"Tucker, Kyle",LAD,RF,OF,ACTIVE,,
146,k7c57nf4mj90wrl8,Hand Foot Mouth Disease Guys,05rbw,"Valdez, Esmerlyn",PIT,RF,OF,ACTIVE,,
146,k7c57nf4mj90wrl8,Hand Foot Mouth Disease Guys,04auj,"Valdez, Framber",DET,SP,P,ACTIVE,,
146,k7c57nf4mj90wrl8,Hand Foot Mouth Disease Guys,04efa,"Varsho, Daulton",HOU,CF,OF,ACTIVE,,
146,k7c57nf4mj90wrl8,Hand Foot Mouth Disease Guys,05u2p,"Wiggins, Jaxon",CHC,SP,P,MINORS,,
146,k7c57nf4mj90wrl8,Hand Foot Mouth Disease Guys,05r8n,"Yamamoto, Yoshinobu",LAD,SP,P,ACTIVE,,
146,k7c57nf4mj90wrl8,Hand Foot Mouth Disease Guys,04eoj,"Young, Jared",NYM,1B,1B,RESERVE,,
146,k7c57nf4mj90wrl8,Hand Foot Mouth Disease Guys,02hjp,"deGrom, Jacob",TEX,SP,P,ACTIVE,,
146,qatqhh61mj90wrl7,Je suis Charlie Morton,04qk8,"Abrams, CJ",WSH,SS,SS,ACTIVE,,
146,qatqhh61mj90wrl7,Je suis Charlie Morton,04355,"Alvarez, Yordan",HOU,LF,UT,ACTIVE,,
146,qatqhh61mj90wrl7,Je suis Charlie Morton,06nln,"Azocar, Enddy",BAL,CF,OF,MINORS,,
146,qatqhh61mj90wrl7,Je suis Charlie Morton,041qb,"Bichette, Bo",NYM,SS,3B,ACTIVE,,
146,qatqhh61mj90wrl7,Je suis Charlie Morton,06c5r,"Bodine, Caden",TB,C,C,MINORS,,
146,qatqhh61mj90wrl7,Je suis Charlie Morton,04pr8,"Bradley, Taj",MIN,SP,P,ACTIVE,,
146,qatqhh61mj90wrl7,Je suis Charlie Morton,06kui,"Brito, Roldy",COL,CF,2B,MINORS,,
146,qatqhh61mj90wrl7,Je suis Charlie Morton,05144,"Brown, Hunter",HOU,SP,P,ACTIVE,,
146,qatqhh61mj90wrl7,Je suis Charlie Morton,04t9b,"Busch, Michael",CHC,1B,UT,ACTIVE,,
146,qatqhh61mj90wrl7,Je suis Charlie Morton,06mmx,"Caceres, Juneiker",CLE,RF,OF,MINORS,,
146,qatqhh61mj90wrl7,Je suis Charlie Morton,04y4e,"Carroll, Corbin",ARI,RF,OF,ACTIVE,,
146,qatqhh61mj90wrl7,Je suis Charlie Morton,06icj,"Castillo, Yolfran",TEX,SS,3B,MINORS,,
146,qatqhh61mj90wrl7,Je suis Charlie Morton,060m8,"Cijntje, Jurrangelo",STL,SP,P,MINORS,,
146,qatqhh61mj90wrl7,Je suis Charlie Morton,01spo,"Cole, Gerrit",NYY,SP,P,ACTIVE,,
146,qatqhh61mj90wrl7,Je suis Charlie Morton,05y30,"Crawford, Justin",PHI,CF,OF,MINORS,,
146,qatqhh61mj90wrl7,Je suis Charlie Morton,06hua,"Davidson, Bo",SF,CF,OF,MINORS,,
146,qatqhh61mj90wrl7,Je suis Charlie Morton,061zv,"De Paula, Josue",LAD,RF,UT,MINORS,,
146,qatqhh61mj90wrl7,Je suis Charlie Morton,067yc,"De Vries, Leo",ATH,SS,SS,MINORS,,
146,qatqhh61mj90wrl7,Je suis Charlie Morton,04pse,"Donovan, Brendan",SEA,2B,UT,ACTIVE,,
146,qatqhh61mj90wrl7,Je suis Charlie Morton,06kk6,"Doughty, Braylon",CLE,SP,P,MINORS,,
146,qatqhh61mj90wrl7,Je suis Charlie Morton,06roc,"Doyle, Liam",STL,SP,P,MINORS,,
146,qatqhh61mj90wrl7,Je suis Charlie Morton,06626,"Duno, Alfredo",CIN,C,C,MINORS,,
146,qatqhh61mj90wrl7,Je suis Charlie Morton,06yk0,"Essenburg, Conor",ATL,CF,OF,MINORS,,
146,qatqhh61mj90wrl7,Je suis Charlie Morton,06dn7,"Ewing, A.J.",NYM,CF,OF,ACTIVE,,
146,qatqhh61mj90wrl7,Je suis Charlie Morton,066sx,"Farmelo, Jonny",SEA,CF,SS,MINORS,,
146,qatqhh61mj90wrl7,Je suis Charlie Morton,03whq,"France, Ty",SD,1B,UT,ACTIVE,,
146,qatqhh61mj90wrl7,Je suis Charlie Morton,05r5e,"Genao, Angel",CLE,SS,SS,MINORS,,
146,qatqhh61mj90wrl7,Je suis Charlie Morton,04cd5,"Gore, MacKenzie",TEX,SP,P,ACTIVE,,
146,qatqhh61mj90wrl7,Je suis Charlie Morton,01fh9,"Harper, Bryce",PHI,1B,CI,ACTIVE,,
146,qatqhh61mj90wrl7,Je suis Charlie Morton,05ynb,"Hicks, Liam",TB,C,C,ACTIVE,,
146,qatqhh61mj90wrl7,Je suis Charlie Morton,02bx4,"Holmes, Clay",CHC,SP,P,ACTIVE,,
146,qatqhh61mj90wrl7,Je suis Charlie Morton,05gww,"Horton, Cade",CHC,SP,P,INJURED_RESERVE,,
146,qatqhh61mj90wrl7,Je suis Charlie Morton,04yi8,"Jones, Spencer",NYY,CF,OF,MINORS,,
146,qatqhh61mj90wrl7,Je suis Charlie Morton,04y44,"Jung, Josh",TEX,3B,UT,INJURED_RESERVE,,
146,qatqhh61mj90wrl7,Je suis Charlie Morton,041wv,"King, Michael",SD,SP,P,ACTIVE,,
146,qatqhh61mj90wrl7,Je suis Charlie Morton,05m49,"Lee, Jung Hoo",SF,CF,OF,ACTIVE,,
146,qatqhh61mj90wrl7,Je suis Charlie Morton,041ps,"Lodolo, Nick",CIN,SP,P,MINORS,,
146,qatqhh61mj90wrl7,Je suis Charlie Morton,061zn,"Luis, Jansel",ARI,2B,2B,MINORS,,
146,qatqhh61mj90wrl7,Je suis Charlie Morton,041r5,"May, Dustin",MIL,SP,P,ACTIVE,,
146,qatqhh61mj90wrl7,Je suis Charlie Morton,03qyv,"McCarthy, Jake",COL,LF,OF,ACTIVE,,
146,qatqhh61mj90wrl7,Je suis Charlie Morton,05y2k,"Montgomery, Mason",PIT,RP,P,ACTIVE,,
146,qatqhh61mj90wrl7,Je suis Charlie Morton,06ibo,"Morales, Emil",LAD,SS,SS,MINORS,,
146,qatqhh61mj90wrl7,Je suis Charlie Morton,02bqy,"Musgrove, Joe",SD,SP,P,INJURED_RESERVE,,
146,qatqhh61mj90wrl7,Je suis Charlie Morton,02bq2,"Nimmo, Brandon",TEX,LF,OF,ACTIVE,,
146,qatqhh61mj90wrl7,Je suis Charlie Morton,02mwm,"Olson, Matt",ATL,1B,1B,ACTIVE,,
146,qatqhh61mj90wrl7,Je suis Charlie Morton,041rj,"Romero, JoJo",MIL,RP,P,INJURED_RESERVE,,
146,qatqhh61mj90wrl7,Je suis Charlie Morton,05xtz,"Rushing, Dalton",LAD,C,C,INJURED_RESERVE,,
146,qatqhh61mj90wrl7,Je suis Charlie Morton,05ynx,"Ryan, River",DET,SP,P,MINORS,,
146,qatqhh61mj90wrl7,Je suis Charlie Morton,05uc7,"Schultz, Noah",CHW,SP,P,MINORS,,
146,qatqhh61mj90wrl7,Je suis Charlie Morton,03dfa,"Scott, Tanner",LAD,RP,P,ACTIVE,,
146,qatqhh61mj90wrl7,Je suis Charlie Morton,06qhh,"Soto, Dorian",BOS,SS,SS,MINORS,,
146,qatqhh61mj90wrl7,Je suis Charlie Morton,05wy1,"Taylor, Brayden",MIA,3B,2B,MINORS,,
146,qatqhh61mj90wrl7,Je suis Charlie Morton,05u2q,"Tidwell, Blade",SF,SP,P,ACTIVE,,
146,qatqhh61mj90wrl7,Je suis Charlie Morton,031t0,"Torres, Gleyber",DET,2B,2B,ACTIVE,,
146,qatqhh61mj90wrl7,Je suis Charlie Morton,05jse,"Troy, Tommy",ARI,2B,2B,INJURED_RESERVE,,
146,qatqhh61mj90wrl7,Je suis Charlie Morton,05rk4,"Walter, Brandon",HOU,SP,P,INJURED_RESERVE,,
146,qatqhh61mj90wrl7,Je suis Charlie Morton,03dbm,"Webb, Logan",SF,SP,P,ACTIVE,,
146,qatqhh61mj90wrl7,Je suis Charlie Morton,06aw3,"Wetherholt, JJ",STL,SS,MI,ACTIVE,,
146,qatqhh61mj90wrl7,Je suis Charlie Morton,0311c,"Williams, Devin",NYM,RP,P,INJURED_RESERVE,,
146,mldxq5pemj90wrl7,Lászlaró Tóth,04aee,"Adell, Jo",CLE,CF,OF,ACTIVE,,
146,mldxq5pemj90wrl7,Lászlaró Tóth,03btv,"Alcantara, Sandy",MIA,SP,P,ACTIVE,,
146,mldxq5pemj90wrl7,Lászlaró Tóth,06jfc,"Alvarez, Hayden",LAA,CF,OF,MINORS,,
146,mldxq5pemj90wrl7,Lászlaró Tóth,06r5o,"Antunez, Brailyn",MIL,CF,OF,MINORS,,
146,mldxq5pemj90wrl7,Lászlaró Tóth,06c78,"Arias, Franklin",BOS,SS,SS,MINORS,,
146,mldxq5pemj90wrl7,Lászlaró Tóth,05rcf,"Baez, Joshua",STL,RF,UT,ACTIVE,,
146,mldxq5pemj90wrl7,Lászlaró Tóth,06aly,"Benge, Carson",NYM,CF,OF,ACTIVE,,
146,mldxq5pemj90wrl7,Lászlaró Tóth,051wu,"Bericoto, Victor",SF,1B,UT,ACTIVE,,
146,mldxq5pemj90wrl7,Lászlaró Tóth,04prt,"Butler, Lawrence",ATH,RF,OF,ACTIVE,,
146,mldxq5pemj90wrl7,Lászlaró Tóth,05jsg,"Caissie, Owen",MIA,RF,UT,MINORS,,
146,mldxq5pemj90wrl7,Lászlaró Tóth,05xch,"Caminero, Junior",TB,3B,3B,ACTIVE,,
146,mldxq5pemj90wrl7,Lászlaró Tóth,06f0q,"Campbell, Kristian",BOS,2B,UT,MINORS,,
146,mldxq5pemj90wrl7,Lászlaró Tóth,06qif,"Clarke, Brandon",STL,SP,P,MINORS,,
146,mldxq5pemj90wrl7,Lászlaró Tóth,071wb,"Colome, Johenssy",ATH,SS,SS,MINORS,,
146,mldxq5pemj90wrl7,Lászlaró Tóth,02i2q,"Correa, Carlos",HOU,SS,SS,INJURED_RESERVE,,
146,mldxq5pemj90wrl7,Lászlaró Tóth,06hx4,"Culpepper, Kaelen",MIN,SS,UT,ACTIVE,,
146,mldxq5pemj90wrl7,Lászlaró Tóth,0596g,"Detmers, Reid",LAA,RP,P,ACTIVE,,
146,mldxq5pemj90wrl7,Lászlaró Tóth,06o0e,"Dinges, Marco",MIL,C,UT,MINORS,,
146,mldxq5pemj90wrl7,Lászlaró Tóth,04n8z,"Edwards, Xavier",MIA,2B,SS,ACTIVE,,
146,mldxq5pemj90wrl7,Lászlaró Tóth,06k7t,"Fischer, Andrew",MIL,3B,3B,MINORS,,
146,mldxq5pemj90wrl7,Lászlaró Tóth,06rq4,"Frias, Alexander",STL,RF,UT,MINORS,,
146,mldxq5pemj90wrl7,Lászlaró Tóth,05yj5,"Groover, LuJames",ARI,3B,SS,MINORS,,
146,mldxq5pemj90wrl7,Lászlaró Tóth,05ybv,"Holliday, Jackson",BAL,2B,2B,ACTIVE,,
146,mldxq5pemj90wrl7,Lászlaró Tóth,06eyu,"Hope, Zyhir",DET,RF,OF,MINORS,,
146,mldxq5pemj90wrl7,Lászlaró Tóth,05ge9,"Imanaga, Shota",CHC,SP,P,ACTIVE,,
146,mldxq5pemj90wrl7,Lászlaró Tóth,04pmu,"Jeffers, Ryan",MIN,C,C,ACTIVE,,
146,mldxq5pemj90wrl7,Lászlaró Tóth,05h2u,"Jones, Jared",PIT,SP,P,ACTIVE,,
146,mldxq5pemj90wrl7,Lászlaró Tóth,06mnk,"Lewis, Tyson",CIN,SS,SS,MINORS,,
146,mldxq5pemj90wrl7,Lászlaró Tóth,04pw3,"McArthur, James",KC,RP,P,INJURED_RESERVE,,
146,mldxq5pemj90wrl7,Lászlaró Tóth,05y7s,"McLean, Nolan",NYM,SP,P,ACTIVE,,
146,mldxq5pemj90wrl7,Lászlaró Tóth,05ua7,"Merrill, Jackson",SD,CF,OF,ACTIVE,,
146,mldxq5pemj90wrl7,Lászlaró Tóth,05rfc,"Montes, Lazaro",SEA,RF,OF,MINORS,,
146,mldxq5pemj90wrl7,Lászlaró Tóth,06cq8,"Moore, Christian",LAA,2B,MI,MINORS,,
146,mldxq5pemj90wrl7,Lászlaró Tóth,04071,"Paredes, Isaac",HOU,3B,CI,ACTIVE,,
146,mldxq5pemj90wrl7,Lászlaró Tóth,05aoc,"Perez, Eury",MIA,SP,P,ACTIVE,,
146,mldxq5pemj90wrl7,Lászlaró Tóth,06yyn,"Primera, Franklin",BOS,C,C,MINORS,,
146,mldxq5pemj90wrl7,Lászlaró Tóth,04z6m,"Ramirez, Agustin",MIA,C,UT,MINORS,,
146,mldxq5pemj90wrl7,Lászlaró Tóth,04ee8,"Ramos, Heliot",NYY,LF,OF,ACTIVE,,
146,mldxq5pemj90wrl7,Lászlaró Tóth,054p6,"Rodriguez, Emmanuel",MIN,CF,OF,MINORS,,
146,mldxq5pemj90wrl7,Lászlaró Tóth,05xse,"Rodriguez, Hector",CIN,LF,OF,MINORS,,
146,mldxq5pemj90wrl7,Lászlaró Tóth,06mnl,"Sanford, Wyatt",PIT,SS,2B,MINORS,,
146,mldxq5pemj90wrl7,Lászlaró Tóth,05gdz,"Sasaki, Roki",LAD,SP,P,ACTIVE,,
146,mldxq5pemj90wrl7,Lászlaró Tóth,0622w,"Simpson, Chandler",TB,CF,UT,ACTIVE,,
146,mldxq5pemj90wrl7,Lászlaró Tóth,042sz,"Smith, Will",LAD,C,C,INJURED_RESERVE,,
146,mldxq5pemj90wrl7,Lászlaró Tóth,05gtn,"Soderstrom, Tyler",ATH,LF,1B,INJURED_RESERVE,,
146,mldxq5pemj90wrl7,Lászlaró Tóth,072ds,"Solarte, Santiago",MIA,SS,SS,MINORS,,
146,mldxq5pemj90wrl7,Lászlaró Tóth,04c0o,"Soriano, Jose",TOR,SP,P,ACTIVE,,
146,mldxq5pemj90wrl7,Lászlaró Tóth,03ynj,"Soto, Juan",NYM,RF,OF,INJURED_RESERVE,,
146,mldxq5pemj90wrl7,Lászlaró Tóth,06c0z,"Taylor, Devin",ATH,LF,OF,MINORS,,
146,mldxq5pemj90wrl7,Lászlaró Tóth,066er,"Taylor, Grant",CHW,RP,P,ACTIVE,,
146,mldxq5pemj90wrl7,Lászlaró Tóth,04si2,"Vaughn, Andrew",MIL,1B,1B,ACTIVE,,
146,mldxq5pemj90wrl7,Lászlaró Tóth,05y62,"Woo, Bryan",SEA,SP,P,ACTIVE,,
146,mldxq5pemj90wrl7,Lászlaró Tóth,06ujt,"Wood, Gage",PHI,SP,P,MINORS,,
146,mldxq5pemj90wrl7,Lászlaró Tóth,05y7x,"Young, Cole",SEA,2B,MI,ACTIVE,,
146,mldxq5pemj90wrl7,Lászlaró Tóth,04y9f,"Zeferjahn, Ryan",CHC,RP,P,ACTIVE,,
146,o4jvg6q3mj90wrl7,Skrrt vs The World,04eeh,,,,OF,MINORS,,
146,o4jvg6q3mj90wrl7,Skrrt vs The World,060x1,"Abreu, Wilyer",BOS,RF,OF,ACTIVE,,
146,o4jvg6q3mj90wrl7,Skrrt vs The World,06pg6,"Arquette, Aiva",MIA,SS,SS,MINORS,,
146,o4jvg6q3mj90wrl7,Skrrt vs The World,03mew,"Arraez, Luis",PHI,1B,2B,ACTIVE,,
146,o4jvg6q3mj90wrl7,Skrrt vs The World,06fpn,"Bateman, Brett",TOR,CF,UT,ACTIVE,,
146,o4jvg6q3mj90wrl7,Skrrt vs The World,026lz,"Bell, Josh",MIN,DH,UT,ACTIVE,,
146,o4jvg6q3mj90wrl7,Skrrt vs The World,05jr0,"Burleson, Alec",STL,1B,OF,ACTIVE,,
146,o4jvg6q3mj90wrl7,Skrrt vs The World,05u9q,"Caglianone, Jac",KC,RF,UT,ACTIVE,,
146,o4jvg6q3mj90wrl7,Skrrt vs The World,0596e,"Crews, Dylan",WSH,RF,OF,ACTIVE,,
146,o4jvg6q3mj90wrl7,Skrrt vs The World,05xor,"Encarnacion-Strand, Christian",BAL,1B,1B,MINORS,,
146,o4jvg6q3mj90wrl7,Skrrt vs The World,01ut7,"Eovaldi, Nathan",TEX,SP,P,INJURED_RESERVE,,
146,o4jvg6q3mj90wrl7,Skrrt vs The World,05g3x,"Garcia, Maikel",KC,3B,3B,INJURED_RESERVE,,
146,o4jvg6q3mj90wrl7,Skrrt vs The World,05ub0,"Gelof, Zack",ATH,2B,CI,ACTIVE,,
146,o4jvg6q3mj90wrl7,Skrrt vs The World,04s1h,"Gil, Luis",NYY,SP,P,MINORS,,
146,o4jvg6q3mj90wrl7,Skrrt vs The World,0597k,"Gonzales, Nick",PIT,2B,3B,ACTIVE,,
146,o4jvg6q3mj90wrl7,Skrrt vs The World,03caf,"Griffin, Foster",CLE,SP,P,ACTIVE,,
146,o4jvg6q3mj90wrl7,Skrrt vs The World,062cx,"Holliday, Ethan",COL,SS,SS,MINORS,,
146,o4jvg6q3mj90wrl7,Skrrt vs The World,059bx,"House, Brady",WSH,3B,CI,MINORS,,
146,o4jvg6q3mj90wrl7,Skrrt vs The World,06ktn,"Imai, Tatsuya",HOU,SP,P,MINORS,,
146,o4jvg6q3mj90wrl7,Skrrt vs The World,062pp,"Isaac, Xavier",TB,DH,1B,MINORS,,
146,o4jvg6q3mj90wrl7,Skrrt vs The World,0317q,"Jax, Griffin",TB,RP,P,INJURED_RESERVE,,
146,o4jvg6q3mj90wrl7,Skrrt vs The World,05rc5,"Johnson, Termarr",PIT,2B,2B,MINORS,,
146,o4jvg6q3mj90wrl7,Skrrt vs The World,041mb,"Kay, Anthony",CHW,SP,P,ACTIVE,,
146,o4jvg6q3mj90wrl7,Skrrt vs The World,06cq7,"King, Seaver",WSH,SS,SS,MINORS,,
146,o4jvg6q3mj90wrl7,Skrrt vs The World,041yb,"Kremer, Dean",MIN,SP,P,ACTIVE,,
146,o4jvg6q3mj90wrl7,Skrrt vs The World,03poo,"Lambert, Peter",HOU,SP,P,ACTIVE,,
146,o4jvg6q3mj90wrl7,Skrrt vs The World,04nky,"Larnach, Trevor",MIN,DH,OF,ACTIVE,,
146,o4jvg6q3mj90wrl7,Skrrt vs The World,03div,"Latz, Jake",TEX,RP,P,ACTIVE,,
146,o4jvg6q3mj90wrl7,Skrrt vs The World,04y9o,"Leiter, Jack",TEX,SP,P,INJURED_RESERVE,,
146,o4jvg6q3mj90wrl7,Skrrt vs The World,05tdl,"Lesko, Dylan",TB,RP,P,MINORS,,
146,o4jvg6q3mj90wrl7,Skrrt vs The World,041xv,"Lowe, Nathaniel",CLE,1B,1B,ACTIVE,,
146,o4jvg6q3mj90wrl7,Skrrt vs The World,05rcd,"Mack, Joe",MIA,C,C,MINORS,,
146,o4jvg6q3mj90wrl7,Skrrt vs The World,02x0f,"Manaea, Sean",NYM,SP,P,ACTIVE,,
146,o4jvg6q3mj90wrl7,Skrrt vs The World,06j3h,"Mathis, Cole",NYM,3B,1B,MINORS,,
146,o4jvg6q3mj90wrl7,Skrrt vs The World,05r9j,"Mayer, Marcelo",SF,3B,SS,MINORS,,
146,o4jvg6q3mj90wrl7,Skrrt vs The World,05js5,"Mayo, Coby",BAL,1B,UT,MINORS,,
146,o4jvg6q3mj90wrl7,Skrrt vs The World,05yby,"McGonigle, Kevin",DET,SS,SS,ACTIVE,,
146,o4jvg6q3mj90wrl7,Skrrt vs The World,0648n,"Meidroth, Chase",CHW,SS,UT,ACTIVE,,
146,o4jvg6q3mj90wrl7,Skrrt vs The World,05gwz,"Miller, Bobby",LAD,SP,P,INJURED_RESERVE,,
146,o4jvg6q3mj90wrl7,Skrrt vs The World,05vy6,"Miller, Bryce",SEA,SP,P,ACTIVE,,
146,o4jvg6q3mj90wrl7,Skrrt vs The World,04yrs,"Noel, Jhonkensy",(N/A),RF,OF,MINORS,,
146,o4jvg6q3mj90wrl7,Skrrt vs The World,04ru5,"Pages, Andy",LAD,CF,OF,ACTIVE,,
146,o4jvg6q3mj90wrl7,Skrrt vs The World,0512m,"Pepiot, Ryan",TB,SP,P,INJURED_RESERVE,,
146,o4jvg6q3mj90wrl7,Skrrt vs The World,03dc4,"Peralta, Freddy",TB,SP,P,ACTIVE,,
146,o4jvg6q3mj90wrl7,Skrrt vs The World,05lg3,"Pfaadt, Brandon",ARI,SP,P,ACTIVE,,
146,o4jvg6q3mj90wrl7,Skrrt vs The World,05yo5,"Rice, Ben",NYY,1B,C,ACTIVE,,
146,o4jvg6q3mj90wrl7,Skrrt vs The World,04azu,"Rocker, Kumar",TEX,SP,P,ACTIVE,,
146,o4jvg6q3mj90wrl7,Skrrt vs The World,0529l,"Rodriguez, Endy",PIT,1B,C,MINORS,,
146,o4jvg6q3mj90wrl7,Skrrt vs The World,04ak5,"Rogers, Trevor",BAL,SP,P,ACTIVE,,
146,o4jvg6q3mj90wrl7,Skrrt vs The World,05wxy,"Teel, Kyle",CHW,C,C,INJURED_RESERVE,,
146,o4jvg6q3mj90wrl7,Skrrt vs The World,06mpb,"Thomas, Jared",COL,LF,OF,MINORS,,
146,o4jvg6q3mj90wrl7,Skrrt vs The World,04b00,"Turang, Brice",MIL,2B,MI,ACTIVE,,
146,o4jvg6q3mj90wrl7,Skrrt vs The World,0662o,"Walcott, Sebastian",TEX,SS,SS,MINORS,,
146,o4jvg6q3mj90wrl7,Skrrt vs The World,05tp7,"White, Tommy",ATH,3B,3B,MINORS,,
146,o4jvg6q3mj90wrl7,Skrrt vs The World,05t9n,"Williams, Carson",TB,SS,UT,MINORS,,
146,o4jvg6q3mj90wrl7,Skrrt vs The World,060la,"Williams, Jett",MIL,SS,SS,MINORS,,
146,o4jvg6q3mj90wrl7,Skrrt vs The World,05js7,"Yorke, Nick",PIT,2B,2B,MINORS,,
146,f3myl5ugmj90wrl7,The Hot and Steamy Boys,04qow,"Alcantara, Kevin",CHC,CF,OF,MINORS,,
146,f3myl5ugmj90wrl7,The Hot and Steamy Boys,06plc,"Antonacci, Sam",CHW,2B,UT,MINORS,,
146,f3myl5ugmj90wrl7,The Hot and Steamy Boys,06ktt,"Arnold, Jamie",ATH,SP,P,MINORS,,
146,f3myl5ugmj90wrl7,The Hot and Steamy Boys,03120,"Bellinger, Cody",NYY,LF,OF,INJURED_RESERVE,,
146,f3myl5ugmj90wrl7,The Hot and Steamy Boys,04mn5,"Bohm, Alec",PHI,3B,CI,ACTIVE,,
146,f3myl5ugmj90wrl7,The Hot and Steamy Boys,04pq4,"Bradish, Kyle",BAL,SP,P,RESERVE,,
146,f3myl5ugmj90wrl7,The Hot and Steamy Boys,04pmb,"Bubic, Kris",LAD,SP,P,INJURED_RESERVE,,
146,f3myl5ugmj90wrl7,The Hot and Steamy Boys,05xod,"Burke, Sean",CHW,SP,P,ACTIVE,,
146,f3myl5ugmj90wrl7,The Hot and Steamy Boys,04de1,"Casas, Triston",BOS,1B,1B,INJURED_RESERVE,,
146,f3myl5ugmj90wrl7,The Hot and Steamy Boys,05mx9,"Celesten, Felnin",SEA,SS,SS,MINORS,,
146,f3myl5ugmj90wrl7,The Hot and Steamy Boys,04ppi,"Clemens, Kody",MIN,1B,UT,ACTIVE,,
146,f3myl5ugmj90wrl7,The Hot and Steamy Boys,06alk,"Condon, Charlie",COL,1B,OF,MINORS,,
146,f3myl5ugmj90wrl7,The Hot and Steamy Boys,06zql,"De Pena, Wilberson",NYY,LF,OF,MINORS,,
146,f3myl5ugmj90wrl7,The Hot and Steamy Boys,05uei,"DeLauter, Chase",CLE,CF,OF,ACTIVE,,
146,f3myl5ugmj90wrl7,The Hot and Steamy Boys,05gx4,"Dingler, Dillon",DET,C,C,ACTIVE,,
146,f3myl5ugmj90wrl7,The Hot and Steamy Boys,04pst,"Duran, Jarren",BOS,LF,OF,ACTIVE,,
146,f3myl5ugmj90wrl7,The Hot and Steamy Boys,04apj,"Duran, Jhoan",PHI,RP,P,ACTIVE,,
146,f3myl5ugmj90wrl7,The Hot and Steamy Boys,06rre,"Dzierwa, Joseph",BAL,SP,P,MINORS,,
146,f3myl5ugmj90wrl7,The Hot and Steamy Boys,05xu1,"Freeland, Alex",LAD,SS,UT,MINORS,,
146,f3myl5ugmj90wrl7,The Hot and Steamy Boys,064zm,"Fuentes, Didier",ATL,SP,P,MINORS,,
146,f3myl5ugmj90wrl7,The Hot and Steamy Boys,02hi7,"Gausman, Kevin",CHC,SP,P,ACTIVE,,
146,f3myl5ugmj90wrl7,The Hot and Steamy Boys,05u2m,"Gillen, Theo",TB,CF,OF,MINORS,,
146,f3myl5ugmj90wrl7,The Hot and Steamy Boys,06ps2,"Gonzalez, Josuar",SF,SS,SS,MINORS,,
146,f3myl5ugmj90wrl7,The Hot and Steamy Boys,03ql5,"Helsley, Ryan",BAL,RP,P,INJURED_RESERVE,,
146,f3myl5ugmj90wrl7,The Hot and Steamy Boys,067yn,"Hernandez, Seth",PIT,SP,P,MINORS,,
146,f3myl5ugmj90wrl7,The Hot and Steamy Boys,04pkr,"Hoerner, Nico",CHC,2B,UT,ACTIVE,,
146,f3myl5ugmj90wrl7,The Hot and Steamy Boys,06f0p,"Ingle, Cooper",CLE,C,C,MINORS,,
146,f3myl5ugmj90wrl7,The Hot and Steamy Boys,05rb0,"Jobe, Jackson",DET,SP,P,MINORS,,
146,f3myl5ugmj90wrl7,The Hot and Steamy Boys,04nq4,"Jordan, Blaze",STL,3B,3B,MINORS,,
146,f3myl5ugmj90wrl7,The Hot and Steamy Boys,067zb,"LaViolette, Jace",CLE,CF,OF,MINORS,,
146,f3myl5ugmj90wrl7,The Hot and Steamy Boys,062h4,"Lagrange, Carlos",NYY,SP,P,MINORS,,
146,f3myl5ugmj90wrl7,The Hot and Steamy Boys,04q08,"Leahy, Kyle",STL,RP,P,ACTIVE,,
146,f3myl5ugmj90wrl7,The Hot and Steamy Boys,04aeb,"Lewis, Royce",MIN,3B,UT,ACTIVE,,
146,f3myl5ugmj90wrl7,The Hot and Steamy Boys,06qxu,"Martinez, Juan",COL,2B,UT,MINORS,,
146,f3myl5ugmj90wrl7,The Hot and Steamy Boys,05tzn,"Messick, Parker",CLE,SP,P,ACTIVE,,
146,f3myl5ugmj90wrl7,The Hot and Steamy Boys,062z7,"Milbrandt, Karson",MIA,SP,P,MINORS,,
146,f3myl5ugmj90wrl7,The Hot and Steamy Boys,05js4,"Morales, Yohandy",WSH,1B,1B,MINORS,,
146,f3myl5ugmj90wrl7,The Hot and Steamy Boys,0403o,"Munoz, Andres",SEA,RP,P,ACTIVE,,
146,f3myl5ugmj90wrl7,The Hot and Steamy Boys,05y3u,"Murakami, Munetaka",CHW,1B,UT,ACTIVE,,
146,f3myl5ugmj90wrl7,The Hot and Steamy Boys,03pjd,"Naylor, Josh",SEA,1B,1B,ACTIVE,,
146,f3myl5ugmj90wrl7,The Hot and Steamy Boys,05u4l,"Palencia, Daniel",CHC,RP,P,INJURED_RESERVE,,
146,f3myl5ugmj90wrl7,The Hot and Steamy Boys,05rbd,"Pena, Manuel",ARI,1B,UT,MINORS,,
146,f3myl5ugmj90wrl7,The Hot and Steamy Boys,01ub6,"Ramirez, Jose",CLE,3B,3B,ACTIVE,,
146,f3myl5ugmj90wrl7,The Hot and Steamy Boys,04eee,"Rasmussen, Drew",TB,SP,P,ACTIVE,,
146,f3myl5ugmj90wrl7,The Hot and Steamy Boys,03e5m,"Reynolds, Bryan",PIT,RF,OF,ACTIVE,,
146,f3myl5ugmj90wrl7,The Hot and Steamy Boys,04e2u,"Rooker, Brent",ATH,DH,UT,INJURED_RESERVE,,
146,f3myl5ugmj90wrl7,The Hot and Steamy Boys,05ybr,"Salas, Ethan",SD,C,C,MINORS,,
146,f3myl5ugmj90wrl7,The Hot and Steamy Boys,05jpd,"Seymour, Ian",TB,RP,P,RESERVE,,
146,f3myl5ugmj90wrl7,The Hot and Steamy Boys,05y2l,"Sheehan, Emmet",LAD,SP,P,MINORS,,
146,f3myl5ugmj90wrl7,The Hot and Steamy Boys,04eor,"Smith, Cade",CLE,RP,P,ACTIVE,,
146,f3myl5ugmj90wrl7,The Hot and Steamy Boys,04p10,"Stott, Bryson",PHI,2B,2B,ACTIVE,,
146,f3myl5ugmj90wrl7,The Hot and Steamy Boys,03ae8,"Swanson, Dansby",CHC,SS,SS,ACTIVE,,
146,f3myl5ugmj90wrl7,The Hot and Steamy Boys,06bsb,"Tait, Eduardo",MIN,C,C,MINORS,,
146,f3myl5ugmj90wrl7,The Hot and Steamy Boys,06gwk,"Tolle, Payton",BOS,RP,P,ACTIVE,,
146,f3myl5ugmj90wrl7,The Hot and Steamy Boys,01s8u,"Trout, Mike",LAA,DH,OF,ACTIVE,,
146,f3myl5ugmj90wrl7,The Hot and Steamy Boys,04y76,"Webb, Jacob",CHC,RP,P,ACTIVE,,
146,f3myl5ugmj90wrl7,The Hot and Steamy Boys,0622t,"Wilson, Jacob",ATH,SS,MI,ACTIVE,,
146,hd9hwe4mmj90wrl7,Third Degree Burnes,06c7b,"Aloy, Wehiwa",BAL,SS,SS,MINORS,,
146,hd9hwe4mmj90wrl7,Third Degree Burnes,06dmp,"Anderson, Max",DET,2B,2B,MINORS,,
146,hd9hwe4mmj90wrl7,Third Degree Burnes,05yid,"Arroyo, Michael",SEA,2B,2B,MINORS,,
146,hd9hwe4mmj90wrl7,Third Degree Burnes,05zde,"Bazzana, Travis",CLE,2B,2B,ACTIVE,,
146,hd9hwe4mmj90wrl7,Third Degree Burnes,05y23,"Bibee, Tanner",CLE,SP,P,ACTIVE,,
146,hd9hwe4mmj90wrl7,Third Degree Burnes,06hea,"Bonemer, Caleb",CHW,SS,3B,MINORS,,
146,hd9hwe4mmj90wrl7,Third Degree Burnes,041rd,"Burnes, Corbin",ARI,SP,P,INJURED_RESERVE,,
146,hd9hwe4mmj90wrl7,Third Degree Burnes,066mo,"Calaz, Robert",COL,RF,OF,MINORS,,
146,hd9hwe4mmj90wrl7,Third Degree Burnes,06alq,"Carlson, Billy",CHW,SS,SS,MINORS,,
146,hd9hwe4mmj90wrl7,Third Degree Burnes,066eo,"Carrigg, Cole",COL,CF,OF,ACTIVE,,
146,hd9hwe4mmj90wrl7,Third Degree Burnes,05rik,"Chandler, Bubba",PIT,SP,P,ACTIVE,,
146,hd9hwe4mmj90wrl7,Third Degree Burnes,066j0,"Dix, JD",ARI,2B,2B,MINORS,,
146,hd9hwe4mmj90wrl7,Third Degree Burnes,06423,"Escobar, Aroon",PHI,2B,2B,MINORS,,
146,hd9hwe4mmj90wrl7,Third Degree Burnes,02i2j,"Fried, Max",NYY,SP,P,ACTIVE,,
146,hd9hwe4mmj90wrl7,Third Degree Burnes,0414g,"Garcia Jr., Luis",NYY,2B,1B,ACTIVE,,
146,hd9hwe4mmj90wrl7,Third Degree Burnes,0510l,"Hancock, Emerson",SEA,SP,P,ACTIVE,,
146,hd9hwe4mmj90wrl7,Third Degree Burnes,06ifw,"Hartshorn, Josiah",CHC,RF,1B,MINORS,,
146,hd9hwe4mmj90wrl7,Third Degree Burnes,071w9,"Hernandez, Luis",SF,SS,SS,MINORS,,
146,hd9hwe4mmj90wrl7,Third Degree Burnes,04nx3,"India, Jonathan",KC,2B,UT,INJURED_RESERVE,,
146,hd9hwe4mmj90wrl7,Third Degree Burnes,05tdk,"Jones, Druw",ARI,CF,OF,MINORS,,
146,hd9hwe4mmj90wrl7,Third Degree Burnes,06oh1,"Ko, Ching-Hsien",LAD,LF,OF,MINORS,,
146,hd9hwe4mmj90wrl7,Third Degree Burnes,0512u,"Kochanowicz, Jack",LAA,SP,P,INJURED_RESERVE,,
146,hd9hwe4mmj90wrl7,Third Degree Burnes,060pm,"Langford, Wyatt",TEX,LF,OF,ACTIVE,,
146,hd9hwe4mmj90wrl7,Third Degree Burnes,06b72,"Lombard Jr., George",NYY,SS,MI,ACTIVE,,
146,hd9hwe4mmj90wrl7,Third Degree Burnes,04tjl,"Lopez, Otto",MIA,SS,SS,ACTIVE,,
146,hd9hwe4mmj90wrl7,Third Degree Burnes,041q8,"Marsh, Brandon",PHI,CF,OF,ACTIVE,,
146,hd9hwe4mmj90wrl7,Third Degree Burnes,05sr2,"McGreevy, Michael",STL,SP,P,ACTIVE,,
146,hd9hwe4mmj90wrl7,Third Degree Burnes,04pmn,"Meadows, Parker",DET,CF,OF,INJURED_RESERVE,,
146,hd9hwe4mmj90wrl7,Third Degree Burnes,061gx,"Melton, Jacob",TB,CF,OF,MINORS,,
146,hd9hwe4mmj90wrl7,Third Degree Burnes,04mlf,"Mize, Casey",SD,SP,P,ACTIVE,,
146,hd9hwe4mmj90wrl7,Third Degree Burnes,062pm,"Murphy, Owen",ATL,SP,P,MINORS,,
146,hd9hwe4mmj90wrl7,Third Degree Burnes,04ya4,"Nunez, Nasim",WSH,SS,UT,ACTIVE,,
146,hd9hwe4mmj90wrl7,Third Degree Burnes,04ej3,"OBrien, Riley",STL,RP,P,ACTIVE,,
146,hd9hwe4mmj90wrl7,Third Degree Burnes,04px8,"Olson, Reese",DET,SP,P,INJURED_RESERVE,,
146,hd9hwe4mmj90wrl7,Third Degree Burnes,05uv5,"Ortiz, Abimelec",WSH,1B,1B,MINORS,,
146,hd9hwe4mmj90wrl7,Third Degree Burnes,06se6,"Parker, JoJo",TOR,SS,SS,MINORS,,
146,hd9hwe4mmj90wrl7,Third Degree Burnes,067xj,"Pratt, Cooper",MIL,SS,UT,INJURED_RESERVE,,
146,hd9hwe4mmj90wrl7,Third Degree Burnes,05yai,"Rainer, Bryce",DET,SS,SS,MINORS,,
146,hd9hwe4mmj90wrl7,Third Degree Burnes,04my4,"Raleigh, Cal",SEA,C,C,ACTIVE,,
146,hd9hwe4mmj90wrl7,Third Degree Burnes,04si3,"Rocchio, Brayan",CLE,SS,UT,ACTIVE,,
146,hd9hwe4mmj90wrl7,Third Degree Burnes,061wh,"Rojas, Jefferson",NYM,SS,SS,MINORS,,
146,hd9hwe4mmj90wrl7,Third Degree Burnes,04q2n,"Rutschman, Adley",BOS,C,UT,ACTIVE,,
146,hd9hwe4mmj90wrl7,Third Degree Burnes,04ps7,"Ryan, Joe",MIN,SP,P,INJURED_RESERVE,,
146,hd9hwe4mmj90wrl7,Third Degree Burnes,02n2x,"Sewald, Paul",TOR,RP,P,ACTIVE,,
146,hd9hwe4mmj90wrl7,Third Degree Burnes,066ip,"Sirota, Mike",LAD,CF,OF,MINORS,,
146,hd9hwe4mmj90wrl7,Third Degree Burnes,06dq9,"Smith, Aidan",NYM,CF,OF,MINORS,,
146,hd9hwe4mmj90wrl7,Third Degree Burnes,06rry,"Southisene, Tate",ATL,SS,SS,MINORS,,
146,hd9hwe4mmj90wrl7,Third Degree Burnes,0512e,"Steer, Spencer",CIN,1B,UT,INJURED_RESERVE,,
146,hd9hwe4mmj90wrl7,Third Degree Burnes,04b01,"Sugano, Tomoyuki",COL,SP,P,ACTIVE,,
146,hd9hwe4mmj90wrl7,Third Degree Burnes,03zbh,"Tatis Jr., Fernando",SD,RF,OF,ACTIVE,,
146,hd9hwe4mmj90wrl7,Third Degree Burnes,066ir,"Tibbs III, James",LAD,RF,OF,MINORS,,
146,hd9hwe4mmj90wrl7,Third Degree Burnes,04yk2,"Torkelson, Spencer",DET,1B,CI,ACTIVE,,
146,hd9hwe4mmj90wrl7,Third Degree Burnes,04ru7,"Vargas, Miguel",CHW,3B,3B,ACTIVE,,
146,hd9hwe4mmj90wrl7,Third Degree Burnes,05gbg,"Veen, Zac",COL,LF,OF,MINORS,,
146,hd9hwe4mmj90wrl7,Third Degree Burnes,06cmf,"Voit, Mitch",NYM,2B,2B,MINORS,,
146,hd9hwe4mmj90wrl7,Third Degree Burnes,05gbf,"Walker, Jordan",STL,RF,OF,ACTIVE,,
146,hd9hwe4mmj90wrl7,Third Degree Burnes,05yaz,"Warren, Will",NYY,SP,P,ACTIVE,,
146,hd9hwe4mmj90wrl7,Third Degree Burnes,05gsc,"Westburg, Jordan",BAL,3B,3B,INJURED_RESERVE,,
146,hd9hwe4mmj90wrl7,Third Degree Burnes,05jp7,"Williams, Gavin",CLE,SP,P,ACTIVE,,
146,hd9hwe4mmj90wrl7,Third Degree Burnes,05gwy,"Winn, Masyn",STL,SS,UT,ACTIVE,,
146,hd9hwe4mmj90wrl7,Third Degree Burnes,06apx,"Yesavage, Trey",TOR,SP,P,INJURED_RESERVE,,
