Source League ID,League Name,League Level,Age,Players,Total G,Total IP,Total TBF,FGPts_per_game,K_BB_pct,Weak_Contact,xFIP,BB_pct,Average Age
2,International League,AAA,19,1.0,1.0,1.6666666666666665,12.0,2.25,,0.8000000000000002,,,19
2,International League,AAA,20,3.0,9.0,42.666666666666664,172.0,27.555555555555557,0.28089887999999996,0.7031349094306686,2.9664803171048364,0.04494382,20
2,International League,AAA,21,8.0,38.0,166.0,696.0,24.151315789473685,0.18848405639130436,0.7196160462202845,3.839810174993194,0.09731287446107784,21
2,International League,AAA,22,36.0,312.0,1151.666666666667,5128.0,18.55528846153846,0.12858646008280566,0.713771517069924,4.665038438824368,0.11827157474646514,22
2,International League,AAA,23,83.0,793.0,2368.6666666666665,10400.0,15.67875157629256,0.1312513154952637,0.709931578016122,4.730035879461922,0.11324132277673545,23
2,International League,AAA,24,151.0,1892.0,4413.666666666667,19516.0,12.36284355179704,0.12601405654172015,0.7196995562994689,4.749394666125131,0.1141529165750679,24
2,International League,AAA,25,204.0,2502.0,5372.666666666668,23876.0,11.508996401439424,0.12703767602157606,0.7168302723572646,4.752861065557626,0.11498170753845309,25
2,International League,AAA,26,225.0,3240.0,6415.666666666666,28266.0,11.063425925925927,0.13869838829823677,0.7151037378323991,4.632098578804774,0.10369642946416846,26
2,International League,AAA,27,221.0,3273.0,5766.0,25537.0,9.746410021387106,0.12337972748385774,0.7163082252781424,4.8359751296309215,0.11493034029243682,27
2,International League,AAA,28,187.0,2547.0,4556.0,20059.0,9.922359638790734,0.12695570102188491,0.7255969641160547,4.669459793325651,0.10676061397815176,28
2,International League,AAA,29,145.0,2025.0,3360.333333333333,14925.0,9.380246913580248,0.12053681855781401,0.7180552156378534,4.7961220975808185,0.11335685901550908,29
2,International League,AAA,30,108.0,1517.0,2858.0000000000005,12517.0,10.432762030323007,0.1237723823886459,0.7107777842426215,4.757464845612101,0.10000117102603369,30
2,International League,AAA,31,72.0,981.0,1632.6666666666667,7018.0,9.665561224489796,0.1401983248250075,0.716505552572539,4.592614990332912,0.09519599924037303,31
2,International League,AAA,32,58.0,788.0,1391.0,6110.0,9.491751269035532,0.11292878854364005,0.7206530924607826,5.031692882541736,0.10290921561092149,32
2,International League,AAA,33,39.0,479.0,905.6666666666666,3962.0,10.163883089770355,0.11580553403148006,0.7099774837274889,5.094150933050631,0.10774328126183773,33
2,International League,AAA,34,37.0,473.0,768.3333333333333,3355.0,9.349894291754756,0.14504041759709504,0.7062125550843137,4.5112184133489155,0.09622560734197731,34
2,International League,AAA,35,36.0,385.0,589.6666666666666,2586.0,8.961688311688311,0.1450610986040216,0.7206599742554318,4.491451219196761,0.09550908325829384,35
2,International League,AAA,36,15.0,133.0,309.99999999999994,1298.0,12.110902255639099,0.14786979861325117,0.6914685608726008,4.518040163960833,0.07635048484726688,36
2,International League,AAA,37,11.0,78.0,207.0,883.0,13.64102564102564,0.11665345053227635,0.7275583176229581,4.517055609000015,0.10078822471121178,37
2,International League,AAA,38,3.0,23.0,102.33333333333334,436.0,19.152173913043477,0.10321101392201835,0.751000615310889,4.694726205426597,0.0711009136238532,38
2,International League,AAA,39,2.0,10.0,37.333333333333336,154.0,19.0,0.10414285714285712,0.6947483376623377,4.475194805194805,0.08900000000000001,39
2,International League,AAA,40,2.0,8.0,14.0,61.0,8.59375,0.2459016386885246,0.6242881788975411,3.3087214818216992,0.049180329508196716,40
2,International League,AAA,41,2.0,27.0,46.333333333333336,185.0,12.944444444444445,0.22702702702702704,0.7433918192382727,3.6953530494337996,0.08108108108108109,41
2,International League,AAA,43,1.0,2.0,10.666666666666666,43.0,22.625,0.09300000000000001,0.6574269999999999,6.25,0.047,43
2,International League,AAA,45,1.0,9.0,42.0,192.0,25.0,0.11979166999999998,0.6608695635999999,5.041027800525938,0.13020833,45
4,Pacific Coast League,AAA,20,3.0,5.0,9.666666666666666,61.0,4.25,0.016393438032786884,0.6286644163999999,9.303583686976168,0.21319672360655736,20
4,Pacific Coast League,AAA,21,8.0,62.0,220.66666666666669,1017.0,15.774193548387096,0.06588004519174043,0.7074744636271707,5.859827306642627,0.13353413253012048,21
4,Pacific Coast League,AAA,22,19.0,196.0,599.0,2688.0,14.373724489795919,0.11485119056919643,0.6929363715905756,5.156612184369434,0.10946540107142858,22
4,Pacific Coast League,AAA,23,48.0,572.0,1424.0,6480.0,12.385926573426573,0.09941265402623457,0.6986420747231142,5.588562567171513,0.11948768060282038,23
4,Pacific Coast League,AAA,24,66.0,947.0,2328.3333333333335,10572.0,12.297254487856389,0.10119494948921681,0.7107536442437932,5.513743297503501,0.12145499298816846,24
4,Pacific Coast League,AAA,25,97.0,1263.0,2397.0,10962.0,9.606888361045131,0.08717624562671045,0.7145223991137727,5.693892409370798,0.12742486769308012,25
4,Pacific Coast League,AAA,26,96.0,1440.0,2822.666666666667,12727.0,10.04513888888889,0.10032002843953797,0.7137255353332106,5.563294337078089,0.11545762427237478,26
4,Pacific Coast League,AAA,27,112.0,1612.0,2736.3333333333335,12587.0,9.008529776674939,0.10257956540637167,0.7002057190351921,5.529067773515305,0.12063012657012925,27
4,Pacific Coast League,AAA,28,87.0,1607.0,2724.6666666666665,12352.0,8.760267579340386,0.09780043754047929,0.7086086969386697,5.47702059361077,0.10933917286131387,28
4,Pacific Coast League,AAA,29,66.0,950.0,1725.6666666666667,7856.0,9.037368421052632,0.09359801369017312,0.7082378409195719,5.592464835970697,0.11248307789345001,29
4,Pacific Coast League,AAA,30,52.0,725.0,1379.6666666666665,6161.0,9.999310344827586,0.11058221074987827,0.7007710312276506,5.343587210394073,0.09536435152031456,30
4,Pacific Coast League,AAA,31,49.0,505.0,1023.6666666666667,4596.0,10.32920792079208,0.09851196697127938,0.7042900582653234,5.485066737032957,0.11134667843378795,31
4,Pacific Coast League,AAA,32,37.0,450.0,850.3333333333333,3719.0,10.034444444444444,0.10481527293089539,0.7250836719876322,5.310206211936766,0.10487304605929919,32
4,Pacific Coast League,AAA,33,26.0,307.0,462.3333333333333,2090.0,8.592019543973942,0.11496698544497606,0.7091020258517099,5.30866852446174,0.11215407817724068,33
4,Pacific Coast League,AAA,34,19.0,210.0,309.6666666666667,1438.0,7.994047619047619,0.10916759408901251,0.6588904504266875,5.328169540414999,0.09574732294075661,34
4,Pacific Coast League,AAA,35,6.0,127.0,286.3333333333333,1296.0,10.26968503937008,0.07406249792438271,0.7287558858212454,5.54406593230803,0.08719521757716049,35
4,Pacific Coast League,AAA,36,7.0,77.0,173.66666666666666,805.0,9.25,0.08948943959006211,0.7036113555671495,6.101920651132067,0.08813788797515527,36
4,Pacific Coast League,AAA,37,7.0,79.0,170.0,737.0,10.063291139240507,0.0936241535549525,0.7186397654411457,5.619235439778963,0.07595251170963366,37
4,Pacific Coast League,AAA,38,4.0,45.0,148.33333333333334,605.0,14.327777777777778,0.12923636376859504,0.7161082258876033,4.8024574940692295,0.03932561980165289,38
4,Pacific Coast League,AAA,39,1.0,2.0,2.0,12.0,0.75,0.25,0.25,4.2,,39
4,Pacific Coast League,AAA,40,2.0,11.0,10.333333333333334,46.0,4.681818181818182,0.1954347808695652,0.7581223596521739,5.139931969328347,0.041666669999999996,40
5,Eastern League,AA,19,1.0,6.0,29.333333333333332,131.0,16.958333333333332,0.07633588000000001,0.7717391303572267,4.623588997917524,0.09923664,19
5,Eastern League,AA,20,4.0,27.0,114.33333333333333,512.0,21.01851851851852,0.10765820312500003,0.7505344609375,5.101210120200704,0.13350809712550607,20
5,Eastern League,AA,21,17.0,157.0,471.33333333333337,1983.0,17.6656050955414,0.162408474089763,0.7466451710108475,3.7924806697866904,0.10773033540858018,21
5,Eastern League,AA,22,58.0,567.0,1871.6666666666667,7863.0,18.617724867724867,0.1642159476065115,0.7421253116275844,3.7870733164578443,0.09861096795314107,22
5,Eastern League,AA,23,102.0,1267.0,3539.333333333334,15268.0,15.270915548539858,0.14057276731268012,0.7302441886599916,4.195575331123895,0.10159651370864849,23
5,Eastern League,AA,24,157.0,2354.0,5386.666666666666,23347.0,12.690820229494262,0.13611089194885853,0.7309822801171996,4.3039638077356495,0.10238163876018876,24
5,Eastern League,AA,25,133.0,2048.0,4499.0,19386.0,12.439453125,0.13039414997111318,0.7286210074243283,4.295308859711557,0.10413689489902923,25
5,Eastern League,AA,26,128.0,2033.0,3822.3333333333335,16632.0,10.910231185440237,0.12713419853535354,0.7364003133542438,4.390304327996048,0.11010193768483312,26
5,Eastern League,AA,27,91.0,1213.0,2079.0,8945.0,10.432605111294311,0.1413880379508105,0.727600707827523,4.191908045080213,0.10806028478404557,27
5,Eastern League,AA,28,46.0,661.0,1175.3333333333335,5036.0,10.699697428139183,0.14381056366163622,0.7278438805289579,4.304464908922866,0.10164822197363164,28
5,Eastern League,AA,29,22.0,238.0,360.3333333333333,1530.0,10.387605042016807,0.2104921555490196,0.7300353011597871,3.300937465738276,0.1014972765667575,29
5,Eastern League,AA,30,11.0,82.0,194.99999999999997,823.0,11.777439024390244,0.13239732720534628,0.7398090295298656,4.369429060506515,0.09051633180904523,30
5,Eastern League,AA,31,11.0,75.0,159.33333333333331,702.0,12.976666666666667,0.12950142488603988,0.7337491302558423,4.730752175368513,0.1294691176911765,31
5,Eastern League,AA,32,5.0,38.0,50.0,255.0,6.276315789473684,0.09377254858823528,0.6080918216545455,5.382591069079534,0.17306995925925928,32
5,Eastern League,AA,33,4.0,5.0,26.0,102.0,27.6,0.18618627294117648,0.695618888117647,3.4903023018745367,0.09886419950617287,33
5,Eastern League,AA,34,4.0,7.0,16.333333333333332,71.0,8.678571428571429,0.07042253408450702,0.7122496796692275,4.0093915074417845,0.11111111015873017,34
5,Eastern League,AA,35,5.0,11.0,24.333333333333336,99.0,10.681818181818182,0.20183838424242423,0.6135904497811447,3.446067140664573,0.05764367770114943,35
5,Eastern League,AA,36,3.0,4.0,11.666666666666666,46.0,14.9375,0.2610434782608696,0.5221521739130435,2.385687539136928,0.04733333333333333,36
5,Eastern League,AA,37,1.0,2.0,2.6666666666666665,9.0,9.875,0.44444444,1.0,1.852146871895184,,37
6,Southern League,AA,19,1.0,1.0,6.0,24.0,25.0,0.16666667,0.666666665904762,3.6021881123383843,,19
6,Southern League,AA,20,4.0,34.0,159.0,656.0,27.735294117647058,0.21179268341463414,0.7166852190060572,3.8222514515296737,0.07758536631097562,20
6,Southern League,AA,21,17.0,204.0,860.9999999999999,3732.0,20.683823529411764,0.11633333139871381,0.7530053818994373,4.288930354046531,0.11350429539989264,21
6,Southern League,AA,22,34.0,392.0,1196.3333333333335,5135.0,16.088010204081634,0.1293386561499513,0.7420347773783668,4.369557338940922,0.11123589401449843,22
6,Southern League,AA,23,58.0,801.0,2352.3333333333335,10048.0,16.179151061173535,0.1406128582683121,0.7332643404971195,4.037068225891562,0.10696927083108851,23
6,Southern League,AA,24,85.0,1303.0,3029.0,12805.0,13.673062164236377,0.14121803926044513,0.745693957915735,3.998290996382423,0.10451735775957997,24
6,Southern League,AA,25,82.0,1215.0,2777.6666666666665,11857.0,12.730041152263375,0.12442396863371848,0.7326831497965206,4.25864122430474,0.10699256813006758,25
6,Southern League,AA,26,82.0,1422.0,2668.666666666667,11499.0,11.453938115330521,0.14317357970780065,0.7342105853129879,4.118524338561428,0.10447723941896027,26
6,Southern League,AA,27,50.0,788.0,1472.0,6493.0,9.809644670050762,0.09592022204989989,0.7247660891537206,4.668174899482062,0.11299225998297216,27
6,Southern League,AA,28,29.0,312.0,608.6666666666667,2624.0,10.913461538461538,0.12083460302210365,0.7414793529654228,4.6786803502209535,0.11431760697736862,28
6,Southern League,AA,29,16.0,252.0,386.33333333333337,1675.0,9.078373015873016,0.11995641778507464,0.7830802518607675,4.113253231401631,0.10869313386268656,29
6,Southern League,AA,30,6.0,79.0,114.33333333333333,509.0,9.829113924050633,0.12385658064833005,0.7282030881382298,3.912372203672279,0.1088306441733871,30
6,Southern League,AA,31,5.0,56.0,75.33333333333333,353.0,7.245535714285714,0.08498583645892352,0.7227759433918897,4.382044834349539,0.14447592031161471,31
6,Southern League,AA,32,2.0,5.0,6.0,25.0,11.9,0.16007999920000004,0.772,4.312640285460154,0.19983999919999998,32
6,Southern League,AA,33,1.0,2.0,4.0,16.0,8.75,-0.0625,0.888888888,5.222286742925644,0.25,33
6,Southern League,AA,34,1.0,1.0,4.0,17.0,11.5,-0.05882353000000001,0.818181817,4.704823729395867,0.17647059,34
6,Southern League,AA,36,1.0,17.0,46.333333333333336,176.0,14.088235294117647,0.18181818,0.7583333326408538,3.0333448907333955,0.05681818,36
6,Southern League,AA,37,1.0,3.0,3.3333333333333335,11.0,11.25,0.45454545999999996,0.75,0.8083138931032807,0.09090909,37
6,Southern League,AA,38,1.0,1.0,1.6666666666666665,8.0,6.25,0.0,0.75000000025,6.3130882278589375,0.25,38
7,Texas League,AA,19,1.0,2.0,6.666666666666667,28.0,18.0,0.14285715,0.875,4.74270312603652,0.14285714,19
7,Texas League,AA,20,4.0,33.0,148.66666666666669,616.0,24.696969696969695,0.1835974025974026,0.7049091590909092,4.244505693943469,0.07595941558441557,20
7,Texas League,AA,21,17.0,222.0,661.3333333333333,2832.0,17.149774774774773,0.16349611712570622,0.7185281478806782,3.9207071344242586,0.10092245030099152,21
7,Texas League,AA,22,43.0,507.0,1757.0,7579.0,17.376232741617358,0.1214397684747328,0.7294022166114998,4.54842902532357,0.11127032703669482,22
7,Texas League,AA,23,106.0,1544.0,4116.333333333334,17999.0,14.417422279792746,0.13024201313350742,0.7208143002859947,4.549395007632837,0.10980302977279055,23
7,Texas League,AA,24,103.0,1807.0,4068.666666666667,17916.0,12.397066961815163,0.12657456974212994,0.7186952399880601,4.565975045101243,0.11385396411103657,24
7,Texas League,AA,25,116.0,2056.0,3854.3333333333335,16993.0,10.23431420233463,0.11040434289942917,0.7185391354074405,4.830426392793653,0.1141029178143236,25
7,Texas League,AA,26,84.0,1566.0,2606.0,11278.0,9.82375478927203,0.12171874412041142,0.7384450894742379,4.580178890080363,0.11078224017135206,26
7,Texas League,AA,27,54.0,914.0,1459.0,6417.0,8.836980306345733,0.1259340801823282,0.7298569171808653,4.702804697831923,0.10143830307547762,27
7,Texas League,AA,28,30.0,296.0,502.33333333333337,2177.0,9.670608108108109,0.12816903951768488,0.7292910008396606,4.597388363174143,0.09440092144239633,28
7,Texas League,AA,29,22.0,332.0,699.6666666666665,3075.0,11.95105421686747,0.1417752852487805,0.7313770029482247,4.230409174840821,0.08661856591856677,29
7,Texas League,AA,30,14.0,121.0,139.33333333333334,615.0,7.75206611570248,0.16250243803252032,0.7167998021960837,4.147432021421651,0.11130479375000002,30
7,Texas League,AA,31,5.0,24.0,35.66666666666667,146.0,8.625,0.17159589171232878,0.8173312953066075,3.9798941498808684,0.09392753536231885,31
7,Texas League,AA,32,4.0,19.0,31.666666666666668,134.0,9.31578947368421,0.11941791164179105,0.7742209779291045,4.785512176912222,0.14658620551724136,32
7,Texas League,AA,33,2.0,4.0,11.666666666666666,51.0,15.875,0.13725490862745096,0.7421568627450981,4.435654283383192,0.14634146,33
7,Texas League,AA,34,1.0,23.0,47.0,218.0,8.315217391304348,0.055000000000000014,0.673697,6.049999999999999,0.151,34
7,Texas League,AA,35,2.0,4.0,13.0,61.0,15.0625,0.11475409278688527,0.7497589192131148,4.137775928421632,0.11538462,35
7,Texas League,AA,37,1.0,1.0,3.0,15.0,17.75,0.2,0.777777777,2.6252999226252243,0.06666667,37
7,Texas League,AA,39,1.0,1.0,1.0,3.0,6.0,0.33333333,1.0,2.7122614502906806,,39
7,Texas League,AA,40,1.0,1.0,1.0,4.0,8.75,0.5,0.5,1.59,,40
8,California League,A,18,7.0,26.0,75.66666666666667,347.0,13.567307692307692,0.08642074680115273,0.7756393803099427,5.119747911819573,0.12685878930835734,18
8,California League,A,19,30.0,304.0,1068.3333333333333,4659.0,17.38980263157895,0.13551835223653144,0.7708050290806434,4.761148518164207,0.09754094070492154,19
8,California League,A,20,60.0,918.0,2586.6666666666665,11727.0,13.806917211328976,0.10742193234842672,0.7626561501624928,5.107913904876253,0.11719365522810607,20
8,California League,A,21,84.0,1141.0,2717.3333333333335,12311.0,12.416300527240773,0.12087336581106328,0.7478594556916176,5.203525826634642,0.11707434737303976,21
8,California League,A,22,120.0,1778.0,3831.0,17253.0,11.770106861642295,0.12172387444444445,0.7577726522032423,5.111529762990217,0.12278097105520899,22
8,California League,A,23,101.0,1571.0,3234.666666666667,14407.0,12.173933800127308,0.12939557158534046,0.7602484566467095,4.8633020492687224,0.1173361158430718,23
8,California League,A,24,58.0,811.0,1509.0,6924.0,10.805795314426634,0.12319815195696131,0.7469137469922084,5.236408109188966,0.12037454163953658,24
8,California League,A,25,33.0,370.0,687.0,3048.0,11.139864864864865,0.1357739502559055,0.7525425605832678,5.06881444873332,0.09780773017839445,25
8,California League,A,26,13.0,93.0,173.33333333333331,799.0,11.327956989247312,0.10880600902377972,0.7799055488238505,5.233943014557324,0.13742748050890582,26
8,California League,A,27,8.0,18.0,18.666666666666664,78.0,9.13888888888889,0.20507692192307692,0.8719093404615385,4.806124655859274,0.21948780439024393,27
8,California League,A,28,4.0,4.0,9.0,43.0,8.375,0.13965116279069767,0.7286476279069768,5.69,0.11546153846153845,28
8,California League,A,29,2.0,3.0,3.3333333333333335,11.0,3.25,-0.09090909090909091,0.9999999992727272,6.601788173200219,0.125,29
8,California League,A,30,2.0,3.0,7.0,40.0,-1.25,0.0,0.41533999999999993,6.8315,0.049699999999999994,30
8,California League,A,31,1.0,2.0,7.0,33.0,19.125,0.182,0.8420000000000001,5.23,0.121,31
8,California League,A,32,3.0,7.0,8.0,29.0,9.964285714285714,0.3448275855172414,0.6743295016206897,2.6171942657780374,0.1,32
8,California League,A,33,2.0,3.0,5.666666666666666,24.0,11.833333333333334,0.291,0.775,3.065,0.056,33
8,California League,A,34,1.0,6.0,5.666666666666667,23.0,6.291666666666667,0.348,0.769,3.3099999999999996,,34
8,California League,A,36,1.0,1.0,1.0,4.0,3.5,0.25,0.666666666,2.871954318881035,,36
8,California League,A,38,1.0,1.0,1.0,4.0,5.75,0.25,1.0,4.610855308175087,,38
8,California League,A,39,1.0,2.0,2.0,9.0,8.75,0.333,0.6659999999999999,2.81,0.111,39
9,Carolina League,A,17,1.0,6.0,22.666666666666668,96.0,18.333333333333332,0.20833332999999998,0.7777777773650794,3.2551510781861075,0.041666669999999996,17
9,Carolina League,A,18,16.0,127.0,528.0,2187.0,23.236220472440944,0.17191037878372198,0.7667251416723673,3.4356829095171286,0.08139460446730681,18
9,Carolina League,A,19,43.0,466.0,1594.0,7012.0,16.95010729613734,0.09712435798345692,0.7469491273009067,4.459672720324437,0.1297366840039983,19
9,Carolina League,A,20,95.0,1025.0,2549.0000000000005,11372.0,12.945121951219512,0.09247854367833276,0.7434778708426483,4.712244163003635,0.13607936216330485,20
9,Carolina League,A,21,120.0,1533.0,3460.0,15443.0,12.143183300717547,0.0978116948727579,0.7435827515198404,4.649193311285304,0.13480123317650874,21
9,Carolina League,A,22,205.0,2777.0,6961.0,30324.0,13.99243788260713,0.12296323046332935,0.7394842273147726,4.30618985987484,0.12043868403769219,22
9,Carolina League,A,23,173.0,2382.0,5260.0,22701.0,12.954450041981529,0.13593612655169376,0.7466791432948251,4.065285724402099,0.11532564849413646,23
9,Carolina League,A,24,81.0,857.0,1794.0,7941.0,12.258751458576429,0.11912366183352223,0.7419735630334924,4.409962947989961,0.1232031112849374,24
9,Carolina League,A,25,37.0,375.0,648.6666666666666,2861.0,10.442666666666666,0.12168857089479204,0.7471379996967773,4.355903380511069,0.1274845029283933,25
9,Carolina League,A,26,14.0,99.0,134.33333333333334,592.0,9.997474747474747,0.19247466135135138,0.7478276021283785,3.543385089079588,0.11874870882960413,26
9,Carolina League,A,27,8.0,65.0,108.66666666666666,456.0,10.738461538461538,0.13622587539473682,0.7668843136872423,4.073734147660633,0.09912240272517321,27
9,Carolina League,A,28,4.0,11.0,14.0,50.0,8.545454545454545,0.3201599996,0.6579999997599999,2.0021292649775746,0.095,28
9,Carolina League,A,29,1.0,2.0,9.0,36.0,21.625,0.05555555999999998,0.777777777,3.994549798799886,0.08333333,29
9,Carolina League,A,30,2.0,12.0,14.0,60.0,10.354166666666666,0.21666666599999998,0.7166666661000001,3.1430683378738666,0.1166166645,30
9,Carolina League,A,32,1.0,3.0,3.3333333333333335,13.0,7.833333333333333,0.30799999999999994,0.44399999999999995,1.66,,32
9,Carolina League,A,34,1.0,1.0,0.6666666666666666,7.0,-2.0,0.14300000000000002,0.8,2.82,,34
10,Florida State League,A,18,6.0,33.0,90.33333333333333,433.0,15.734848484848484,0.07852193935334871,0.6950662504029311,5.207453132165416,0.19861431852193998,18
10,Florida State League,A,19,41.0,325.0,1005.6666666666667,4387.0,15.941538461538462,0.10556393932527923,0.7345174883742176,4.643382979378003,0.13200807569681589,19
10,Florida State League,A,20,85.0,870.0,2577.3333333333335,11518.0,14.889367816091953,0.11046310126584478,0.7267523334457011,4.6055511599055015,0.12214534710003487,20
10,Florida State League,A,21,134.0,1423.0,3218.666666666666,14121.0,12.595924104005622,0.11660711048013597,0.7339709486498089,4.571117832575905,0.11990277853102126,21
10,Florida State League,A,22,205.0,2488.0,5851.333333333334,25925.0,12.893388263665594,0.1175140597222758,0.7351516597929857,4.539994028050327,0.12333568131207184,22
10,Florida State League,A,23,161.0,2036.0,3734.0,16654.0,10.62463163064833,0.11393851344241622,0.7426946865868688,4.604670202547735,0.12694621223741526,23
10,Florida State League,A,24,91.0,826.0,1569.0,6904.0,11.051452784503631,0.12387615820683662,0.7268097858945313,4.526655502401873,0.11867026794583391,24
10,Florida State League,A,25,63.0,437.0,622.6666666666666,2778.0,9.459382151029748,0.1448063351475882,0.7336900469059818,4.434097394536883,0.12636264168679245,25
10,Florida State League,A,26,33.0,123.0,178.66666666666666,774.0,9.451219512195122,0.1472932804521964,0.7548552976286724,4.337526731858896,0.13556325307228914,26
10,Florida State League,A,27,19.0,74.0,111.66666666666666,495.0,9.33108108108108,0.14360808119191917,0.7034599948898991,4.464673507252385,0.12073825494407162,27
10,Florida State League,A,28,14.0,39.0,48.33333333333333,200.0,6.634615384615385,0.17497499944999997,0.8241089521665909,3.9949135310434394,0.09149673326797386,28
10,Florida State League,A,29,10.0,25.0,39.66666666666667,152.0,11.52,0.21707894480263157,0.7492180039289473,3.340828204937324,0.08963433014925375,29
10,Florida State League,A,30,7.0,18.0,18.666666666666668,76.0,7.222222222222222,0.31568421,0.7350454734736842,2.5666341115927875,0.08847058823529412,30
10,Florida State League,A,31,6.0,9.0,10.666666666666666,50.0,3.9722222222222223,0.14001999919999997,0.69745999992,4.184840971667712,0.10526315736842105,31
10,Florida State League,A,32,5.0,10.0,22.333333333333332,98.0,11.825,0.163265311122449,0.7664624928521788,3.678308995801382,0.07618478010869566,32
10,Florida State League,A,33,4.0,7.0,9.0,35.0,8.178571428571429,0.3140000005714286,0.6325714285714286,1.8474964792429813,0.067,33
10,Florida State League,A,34,6.0,12.0,12.333333333333332,53.0,6.5,0.3020377358490566,0.4986394557142858,1.2382367964423433,0.09081818181818181,34
10,Florida State League,A,35,6.0,9.0,12.666666666666666,46.0,9.61111111111111,0.19571739130434782,0.7832608695652175,3.5911556592194938,0.174,35
10,Florida State League,A,36,2.0,2.0,6.0,25.0,23.625,0.28,0.9112,3.046,0.08,36
10,Florida State League,A,37,1.0,3.0,3.0,12.0,8.75,0.5,0.666666666,0.2495621214310333,,37
10,Florida State League,A,38,1.0,1.0,1.0,3.0,12.0,0.33299999999999996,,,,38
11,Midwest League,A+,18,1.0,5.0,24.666666666666668,95.0,32.05,0.273,0.714,4.22,0.053,18
11,Midwest League,A+,19,10.0,122.0,488.66666666666663,2070.0,20.790983606557376,0.16884975609178743,0.7334947653264895,4.123629974228157,0.08440531571497585,19
11,Midwest League,A+,20,28.0,304.0,1102.6666666666667,4858.0,18.67763157894737,0.13422643005557844,0.7503750552926511,4.517140397778615,0.11678996300908714,20
11,Midwest League,A+,21,73.0,849.0,2411.0,10759.0,14.734393404004711,0.1046372340143136,0.7470481408179339,4.887992118578353,0.13113009020780916,21
11,Midwest League,A+,22,132.0,1783.0,4702.333333333334,20613.0,14.03687605159843,0.11369999538349586,0.7467315506171079,4.5892585643193575,0.12091173051016435,22
11,Midwest League,A+,23,168.0,2501.0,5786.666666666666,25733.0,12.32297081167533,0.10238102761395872,0.7523615087407766,4.805923717619603,0.12181951970737022,23
11,Midwest League,A+,24,140.0,2297.0,4390.0,19496.0,10.678058336961254,0.1053477125435987,0.7435616703844082,4.819555124571373,0.12326309024613329,24
11,Midwest League,A+,25,93.0,1400.0,2587.0,11250.0,10.885892857142856,0.1302286223866667,0.7466945757547935,4.3346331204042565,0.10290006278358808,25
11,Midwest League,A+,26,49.0,555.0,835.6666666666666,3753.0,8.422522522522522,0.10261310884092727,0.7452746650846153,4.775664580933356,0.1225525671855474,26
11,Midwest League,A+,27,25.0,315.0,569.6666666666667,2497.0,10.842063492063492,0.1322531018181818,0.7302284988157126,4.550236656629943,0.10922048318875505,27
11,Midwest League,A+,28,3.0,5.0,10.0,38.0,15.65,0.26326315894736846,0.881921052768421,3.228825258241411,0.25,28
11,Midwest League,A+,29,8.0,23.0,37.33333333333333,166.0,9.097826086956522,0.1625542176506024,0.7267877265591848,4.064799386856381,0.08809599984000001,29
11,Midwest League,A+,30,3.0,3.0,10.333333333333334,42.0,13.666666666666666,0.1668571407142857,0.7259212090714285,4.56054705110689,,30
11,Midwest League,A+,31,2.0,12.0,15.0,58.0,10.1875,0.2068965544827586,0.884381337862069,2.7783723436762378,0.08620689586206896,31
11,Midwest League,A+,32,4.0,11.0,28.333333333333332,106.0,14.886363636363637,0.17929245226415094,0.7728890381132075,3.447545896912609,0.06061616262626263,32
11,Midwest League,A+,33,1.0,1.0,5.333333333333333,21.0,34.5,0.23800000000000004,0.6160000000000001,3.8500000000000005,0.048,33
11,Midwest League,A+,34,2.0,15.0,20.0,92.0,5.516666666666667,-0.04345652434782609,0.835684550673913,6.06855326875275,0.23076923,34
11,Midwest League,A+,35,2.0,3.0,6.0,22.0,18.666666666666668,0.45454545454545453,0.8937272723636362,1.780695015408776,0.125,35
11,Midwest League,A+,36,1.0,1.0,4.0,18.0,13.25,0.11111110999999999,0.785714284,3.14721207395196,0.05555556,36
11,Midwest League,A+,37,1.0,5.0,10.666666666666666,41.0,12.65,0.21951219,0.8571428566904762,2.739674675286019,0.12195122,37
11,Midwest League,A+,38,1.0,3.0,5.666666666666667,31.0,4.583333333333333,0.25806452,0.5909090904000001,1.9775711019799311,,38
11,Midwest League,A+,39,1.0,1.0,1.0,5.0,8.5,0.2,1.0,6.36,0.2,39
13,Northwest League,A+,19,3.0,28.0,113.66666666666666,487.0,23.035714285714285,0.160123202587269,0.7484694683024898,4.452393954850549,0.12584246684931505,19
13,Northwest League,A+,20,6.0,59.0,150.33333333333334,647.0,12.76271186440678,0.1343956760278207,0.7684407420650345,4.3519660833995575,0.09746831361669242,20
13,Northwest League,A+,21,30.0,389.0,1195.0,5293.0,15.729434447300772,0.12445456201398072,0.7318008547072858,4.716348291270483,0.1084772348233516,21
13,Northwest League,A+,22,69.0,1002.0,2722.666666666667,11840.0,15.039670658682635,0.13707804021706083,0.7526614718499711,4.5937480261159225,0.11211177775177425,22
13,Northwest League,A+,23,89.0,1296.0,2987.666666666667,13173.0,13.198455598455599,0.137146207625446,0.7411174064723227,4.603800933777587,0.11155036678342489,23
13,Northwest League,A+,24,64.0,1075.0,2495.0,10942.0,12.853255813953488,0.11719630708280021,0.7471517088123572,4.75925316740612,0.11298723988616544,24
13,Northwest League,A+,25,44.0,731.0,1230.6666666666667,5480.0,9.849863201094392,0.11769233585401458,0.7350556184439557,4.917193530856204,0.12097408754562045,25
13,Northwest League,A+,26,26.0,373.0,576.6666666666667,2604.0,8.705764075067025,0.11211789656298005,0.7392656167994056,5.0334454927452565,0.10833821800231391,26
13,Northwest League,A+,27,13.0,164.0,326.99999999999994,1428.0,11.980182926829269,0.17725560042016805,0.7470261482758543,4.101579791988163,0.08664341158562366,27
13,Northwest League,A+,28,3.0,19.0,61.0,261.0,18.644736842105264,0.16848659003831418,0.7444574712643679,4.291685823754789,0.06139846743295019,28
13,Northwest League,A+,31,2.0,14.0,14.666666666666666,66.0,6.5,0.15148484545454546,0.7558651017505075,4.460047737331084,0.16666667,31
13,Northwest League,A+,41,1.0,1.0,3.0,14.0,12.75,0.07099999999999998,0.667,4.31,0.14300000000000002,41
14,South Atlantic League,A+,19,11.0,73.0,298.00000000000006,1318.0,22.96232876712329,0.1379355098710167,0.7433623204871534,4.144633004738091,0.13586651105709877,19
14,South Atlantic League,A+,20,24.0,242.0,954.0,4142.0,20.514462809917354,0.141403427846451,0.7322397725697181,4.377917177785759,0.10871125027040077,20
14,South Atlantic League,A+,21,54.0,545.0,1814.6666666666667,7882.0,17.621559633027523,0.13477150475894442,0.7429999025351064,4.500300509641603,0.11630396547112073,21
14,South Atlantic League,A+,22,132.0,1430.0,4159.0,17868.0,16.05174825174825,0.1456415378878442,0.7393177360860239,4.261922102221378,0.10917707477921786,22
14,South Atlantic League,A+,23,194.0,2833.0,6416.666666666666,27810.0,12.99761736674903,0.1398364258302769,0.7359275303559976,4.373645102222309,0.10943944809678233,23
14,South Atlantic League,A+,24,173.0,2376.0,4490.666666666668,19799.0,11.001473063973064,0.13220819208848933,0.7270994721968393,4.570316952481994,0.11487030039471684,24
14,South Atlantic League,A+,25,115.0,1894.0,3240.3333333333335,14106.0,10.077613516367476,0.12004026654756839,0.7468088017659987,4.563028409387463,0.1171886781765166,25
14,South Atlantic League,A+,26,68.0,688.0,1169.6666666666665,5194.0,9.672601744186046,0.12381728944936464,0.7409248047968698,4.692631982651839,0.1163630485031348,26
14,South Atlantic League,A+,27,29.0,140.0,219.33333333333337,964.0,8.369642857142857,0.1452002071161826,0.7418164268341898,4.631594475455111,0.11155518754966888,27
14,South Atlantic League,A+,28,16.0,118.0,181.33333333333334,765.0,10.127118644067796,0.16715424657516342,0.7275645279836702,4.146753927488995,0.09806577348993288,28
14,South Atlantic League,A+,29,5.0,19.0,25.666666666666668,107.0,7.2368421052631575,0.15880373841121498,0.7628726298971964,4.319252491133793,0.08418947410526315,29
14,South Atlantic League,A+,30,5.0,8.0,7.666666666666667,41.0,2.0625,0.04878048756097557,0.8719512195121951,8.106970475832835,0.3046086956521739,30
14,South Atlantic League,A+,31,8.0,26.0,42.0,180.0,9.26923076923077,0.09997222255555555,0.7733056354250001,4.5769578154572725,0.14709411611764706,31
14,South Atlantic League,A+,32,2.0,4.0,6.0,28.0,4.75,0.035750000000000004,0.826923076,4.498738705090267,0.19047619,32
14,South Atlantic League,A+,33,2.0,4.0,11.0,54.0,12.25,0.14800000185185183,0.8164251196944444,4.836285156574205,0.07422222333333334,33
14,South Atlantic League,A+,34,1.0,1.0,3.3333333333333335,17.0,11.0,0.05800000000000001,0.6659999999999999,4.17,0.11800000000000001,34
14,South Atlantic League,A+,35,3.0,7.0,15.666666666666666,68.0,8.75,0.17673529411764707,0.6918014705147058,4.23619283750215,0.04,35
14,South Atlantic League,A+,36,1.0,6.0,14.0,55.0,15.708333333333334,0.382,0.875,1.7,0.018000000000000002,36
14,South Atlantic League,A+,37,1.0,1.0,5.0,19.0,35.25,0.15789473,0.7272727262500001,3.457933932542801,0.10526315999999998,37
16,Arizona Complex League,CPX,17,4.0,34.0,71.0,367.0,7.676470588235294,0.057204358910081736,0.7377135053576123,6.754182108362383,0.18177429445141066,17
16,Arizona Complex League,CPX,18,44.0,376.0,1050.333333333333,4774.0,13.690824468085106,0.12159551675534143,0.7547996210433104,5.650325016402985,0.10821464728535354,18
16,Arizona Complex League,CPX,19,145.0,1385.0,3346.0,15557.0,11.73086642599278,0.09809744793790577,0.7686342760127818,5.983927591501961,0.12626659784487215,19
16,Arizona Complex League,CPX,20,173.0,1665.0,3217.666666666667,14860.0,10.399038461538462,0.10810026925975773,0.7720113191024742,5.895919407075472,0.13223253931236925,20
16,Arizona Complex League,CPX,21,146.0,1487.0,2558.333333333333,11918.0,10.104741089441829,0.11987774822789057,0.7662475482019281,5.846181728893442,0.13579220002119544,21
16,Arizona Complex League,CPX,22,118.0,910.0,1571.333333333333,7328.0,9.676211453744493,0.12264533276473799,0.7783857509100621,5.769819267177749,0.1326556373474211,22
16,Arizona Complex League,CPX,23,102.0,608.0,1059.6666666666667,4737.0,10.777138157894736,0.148211948547604,0.7875196208462371,5.38991395930381,0.1214615548842289,23
16,Arizona Complex League,CPX,24,68.0,273.0,450.66666666666663,1988.0,10.31043956043956,0.1867072432947686,0.7992469750478226,5.110384165950074,0.11482478895211269,24
16,Arizona Complex League,CPX,25,47.0,180.0,270.6666666666667,1188.0,9.718055555555555,0.18357070695286198,0.7732603976159512,4.981808117896395,0.12345961032497677,25
16,Arizona Complex League,CPX,26,42.0,134.0,241.33333333333334,1068.0,11.14179104477612,0.17799063731273407,0.8002509640630704,4.971075021248646,0.11087199991,26
16,Arizona Complex League,CPX,27,34.0,96.0,140.00000000000003,618.0,9.002604166666666,0.1926585749514563,0.7733044902163129,5.035971460348465,0.11481625522968197,27
16,Arizona Complex League,CPX,28,15.0,27.0,39.99999999999999,163.0,9.203703703703704,0.2883803681595092,0.8145447849141104,3.2521624293024103,0.08463559372881356,28
16,Arizona Complex League,CPX,29,9.0,20.0,27.666666666666668,121.0,6.5875,0.19009091057851238,0.7157756783919716,4.690582696035242,0.0931162776744186,29
16,Arizona Complex League,CPX,30,11.0,29.0,37.0,149.0,8.370689655172415,0.2482617444295302,0.7846375838120805,4.447774092979724,0.06828205136752137,30
16,Arizona Complex League,CPX,31,5.0,12.0,18.666666666666668,72.0,11.375,0.27775,0.7974444444444445,3.7738913014898134,0.1630232558139535,31
16,Arizona Complex League,CPX,32,10.0,26.0,46.33333333333333,186.0,11.567307692307692,0.28498924478494625,0.7728889428806451,3.4322571419474555,0.05087898286624204,32
16,Arizona Complex League,CPX,33,5.0,6.0,14.999999999999998,64.0,12.041666666666666,0.10953124921875002,0.824224431578125,5.138385871164501,0.11752941176470588,33
16,Arizona Complex League,CPX,34,5.0,24.0,31.333333333333336,130.0,6.677083333333333,0.10769230746153846,0.7906239954461539,5.016764469993551,0.16455695936708858,34
16,Arizona Complex League,CPX,35,1.0,2.0,2.0,8.0,7.75,0.5,0.75,2.39,,35
16,Arizona Complex League,CPX,36,1.0,1.0,1.0,3.0,6.0,0.33299999999999996,1.0,2.9,,36
16,Arizona Complex League,CPX,37,4.0,5.0,11.0,35.0,14.3,0.2857428537142857,0.8827838821142857,3.798914673328399,0.05555556,37
16,Arizona Complex League,CPX,40,1.0,1.0,1.0,5.0,-1.5,0.0,0.5,7.497353982925415,,40
16,Arizona Complex League,CPX,45,1.0,2.0,8.0,31.0,26.625,0.41935484,0.8235294104509805,2.255130518972874,,45
17,Florida Complex League,CPX,17,4.0,21.0,40.0,210.0,6.0476190476190474,-0.07613809523809521,0.8341789809523809,8.650190476190476,0.18095238095238092,17
17,Florida Complex League,CPX,18,55.0,479.0,1135.0,5249.0,11.335594989561587,0.07525509602019433,0.7721445042208468,5.513501570313648,0.14983603726092767,18
17,Florida Complex League,CPX,19,139.0,1175.0,2887.666666666667,13128.0,12.254468085106383,0.0780663466598111,0.7649757475909492,5.219782195704263,0.1431202761985435,19
17,Florida Complex League,CPX,20,154.0,1397.0,2815.0,12921.0,10.665114613180515,0.08450677143487348,0.7577556867229296,5.315974093064178,0.14299113194865812,20
17,Florida Complex League,CPX,21,146.0,1195.0,2188.6666666666665,9983.0,10.00041841004184,0.08473835557547832,0.7762929585562033,5.321948961963671,0.14520379882792767,21
17,Florida Complex League,CPX,22,137.0,983.0,1779.3333333333335,8186.0,9.903102746693795,0.08790056196188616,0.762813484113743,5.173786353503738,0.14762372552350164,22
17,Florida Complex League,CPX,23,104.0,612.0,1005.3333333333334,4523.0,9.504493464052288,0.09556643869334512,0.778274667032447,5.267644090311544,0.14571600438365492,23
17,Florida Complex League,CPX,24,69.0,262.0,462.3333333333333,2014.0,11.382633587786259,0.16485849089870908,0.7712209811744355,4.3071317154404225,0.12231939346053322,24
17,Florida Complex League,CPX,25,51.0,191.0,296.66666666666663,1265.0,10.93193717277487,0.1849486161660079,0.795039347166272,4.0606689959492765,0.14874657572407046,25
17,Florida Complex League,CPX,26,32.0,84.0,133.33333333333331,575.0,10.404761904761905,0.2051721735478261,0.7058019782008773,4.091950529352792,0.13303680999999998,26
17,Florida Complex League,CPX,27,25.0,74.0,123.0,493.0,11.10472972972973,0.19846044636916835,0.7904056710836714,4.3558476963161,0.10648792282608695,27
17,Florida Complex League,CPX,28,18.0,31.0,41.333333333333336,172.0,8.411290322580646,0.19768604552325583,0.7637107140595237,4.1193121686827965,0.1709059830769231,28
17,Florida Complex League,CPX,29,10.0,21.0,28.0,113.0,9.821428571428571,0.27431858371681417,0.7587079642920355,3.0129387733117667,0.14285714301587302,29
17,Florida Complex League,CPX,30,8.0,13.0,15.666666666666666,68.0,9.038461538461538,0.35295588367647057,0.7384165536124607,1.1068158763701255,0.08823529294117646,30
17,Florida Complex League,CPX,31,12.0,18.0,27.666666666666664,117.0,9.805555555555555,0.2478888887179487,0.7066426746239317,3.0849890112406064,0.10255128205128206,31
17,Florida Complex League,CPX,32,7.0,11.0,18.333333333333332,77.0,12.272727272727273,0.22064935077922082,0.6878961038961039,4.155763535313792,0.10616666666666666,32
17,Florida Complex League,CPX,33,4.0,8.0,15.333333333333334,59.0,14.1875,0.3897118638983051,0.5699220775357143,2.7676978282899136,0.07987999999999999,33
17,Florida Complex League,CPX,34,3.0,6.0,7.333333333333333,37.0,7.166666666666667,0.2973513513513513,0.6102094594594594,3.0216415786743163,0.1,34
17,Florida Complex League,CPX,35,5.0,12.0,13.666666666666666,64.0,3.6041666666666665,0.14065625,0.78901420425,5.164124185442924,0.05236842105263158,35
30,Dominican Summer League,R,16,59.0,423.0,860.9999999999999,4184.0,8.808510638297872,-0.0026235881789426103,0.7872574400307796,7.479064050823725,0.19883868083145048,16
30,Dominican Summer League,R,17,448.0,3567.0,7503.666666666666,35610.0,9.092766853932584,0.015560174169997335,0.7903922031444579,6.592716672576981,0.17001127475325492,17
30,Dominican Summer League,R,18,651.0,5424.0,11322.666666666668,53026.0,9.662364005163194,0.0391431071033668,0.7899012691481222,6.036916126267484,0.15513474275097072,18
30,Dominican Summer League,R,19,529.0,4563.0,9208.333333333332,43292.0,9.79754062362758,0.04627312983942884,0.7967589292034286,6.001685597567331,0.15763929317293635,19
30,Dominican Summer League,R,20,293.0,2825.0,5311.0,24600.0,10.089115044247787,0.057483319028551076,0.7974019657159626,5.770330248230987,0.15647315867219547,20
30,Dominican Summer League,R,21,110.0,1088.0,1981.6666666666665,9247.0,10.015625,0.07735121790210614,0.7949257679753157,5.556889592578677,0.1496849443461676,21
30,Dominican Summer League,R,22,36.0,321.0,563.6666666666666,2578.0,11.013239875389408,0.08757030986629784,0.8048674121893667,5.470806130608031,0.1419204071448403,22
30,Dominican Summer League,R,23,19.0,163.0,301.0,1370.0,10.825153374233128,0.06086552396903016,0.8180095863461456,5.779124857161184,0.16327100561779243,23
30,Dominican Summer League,R,24,5.0,59.0,110.33333333333333,495.0,11.453389830508474,0.11310954063604242,0.7945850019312214,5.060883392226149,0.07415547703180211,24
30,Dominican Summer League,R,26,4.0,45.0,76.0,333.0,12.8,0.21208474644067796,0.7896002846069651,4.097880884573097,0.13542372949152542,26
