Player,Eligible,Status,Fantasy Points,Average Fantasy Points per Game,p_formatted_ip,p_save,p_hold,IP_per_Game,p_era,pitching_score,command_score,whiff_percent,bb_percent,meatball_percent,FPts_7d,FP/G_7d,pitching_score_7d,command_score_7d,whiff_percent_7d,bb_percent_7d,meatball_percent_7d,p_game_7d,p_save_7d,p_hold_7d,IP_per_Game_7d,FPts_14d,FP/G_14d,pitching_score_14d,command_score_14d,whiff_percent_14d,bb_percent_14d,meatball_percent_14d,p_game_14d,p_save_14d,p_hold_14d,IP_per_Game_14d,FPts_30d,FP/G_30d,pitching_score_30d,command_score_30d,whiff_percent_30d,bb_percent_30d,meatball_percent_30d,p_game_30d,p_save_30d,p_hold_30d,IP_per_Game_30d,pitching_score_2025,command_score_2025,whiff_percent_2025,bb_percent_2025,meatball_percent_2025
Dylan Cease,SP,ACTIVE,1284.5,44.29,169.0,0.0,0.0,5.8,2.4,1.41,0.29,33.3,11.4,6.0,,,,,,,,,,,,10.75,10.75,-1.47,-2.15,23.08,35.29,5.41,1.0,0.0,0.0,2.67,125.0,31.25,0.21,0.15,24.05,15.48,4.64,4.0,0.0,0.0,4.67,1.48,0.52,33.4,9.8,6.6
Tyler Mahle,SP,ACTIVE,795.0,29.44,149.0,0.0,0.0,5.5,3.99,0.87,1.62,22.9,7.5,5.4,,,0.45,0.28,30.0,3.57,8.42,,,,,64.0,32.0,0.47,0.73,23.26,5.56,5.63,2.0,0.0,0.0,5.5,140.25,35.06,0.52,0.87,21.97,4.13,6.32,4.0,0.0,0.0,6.0,0.65,1.35,23.2,8.4,5.7
Paul Skenes,SP,ACTIVE,1088.25,34.01,174.1,0.0,0.0,5.4,3.82,1.29,1.14,28.2,6.9,6.4,,,,,,,,,,,,75.0,37.5,0.85,0.34,32.98,6.38,7.03,2.0,0.0,0.0,6.17,139.5,34.88,0.83,0.6,28.19,5.38,6.78,4.0,0.0,0.0,6.17,1.52,1.22,30.1,5.7,7.1
Aaron Nola,SP,ACTIVE,944.0,28.61,175.1,0.0,0.0,5.3,4.67,1.09,1.09,27.1,7.9,6.1,-6.0,-6.0,,,0.0,0.0,23.81,1.0,0.0,0.0,1.0,24.75,12.38,0.09,0.57,19.23,3.33,7.34,2.0,0.0,0.0,3.5,142.75,28.55,0.37,0.83,20.41,7.55,5.21,5.0,0.0,0.0,5.47,1.78,2.54,25.2,6.9,4.2
Ranger Suarez,SP,ACTIVE,841.0,30.04,148.1,0.0,0.0,5.3,3.22,0.34,1.12,21.7,7.5,6.2,,,,,,,,,,,,61.0,30.5,-0.94,-0.3,12.5,13.95,6.52,2.0,0.0,0.0,5.33,163.25,40.81,-0.17,0.57,15.82,7.29,6.2,4.0,0.0,0.0,6.17,0.76,1.7,22.2,5.8,6.2
Tyler Wells,SP,ACTIVE,575.75,10.1,72.0,6.0,15.0,1.3,2.38,1.34,0.74,30.6,6.5,7.2,,,,,,,,,,,,,,,,,,,,,,,60.5,15.12,,,28.12,5.88,1.72,4.0,1.0,0.0,1.25,-0.32,-0.03,23.4,2.4,10.8
Aroldis Chapman,RP,ACTIVE,760.5,14.35,51.2,35.0,0.0,1.0,1.92,0.87,0.13,30.4,10.8,6.5,,,,,60.0,0.0,7.14,,,,,24.0,24.0,,,57.89,0.0,3.85,1.0,1.0,0.0,1.0,105.5,17.58,1.81,0.66,40.0,11.11,4.5,6.0,5.0,0.0,1.0,1.77,0.46,35.8,6.6,8.1
Raisel Iglesias,RP,ACTIVE,722.25,12.24,60.0,34.0,0.0,1.0,2.55,1.42,0.97,30.0,7.1,6.6,2.75,2.75,0.29,1.1,14.29,0.0,3.85,1.0,0.0,0.0,1.0,44.75,11.19,1.41,1.14,33.33,0.0,6.25,4.0,1.0,0.0,1.0,119.75,13.31,1.1,0.81,29.87,2.56,7.09,9.0,5.0,0.0,1.0,1.08,0.45,30.9,6.4,8.2
Brent Headrick,RP,ACTIVE,682.25,8.42,78.1,0.0,29.0,1.0,2.18,0.66,-0.44,31.8,8.3,8.4,6.25,6.25,-1.71,-2.14,18.18,28.57,13.79,1.0,0.0,0.0,1.0,10.25,2.56,-1.89,-2.21,17.39,18.75,12.96,4.0,0.0,0.0,0.67,75.0,7.5,-0.03,-0.58,27.14,15.79,7.01,10.0,0.0,5.0,0.83,1.0,-0.28,34.1,7.6,9.0
Emilio Pagan,RP,ACTIVE,547.5,12.17,42.2,25.0,0.0,0.9,3.38,0.66,0.73,25.9,6.3,7.3,,,,,,,,,,,,41.25,13.75,,,19.23,8.33,9.52,3.0,2.0,0.0,1.0,113.0,12.56,-0.01,0.74,16.42,6.06,6.06,9.0,5.0,0.0,0.93,0.79,0.38,29.2,8.1,7.6
Ryan Weathers,SP,INJURED_RESERVE,785.0,31.4,137.1,0.0,0.0,5.5,3.6,1.29,1.38,27.0,6.7,6.1,,,,,,,,,,,,,,,,,,,,,,,,,,,,,,,,,,0.21,-0.35,28.8,7.2,9.3
Garrett Crochet,SP,INJURED_RESERVE,190.0,31.67,30.0,0.0,0.0,5.0,6.3,0.31,0.63,24.0,8.0,6.8,,,,,50.0,0.0,6.25,,,,,,,,,50.0,0.0,6.25,,,,,,,,,50.0,0.0,6.25,,,,,0.83,0.4,29.4,5.7,8.6
Mick Abel,SP,INJURED_RESERVE,124.0,31.0,20.1,0.0,0.0,5.0,3.98,0.55,0.0,28.8,10.8,6.7,,,,,,,,,,,,,,,,,,,,,,,,,,,,,,,,,,-0.33,-0.44,25.4,9.2,8.6
Jason Adam,RP,INJURED_RESERVE,283.0,7.45,34.1,2.0,18.0,0.9,2.62,0.5,-0.0,28.5,7.0,8.2,0.5,0.5,-0.7,-1.48,30.77,25.0,10.53,1.0,0.0,0.0,1.0,9.5,4.75,,,25.0,18.18,11.63,2.0,0.0,1.0,1.0,9.5,4.75,,,25.0,18.18,11.63,2.0,0.0,1.0,1.0,0.72,-0.52,33.3,9.3,8.7
Justin Steele,SP,INJURED_RESERVE,,,,,,,,,,,,,,,,,,,,,,,,,,,,,,,,,,,,,,,,,,,,,,0.47,2.01,18.5,5.4,5.8
Spencer Schwellenbach,SP,INJURED_RESERVE,,,,,,,,,,,,,,,,,,,,,,,,,,,,,,,,,,,,,,,,,,,,,,0.39,0.0,28.3,4.1,10.0
Hagen Smith,SP,MINORS,222.25,12.35,28.0,0.0,2.0,1.6,1.29,0.83,-1.09,36.2,14.5,7.0,10.75,10.75,0.23,0.19,26.67,7.14,7.14,1.0,0.0,1.0,0.67,34.5,8.62,0.27,-0.01,27.78,13.33,5.51,4.0,0.0,1.0,1.08,126.5,12.65,1.07,0.44,32.59,8.0,6.38,10.0,0.0,1.0,1.7,,,,,
Cam Caminiti,SP,MINORS,,,,,,,,,,,,,,,,,,,,,,,,,,,,,,,,,,,,,,,,,,,,,,,,,,
Ramon Marquez,SP,MINORS,,,,,,,,,,,,,,,,,,,,,,,,,,,,,,,,,,,,,,,,,,,,,,,,,,
Thomas White,SP,MINORS,,,,,,,,,,,,,,,,,,,,,,,,,,,,,,,,,,,,,,,,,,,,,,,,,,
Tanner Franklin,SP,MINORS,,,,,,,,,,,,,,,,,,,,,,,,,,,,,,,,,,,,,,,,,,,,,,,,,,
Nolan Perry,SP,MINORS,,,,,,,,,,,,,,,,,,,,,,,,,,,,,,,,,,,,,,,,,,,,,,,,,,
