Player,Eligible,Status,Fantasy Points,Average Fantasy Points per Game,GP,AB_per_Game,hitter_score,batters_eye_score,barrel_batted_rate,oz_swing_percent,meatball_swing_percent,FPts_7d,FP/G_7d,hitter_score_7d,batters_eye_score_7d,barrel_batted_rate_7d,barrels_7d,oz_swing_percent_7d,meatball_swing_percent_7d,GP_7d,AB_per_Game_7d,Runs_7d,FPts_14d,FP/G_14d,hitter_score_14d,batters_eye_score_14d,barrel_batted_rate_14d,barrels_14d,oz_swing_percent_14d,meatball_swing_percent_14d,GP_14d,AB_per_Game_14d,Runs_14d,FPts_30d,FP/G_30d,hitter_score_30d,batters_eye_score_30d,barrel_batted_rate_30d,barrels_30d,oz_swing_percent_30d,meatball_swing_percent_30d,GP_30d,AB_per_Game_30d,Runs_30d,hitter_score_2025,batters_eye_score_2025,barrel_batted_rate_2025,oz_swing_percent_2025,meatball_swing_percent_2025
Kyle Schwarber,DH,ACTIVE,1204.5,7.72,156.0,3.723802407638024,1.85,0.83,15.6,26.1,77.8,17.5,17.5,0.52,0.16,20.0,2.0,23.81,80.0,1.0,4.0,1.0,42.0,6.0,0.33,0.49,7.69,2.0,28.33,84.62,7.0,3.29,4.0,167.5,7.61,0.44,0.31,9.23,6.0,28.25,77.14,22.0,3.64,14.0,2.18,0.47,20.8,21.5,72.6
Bobby Witt Jr.,SS,ACTIVE,1176.5,8.23,143.0,3.9033914152146196,0.59,-0.06,11.4,33.8,77.8,-1.0,-1.0,,,0.0,0.0,28.57,100.0,1.0,4.0,0.0,46.0,6.57,0.08,0.02,8.7,2.0,37.5,87.5,7.0,4.0,7.0,158.5,7.55,0.28,-0.17,10.94,7.0,36.96,82.14,21.0,3.86,16.0,0.98,0.49,12.5,30.6,84.9
Yandy Diaz,DH,ACTIVE,1161.5,7.54,154.0,3.9858458889367196,-0.55,-0.73,7.1,29.0,63.8,,,,,,,,,,,,49.0,8.17,0.16,0.56,4.55,1.0,19.61,70.0,6.0,4.0,6.0,114.0,6.0,-0.06,0.09,5.8,4.0,32.1,79.17,19.0,4.21,13.0,0.5,0.69,8.3,24.0,78.4
Brandon Lowe,2B,ACTIVE,1131.5,7.54,150.0,3.884949182501105,0.93,0.22,12.4,33.6,80.7,,,,,,,,,,,,38.5,6.42,0.91,0.35,17.65,3.0,32.0,87.5,6.0,3.83,2.0,153.0,8.05,0.71,-0.4,16.67,8.0,33.56,71.43,19.0,3.63,10.0,1.07,0.52,13.0,32.0,87.1
Seiya Suzuki,DH,ACTIVE,1110.5,7.77,143.0,3.8132823052678972,0.94,0.63,10.7,22.5,70.7,,,-0.69,-0.55,0.0,0.0,12.5,33.33,,,,47.5,7.92,0.68,0.47,13.04,3.0,21.74,71.43,6.0,4.17,4.0,112.5,5.62,0.92,0.63,11.67,7.0,23.38,75.68,20.0,3.8,11.0,1.11,-0.2,16.6,20.4,63.4
Jake Bauers,LF,ACTIVE,1103.5,7.66,144.0,3.3111191662890804,1.79,1.12,14.0,21.7,75.3,3.5,3.5,,,33.33,1.0,20.0,0.0,1.0,4.0,1.0,30.0,4.29,0.38,-0.09,14.29,2.0,26.87,63.64,7.0,3.71,5.0,129.0,7.17,1.82,0.89,18.75,6.0,25.75,85.19,18.0,3.11,15.0,1.94,1.66,13.7,20.4,84.8
Daylen Lile,RF,ACTIVE,1093.0,6.83,160.0,3.761811527904849,0.33,-0.01,9.6,38.5,84.5,-1.0,-1.0,,,0.0,0.0,42.86,100.0,1.0,4.0,0.0,14.5,2.07,-0.24,-0.49,9.09,2.0,52.27,100.0,7.0,3.43,1.0,95.5,4.78,0.35,-0.59,14.55,8.0,41.54,80.95,20.0,3.5,7.0,-0.08,0.5,5.2,26.7,79.8
William Contreras,C,ACTIVE,1085.5,7.38,147.0,3.848070013818517,0.59,0.63,8.5,28.3,78.4,,,,,,,,,,,,49.0,8.17,0.65,0.49,12.5,2.0,28.89,85.71,6.0,3.33,1.0,189.5,11.15,1.15,0.73,13.21,7.0,30.16,89.47,17.0,3.88,12.0,0.17,0.61,6.4,25.3,79.2
Kazuma Okamoto,3B,ACTIVE,1009.5,6.47,156.0,3.640376423972263,1.23,0.5,13.1,27.3,75.6,0.0,0.0,,,,0.0,16.67,,1.0,2.0,0.0,32.0,4.57,0.3,0.63,5.88,1.0,20.97,75.0,7.0,3.43,2.0,156.0,7.43,0.61,0.1,12.28,7.0,21.43,61.11,21.0,3.57,8.0,,,,,
Ian Happ,LF,ACTIVE,921.0,5.9,156.0,3.497719869706841,1.0,0.62,11.1,23.9,72.5,-3.0,-3.0,-0.45,-0.2,0.0,0.0,25.0,66.67,1.0,5.0,0.0,29.0,4.14,0.39,0.93,4.17,1.0,23.94,90.0,7.0,3.86,3.0,99.0,4.95,1.42,1.78,8.7,4.0,17.88,90.48,20.0,2.85,9.0,1.35,1.5,10.4,20.8,83.5
Colson Montgomery,SS,ACTIVE,866.5,5.66,153.0,3.710190421234853,0.9,0.27,12.0,32.4,79.7,-2.0,-2.0,-0.49,-1.36,20.0,1.0,46.15,50.0,1.0,4.0,0.0,-1.5,-0.21,-0.46,-0.51,5.88,1.0,31.75,60.0,7.0,3.57,2.0,53.0,2.52,0.42,-0.05,11.43,4.0,31.94,76.0,21.0,3.33,7.0,0.94,-0.0,14.5,30.5,79.1
Heriberto Hernandez,LF,ACTIVE,818.0,6.29,130.0,3.4448899755501223,1.98,1.71,12.7,23.9,84.8,19.0,19.0,,,33.33,1.0,33.33,100.0,1.0,4.0,2.0,48.0,6.86,0.99,1.33,9.09,2.0,22.58,100.0,7.0,3.86,4.0,109.0,5.19,1.16,1.5,8.06,5.0,20.39,88.89,21.0,4.1,8.0,1.21,1.16,11.0,21.5,80.5
Kyle Stowers,LF,ACTIVE,760.5,6.29,121.0,3.697080867850099,1.15,0.45,12.8,33.7,83.4,,,,,,,,,,,,49.5,12.38,1.65,1.23,20.0,2.0,24.32,100.0,4.0,3.0,4.0,93.0,5.47,1.15,0.59,14.29,6.0,35.44,95.45,17.0,3.71,9.0,2.23,0.92,19.1,27.9,86.2
Eugenio Suarez,3B,ACTIVE,737.0,5.9,125.0,3.474355495251018,1.04,0.35,12.5,28.5,75.5,,,,,,,,,,,,45.0,9.0,1.91,0.61,30.0,3.0,34.38,100.0,5.0,3.6,3.0,164.5,9.14,2.46,1.34,21.95,9.0,25.17,93.75,18.0,3.39,14.0,0.67,-0.37,14.3,31.3,76.0
Bryce Eldridge,1B,ACTIVE,718.0,6.71,107.0,3.607325905292479,1.08,0.66,11.5,24.6,73.8,,,,,,,,,,,,,,,,,,,,,,,114.0,9.5,0.72,0.59,10.0,3.0,23.53,75.0,12.0,3.75,6.0,,,,,
Griffin Conine,LF,ACTIVE,561.0,5.97,94.0,3.0222459893048126,1.2,-0.33,16.4,33.3,74.1,12.0,12.0,,,100.0,2.0,14.29,100.0,1.0,4.0,1.0,50.5,7.21,1.37,0.31,25.0,5.0,39.29,100.0,7.0,3.71,3.0,148.0,7.05,1.4,0.15,19.64,11.0,36.57,88.24,21.0,3.57,13.0,1.71,1.09,14.8,22.5,81.0
Nick Kurtz,1B,INJURED_RESERVE,814.5,8.23,99.0,3.5567341927562923,2.21,0.81,18.0,23.3,73.8,,,,,,,,,,,,,,,,,,,,,,,,,,,,,,,,,,1.97,0.67,18.5,22.4,76.0
Curtis Mead,1B,INJURED_RESERVE,631.5,7.18,88.0,3.240380047505938,0.29,-0.39,10.9,25.1,62.6,,,,,,,,,,,,,,,,,,,,,,,,,,,,,,,,,,-0.54,-0.04,4.5,27.7,75.0
Jurickson Profar,LF,INJURED_RESERVE,,,,,,,,,,,,,,,,,,,,,,,,,,,,,,,,,,,,,,,,,,,0.32,0.62,7.4,24.0,77.6
Max Clark,CF,MINORS,336.0,6.59,51.0,3.530357142857143,-0.7,0.22,2.1,28.6,74.1,-1.0,-1.0,,,0.0,0.0,28.57,100.0,1.0,4.0,0.0,19.0,3.17,0.2,0.51,5.56,1.0,25.53,80.0,6.0,3.67,1.0,149.5,7.12,-0.24,0.19,3.33,2.0,23.57,66.67,21.0,3.57,13.0,,,,,
Jasson Dominguez,LF,MINORS,279.5,4.9,57.0,3.664042933810376,-0.72,-0.63,5.6,34.4,72.1,,,,,,,,,,,,,,,,,,,,,,,9.5,2.38,,,14.29,1.0,16.67,50.0,4.0,2.25,1.0,-0.31,-0.23,7.0,30.8,76.9
Jordan Lawlar,3B,MINORS,230.0,5.23,44.0,2.819652173913044,0.28,0.52,7.0,26.7,75.0,9.5,9.5,,,0.0,0.0,25.0,0.0,1.0,3.0,1.0,25.5,4.25,-1.16,-0.95,0.0,0.0,28.57,40.0,6.0,2.33,3.0,79.5,4.18,0.23,-0.02,9.38,3.0,26.17,66.67,19.0,2.53,7.0,0.19,0.96,4.9,26.6,85.0
Leo Bernal,C,MINORS,193.5,8.06,24.0,3.9571059431524547,0.24,-0.25,10.0,29.2,69.6,26.0,26.0,,,50.0,1.0,14.29,,1.0,2.0,1.0,49.5,7.07,0.09,-0.53,14.29,2.0,32.88,61.54,7.0,3.43,3.0,161.0,7.67,-0.12,-0.6,10.0,6.0,30.05,61.11,21.0,3.9,10.0,,,,,
Raudi Rodriguez,RF,MINORS,,,,,,,,,,,,,,,,,,,,,,,,,,,,,,,,,,,,,,,,,,,,,,,
Wandy Asigen,SS,MINORS,,,,,,,,,,,,,,,,,,,,,,,,,,,,,,,,,,,,,,,,,,,,,,,
Shotaro Morii,2B,MINORS,,,,,,,,,,,,,,,,,,,,,,,,,,,,,,,,,,,,,,,,,,,,,,,
Elian Pena,SS,MINORS,,,,,,,,,,,,,,,,,,,,,,,,,,,,,,,,,,,,,,,,,,,,,,,
Cris Rodriguez,CF,MINORS,,,,,,,,,,,,,,,,,,,,,,,,,,,,,,,,,,,,,,,,,,,,,,,
Blake Mitchell,C,MINORS,,,,,,,,,,,,,,,,,,,,,,,,,,,,,,,,,,,,,,,,,,,,,,,
Carson Roccaforte,CF,MINORS,,,,,,,,,,,,,,,,,,,,,,,,,,,,,,,,,,,,,,,,,,,,,,,
Kayson Cunningham,SS,MINORS,,,,,,,,,,,,,,,,,,,,,,,,,,,,,,,,,,,,,,,,,,,,,,,
Miguel Hernandez,SS,MINORS,,,,,,,,,,,,,,,,,,,,,,,,,,,,,,,,,,,,,,,,,,,,,,,
Francisco Renteria,CF,MINORS,,,,,,,,,,,,,,,,,,,,,,,,,,,,,,,,,,,,,,,,,,,,,,,
Marconi German,2B,MINORS,,,,,,,,,,,,,,,,,,,,,,,,,,,,,,,,,,,,,,,,,,,,,,,
Jaison Chourio,CF,MINORS,,,,,,,,,,,,,,,,,,,,,,,,,,,,,,,,,,,,,,,,,,,,,,,
Nathan Flewelling,C,MINORS,,,,,,,,,,,,,,,,,,,,,,,,,,,,,,,,,,,,,,,,,,,,,,,
Eli Willits,SS,MINORS,,,,,,,,,,,,,,,,,,,,,,,,,,,,,,,,,,,,,,,,,,,,,,,
Teoscar Hernandez,RF,RESERVE,768.0,6.14,125.0,3.533697916666666,0.5,-0.02,10.7,31.2,74.8,0.0,0.0,,,0.0,0.0,100.0,,1.0,3.0,0.0,31.0,4.43,-0.7,-1.53,12.5,2.0,51.85,66.67,7.0,3.57,4.0,183.5,8.74,-0.07,-1.32,15.38,8.0,37.79,59.09,21.0,3.57,13.0,0.46,-0.07,11.5,30.1,77.8
