Player,Position,Status,FPts,FP/G,GP,AB_per_Game,hitter_score,batters_eye_score,barrel_batted_rate,oz_swing_percent,meatball_swing_percent,hitter_score_7d,batters_eye_score_7d,barrel_batted_rate_7d,barrels_7d,oz_swing_percent_7d,meatball_swing_percent_7d,GP_7d,AB_per_Game_7d,Runs_7d,hitter_score_14d,batters_eye_score_14d,barrel_batted_rate_14d,barrels_14d,oz_swing_percent_14d,meatball_swing_percent_14d,GP_14d,AB_per_Game_14d,Runs_14d,hitter_score_30d,batters_eye_score_30d,barrel_batted_rate_30d,barrels_30d,oz_swing_percent_30d,meatball_swing_percent_30d,GP_30d,AB_per_Game_30d,Runs_30d,hitter_score_2025,batters_eye_score_2025,barrel_batted_rate_2025,oz_swing_percent_2025,meatball_swing_percent_2025
Starling Marte,DH,FA,48.5,1.87,25.935828877005346,2.351958762886598,0.58,0.1,11.6,31.2,76.2,3.06,1.36,40.0,2.0,20.0,100.0,3.0,2.67,1.0,,,28.57,2.0,16.67,100.0,5.0,2.0,1.0,0.46,0.19,10.53,2.0,23.73,66.67,13.0,2.15,2.0,-0.22,-0.29,7.9,29.7,74.7
Eric Haase,C,FA,98.0,7.0,14.0,2.5,1.24,-1.29,23.1,34.3,62.5,2.93,0.33,50.0,2.0,25.0,75.0,3.0,3.33,1.0,,,37.5,3.0,27.27,60.0,5.0,2.8,2.0,2.2,-0.59,33.33,6.0,30.36,60.0,10.0,2.9,5.0,-0.3,-0.88,10.0,30.9,69.6
Michael Conforto,LF,FA,166.0,4.37,37.986270022883296,2.0796987951807226,1.93,1.12,16.4,23.3,78.6,2.59,-0.13,50.0,2.0,28.57,66.67,3.0,2.33,0.0,1.2,-0.38,25.0,3.0,32.56,66.67,9.0,2.22,1.0,1.66,0.37,21.21,7.0,24.78,72.22,19.0,2.47,6.0,0.82,0.86,9.7,23.3,79.4
Heriberto Hernandez,LF,FA,217.5,5.72,38.02447552447553,2.78767816091954,1.28,1.47,10.0,25.6,86.2,2.34,0.97,33.33,3.0,26.47,100.0,4.0,3.25,3.0,2.6,1.2,28.57,4.0,27.08,100.0,7.0,2.86,4.0,1.55,0.48,19.35,6.0,36.26,92.31,16.0,2.69,5.0,1.21,1.16,11.0,21.5,80.5
Thomas Saggese,2B,FA,66.0,2.06,32.03883495145631,2.372121212121212,0.04,-0.38,10.0,36.9,77.8,2.34,0.4,40.0,2.0,36.0,100.0,4.0,1.75,1.0,,,40.0,2.0,36.0,100.0,5.0,1.4,1.0,1.41,-0.52,25.0,4.0,42.31,80.0,14.0,1.64,4.0,-1.09,-1.1,5.6,34.3,71.6
Esteury Ruiz,LF,FA,123.0,4.24,29.00943396226415,1.6201626016260162,0.52,0.46,9.4,33.0,83.3,2.21,1.52,25.0,1.0,17.39,100.0,4.0,1.25,1.0,1.2,1.43,10.0,1.0,23.68,100.0,8.0,1.62,4.0,0.61,1.28,4.35,1.0,29.89,100.0,20.0,1.6,8.0,,,,,
Jesus Sanchez,RF,FA,297.5,5.04,59.02777777777778,2.9138823529411764,0.42,0.15,10.2,39.2,87.8,2.11,0.67,33.33,3.0,31.58,100.0,4.0,2.5,1.0,1.68,-0.69,33.33,7.0,38.96,70.0,11.0,2.82,3.0,0.97,0.14,15.91,7.0,36.69,85.71,24.0,2.5,8.0,0.47,0.05,11.1,30.6,79.8
Henry Davis,C,FA,167.5,3.99,41.97994987468672,2.834686567164179,0.77,0.52,10.9,31.5,82.0,1.91,0.4,33.33,1.0,11.76,50.0,2.0,3.5,1.0,0.76,-0.58,21.43,3.0,38.1,71.43,6.0,3.5,2.0,0.98,0.27,15.15,5.0,31.18,80.0,14.0,3.21,3.0,0.33,-0.26,11.5,34.6,81.6
Ryan Ward,LF,FA,20.0,5.0,4.0,,,,,,,1.75,0.89,25.0,1.0,27.78,100.0,2.0,3.0,1.0,,,25.0,1.0,27.78,100.0,2.0,3.0,1.0,,,25.0,1.0,27.78,100.0,2.0,3.0,1.0,,,,,
Marcus Semien,2B,FA,307.5,4.96,61.99596774193549,3.5970081300813006,0.55,0.69,8.5,28.2,79.7,1.59,1.23,18.75,3.0,22.22,100.0,6.0,3.5,4.0,0.65,0.38,12.12,4.0,28.57,80.0,12.0,3.42,5.0,0.56,0.21,11.39,9.0,26.95,72.0,27.0,3.63,15.0,1.03,1.81,6.8,23.5,90.6
Andrew Benintendi,LF,FA,303.0,5.51,54.990925589836664,3.255082508250825,0.79,0.51,11.1,32.2,82.8,1.59,1.0,21.43,3.0,18.0,83.33,6.0,3.5,6.0,1.16,1.19,11.54,3.0,21.43,88.89,10.0,3.7,7.0,1.21,1.2,10.91,6.0,25.16,90.91,21.0,3.33,12.0,0.76,0.47,11.1,29.0,82.5
Jared Young,1B,FA,81.0,4.26,19.014084507042256,2.3140740740740737,2.58,1.59,18.8,29.7,93.3,1.57,0.65,25.0,3.0,31.82,100.0,6.0,3.5,4.0,1.82,0.94,21.43,3.0,30.86,100.0,8.0,3.0,5.0,2.27,1.21,21.43,3.0,30.86,100.0,8.0,3.0,5.0,1.43,0.78,14.3,28.7,85.7
Brandon Valenzuela,C,FA,174.5,4.36,40.022935779816514,2.6984527220630374,0.63,0.75,8.8,29.5,82.2,1.55,1.06,20.0,2.0,25.0,100.0,4.0,3.5,1.0,0.96,1.19,9.09,2.0,21.33,88.89,9.0,3.11,3.0,1.11,1.4,8.51,4.0,25.16,95.24,21.0,2.76,8.0,,,,,
Jake Rogers,C,FA,62.5,2.98,20.973154362416107,2.57472,0.53,0.19,10.8,29.5,75.0,1.5,0.56,25.0,1.0,33.33,100.0,2.0,3.0,1.0,0.1,-0.95,16.67,1.0,32.26,50.0,4.0,2.5,1.0,-0.09,-0.28,8.33,1.0,30.36,66.67,8.0,2.62,1.0,0.51,0.51,9.2,22.2,74.0
Tyler Freeman,RF,FA,245.0,5.98,40.969899665551836,3.343918367346939,0.05,1.37,1.6,28.5,88.9,1.44,1.48,13.33,2.0,11.9,87.5,5.0,3.2,6.0,0.48,0.95,5.41,2.0,22.62,84.62,11.0,3.64,7.0,0.04,0.68,2.94,2.0,26.97,82.35,21.0,3.62,11.0,-0.97,-0.15,2.1,25.8,71.2
Logan OHoppe,C,FA,154.5,3.86,40.0259067357513,3.0979935275080903,0.97,0.6,12.0,32.8,84.8,1.37,0.19,27.27,3.0,39.39,100.0,4.0,3.75,2.0,1.39,0.62,19.05,4.0,35.56,100.0,7.0,3.71,4.0,1.04,0.53,13.89,5.0,34.04,90.0,14.0,3.29,6.0,0.68,-0.13,13.3,31.7,79.3
Zack Short,3B,FA,36.5,2.03,17.980295566502466,,,,,,,1.22,1.11,14.29,1.0,24.14,100.0,5.0,1.4,2.0,1.54,1.27,15.38,2.0,26.0,100.0,7.0,2.0,2.0,1.19,1.36,9.52,2.0,28.72,100.0,16.0,1.62,3.0,-0.26,0.71,3.0,25.0,80.0
Kyle Higashioka,C,FA,132.5,4.27,31.030444964871197,3.0937358490566034,0.45,0.15,10.4,29.9,75.0,1.18,1.33,11.11,1.0,20.59,100.0,3.0,3.33,4.0,1.12,0.8,14.29,2.0,21.21,77.78,7.0,2.86,6.0,0.29,0.16,9.09,3.0,33.62,81.25,15.0,3.07,8.0,-0.19,-0.4,8.6,27.5,70.5
Connor Wong,C,FA,118.0,4.72,25.0,2.64,-0.37,0.27,3.9,36.6,85.7,1.18,1.06,14.29,1.0,25.0,100.0,3.0,3.67,3.0,1.35,1.13,14.29,1.0,28.12,100.0,5.0,2.8,3.0,-0.21,-0.28,7.14,1.0,37.5,77.78,10.0,2.5,5.0,-1.81,-1.62,3.1,32.4,63.1
Victor Bericoto,1B,FA,13.0,1.62,8.024691358024691,,,,,,,1.18,0.56,20.0,1.0,33.33,100.0,4.0,1.75,1.0,0.73,0.45,12.5,1.0,37.93,100.0,8.0,1.5,1.0,,,12.5,1.0,37.93,100.0,8.0,1.5,1.0,,,,,
Austin Wells,C,FA,138.5,3.01,46.013289036544855,3.086064981949458,0.34,0.67,7.1,28.6,80.0,1.15,1.01,14.29,1.0,25.81,100.0,4.0,2.75,2.0,0.84,0.84,10.53,2.0,32.26,100.0,8.0,3.38,4.0,0.59,0.62,8.82,3.0,33.58,91.3,18.0,3.22,5.0,0.62,0.46,10.2,29.2,82.7
Nathaniel Lowe,1B,FA,274.5,6.1,45.0,2.933333333333333,0.88,0.04,14.1,25.9,68.1,1.09,1.45,8.33,1.0,18.52,100.0,5.0,3.0,1.0,1.41,1.28,13.64,3.0,20.59,90.0,9.0,3.11,4.0,0.63,0.31,11.36,5.0,26.58,73.68,20.0,3.15,7.0,0.02,0.26,7.0,24.0,73.5
J.T. Realmuto,C,FA,159.0,3.88,40.97938144329897,3.1723270440251574,-0.01,0.64,4.7,31.9,84.1,0.97,-0.87,33.33,2.0,40.91,66.67,5.0,2.8,1.0,0.92,0.33,15.79,3.0,30.19,81.82,10.0,3.0,2.0,0.38,0.49,7.55,4.0,29.23,81.82,21.0,3.33,5.0,-0.5,-0.91,8.8,32.3,71.1
Edouard Julien,1B,FA,199.5,3.84,51.953125,2.829473684210526,1.05,1.76,6.9,20.4,82.9,0.79,1.76,0.0,0.0,13.33,100.0,6.0,2.33,4.0,0.69,1.89,0.0,0.0,16.92,100.0,9.0,2.44,4.0,0.44,1.33,2.33,1.0,18.44,83.33,22.0,2.68,4.0,1.4,1.18,12.2,20.0,78.7
Hao-Yu Lee,3B,FA,92.5,2.89,32.00692041522491,2.5931891891891894,1.13,0.86,11.9,27.6,81.0,0.79,-0.4,25.0,2.0,25.0,50.0,4.0,2.75,2.0,0.75,0.64,11.11,2.0,26.47,83.33,9.0,2.56,2.0,0.12,-0.09,9.09,3.0,29.85,70.0,18.0,2.33,3.0,,,,,
Troy Johnston,1B,FA,351.0,6.05,58.01652892561984,3.3955840455840454,-0.9,-0.25,2.6,35.4,77.4,0.78,1.0,8.7,2.0,20.0,87.5,6.0,4.67,3.0,0.05,0.37,5.0,2.0,29.57,81.82,12.0,4.08,6.0,0.06,0.72,2.82,2.0,31.71,90.48,26.0,3.46,14.0,-0.22,-0.62,9.4,36.0,79.3
Mark Vientos,3B,FA,262.5,4.95,53.03030303030303,3.5262857142857142,0.06,-0.41,10.3,36.4,76.7,0.76,0.4,15.38,2.0,36.0,100.0,5.0,3.4,3.0,-0.25,-0.31,7.14,2.0,41.67,85.71,11.0,3.36,3.0,0.14,-0.2,10.13,8.0,41.1,85.0,26.0,3.81,9.0,0.64,0.21,11.5,32.9,84.7
Adam Frazier,2B,FA,107.0,2.68,39.92537313432835,1.978691588785047,-1.03,-0.27,1.8,36.3,78.3,0.75,1.71,0.0,0.0,14.29,100.0,3.0,1.67,2.0,,,0.0,0.0,22.22,25.0,5.0,1.8,2.0,-2.72,-2.82,0.0,0.0,36.0,20.0,12.0,1.83,2.0,-0.97,-0.13,2.0,29.5,76.3
Kody Clemens,1B,FA,279.0,5.58,50.0,3.4,0.46,-0.47,13.5,30.8,68.3,0.73,0.46,14.29,2.0,28.12,85.71,5.0,4.0,3.0,0.63,0.26,12.82,5.0,30.86,81.25,12.0,4.08,5.0,0.4,0.02,11.11,8.0,33.33,77.78,25.0,3.6,10.0,0.47,-0.16,12.0,27.8,73.7
Wade Meckler,CF,FA,109.5,9.12,12.006578947368421,2.9983561643835617,1.57,1.3,12.9,26.0,84.6,0.72,0.59,12.5,2.0,25.93,85.71,6.0,3.0,4.0,0.95,0.72,12.9,4.0,26.0,84.62,12.0,3.0,5.0,1.17,0.85,12.9,4.0,26.0,84.62,12.0,3.0,5.0,,,,,
Nolan Gorman,3B,FA,257.0,4.43,58.013544018058695,3.292334630350194,0.48,0.39,9.5,31.7,80.6,0.58,0.05,16.67,1.0,41.86,100.0,6.0,2.67,1.0,0.21,0.45,6.25,1.0,37.97,100.0,11.0,3.0,1.0,0.35,0.17,9.52,4.0,32.12,79.31,24.0,3.12,5.0,0.31,0.22,9.2,27.7,77.9
David Fry,DH,FA,123.5,3.25,38.0,2.1315789473684212,-0.66,-0.52,5.7,25.9,60.9,0.57,1.47,0.0,0.0,18.18,100.0,3.0,2.67,1.0,-0.59,0.07,0.0,0.0,26.09,66.67,7.0,2.43,1.0,-1.15,-0.6,0.0,0.0,30.53,60.0,17.0,2.47,3.0,-0.45,-0.89,9.1,34.2,73.8
Dominic Canzone,RF,FA,271.0,5.02,53.984063745019924,2.4266420664206643,0.44,-0.97,15.8,30.8,61.8,0.5,-0.47,21.43,3.0,34.29,66.67,6.0,2.83,4.0,0.69,-0.71,21.74,5.0,33.93,60.0,10.0,2.9,6.0,0.95,0.12,15.91,7.0,27.82,71.43,23.0,2.43,9.0,0.21,-1.09,14.5,36.8,75.0
Isaac Collins,LF,FA,228.5,4.31,53.01624129930395,3.112253829321663,0.9,1.31,8.0,18.9,75.0,0.49,1.36,0.0,0.0,20.0,100.0,4.0,3.5,3.0,0.41,1.49,0.0,0.0,18.42,91.67,10.0,3.0,5.0,0.51,0.62,8.0,4.0,20.71,71.43,22.0,3.23,7.0,0.69,1.71,4.9,18.4,82.7
Nick Allen,SS,FA,91.0,2.76,32.971014492753625,1.668131868131868,-0.4,0.58,2.2,21.0,68.4,0.48,0.56,9.09,1.0,33.33,100.0,4.0,2.75,2.0,-0.26,-0.13,5.56,1.0,33.33,75.0,11.0,1.91,5.0,-0.34,0.05,3.57,1.0,25.71,66.67,18.0,1.78,7.0,-0.98,0.29,0.0,25.8,76.2
Will Benson,RF,FA,116.0,2.52,46.03174603174603,1.933448275862069,2.22,2.21,13.2,21.4,90.0,0.47,0.1,14.29,1.0,40.91,100.0,5.0,2.2,1.0,0.89,0.68,12.5,1.0,34.62,100.0,7.0,1.86,1.0,1.51,1.33,13.04,3.0,20.0,85.71,19.0,1.95,4.0,1.93,1.28,15.4,27.5,89.9
Leo Jimenez,SS,FA,49.5,2.25,22.0,2.5454545454545454,0.11,0.39,6.8,26.4,73.3,0.46,1.32,0.0,0.0,20.69,100.0,4.0,3.0,1.0,0.51,1.64,0.0,0.0,20.69,100.0,4.0,3.0,1.0,0.52,0.44,9.38,3.0,27.88,78.57,13.0,3.08,3.0,,,,,
Mauricio Dubon,LF,FA,339.5,5.75,59.04347826086956,3.6075110456553756,-0.13,0.38,5.1,36.0,86.4,0.46,0.36,11.11,1.0,26.92,80.0,4.0,2.75,1.0,-0.04,0.46,3.23,1.0,33.75,92.31,10.0,3.6,2.0,-0.04,0.39,4.17,3.0,39.66,95.65,23.0,3.74,6.0,-1.47,-0.7,1.2,35.2,77.3
Bryan Torres,2B,FA,42.5,5.31,8.003766478342751,,,,,,,0.46,-0.11,16.67,1.0,44.44,100.0,3.0,3.0,1.0,-0.47,-0.31,4.55,1.0,29.41,62.5,8.0,3.5,2.0,-0.56,-0.41,4.55,1.0,29.41,62.5,8.0,3.5,2.0,,,,,
Donovan Walton,2B,FA,49.0,4.45,11.01123595505618,3.4510204081632656,0.53,0.42,9.7,35.9,86.7,0.41,0.24,11.76,2.0,30.56,83.33,5.0,3.8,4.0,0.26,0.11,9.68,3.0,35.9,86.67,11.0,3.45,8.0,0.41,0.24,9.68,3.0,35.9,86.67,11.0,3.45,8.0,,,,,
Victor Scott,CF,FA,178.0,3.07,57.98045602605863,2.5698314606741572,0.34,1.94,0.9,22.9,88.6,0.39,1.23,0.0,0.0,22.22,100.0,6.0,2.5,0.0,0.41,1.5,0.0,0.0,22.73,100.0,11.0,2.73,3.0,0.56,1.83,0.0,0.0,22.22,100.0,25.0,2.48,7.0,-0.07,0.84,3.7,24.5,80.8
Zach McKinstry,3B,FA,101.0,2.52,40.079365079365076,2.8443564356435647,-0.75,0.08,2.1,27.7,71.1,0.38,0.44,9.09,1.0,19.23,66.67,5.0,2.2,0.0,-0.46,-0.23,4.0,1.0,21.74,50.0,11.0,2.36,0.0,-0.84,-0.39,1.67,1.0,27.59,60.0,25.0,2.68,0.0,0.13,0.63,6.1,26.5,81.0
Tyler Stephenson,C,FA,182.0,3.71,49.056603773584904,3.057692307692308,1.9,2.02,11.8,21.8,88.1,0.37,0.48,8.33,1.0,25.0,80.0,5.0,3.2,0.0,0.71,0.79,9.52,2.0,24.36,83.33,9.0,3.33,3.0,1.0,1.21,8.7,4.0,25.0,90.91,20.0,3.15,6.0,1.45,0.77,14.5,25.2,80.9
Lane Thomas,CF,FA,180.0,3.75,48.0,2.3125,0.01,0.92,3.5,21.5,73.5,0.34,0.59,6.67,1.0,16.67,66.67,6.0,3.0,2.0,-0.26,-0.07,5.0,1.0,19.35,50.0,9.0,2.78,2.0,0.24,0.56,5.71,2.0,18.55,66.67,20.0,2.35,3.0,0.41,1.31,4.8,22.3,83.3
Patrick Bailey,C,FA,102.0,2.43,41.9753086419753,2.787352941176471,-0.08,0.04,7.1,30.1,73.9,0.31,-0.31,16.67,1.0,38.1,80.0,3.0,3.33,2.0,0.18,-0.04,10.0,1.0,36.36,83.33,6.0,2.83,2.0,0.93,0.71,11.54,3.0,32.61,91.67,14.0,2.71,3.0,0.26,0.92,5.6,29.1,87.8
Luis Rengifo,3B,FA,217.0,4.34,50.0,3.24,0.02,0.65,4.9,30.8,82.7,0.3,1.11,0.0,0.0,24.24,100.0,5.0,3.4,3.0,-0.3,0.47,0.0,0.0,30.16,85.71,10.0,3.1,3.0,-0.61,-0.09,1.82,1.0,35.42,78.57,20.0,3.3,6.0,-0.64,-0.28,5.0,30.6,76.0
Danny Jansen,C,FA,142.5,3.48,40.94827586206897,3.0037894736842103,-0.53,-0.4,6.0,23.8,59.6,0.3,1.11,0.0,0.0,24.14,100.0,4.0,2.25,2.0,0.74,0.36,13.33,2.0,32.73,87.5,9.0,2.78,3.0,0.35,0.72,5.71,2.0,24.0,78.57,17.0,2.76,5.0,1.26,1.72,8.8,20.0,84.9
Nathan Lukes,RF,FA,135.5,4.67,29.014989293361886,2.8261254612546125,-1.45,-0.81,1.4,36.7,71.9,0.29,1.1,0.0,0.0,24.39,100.0,5.0,3.8,6.0,0.27,0.83,3.85,1.0,25.0,85.71,8.0,3.75,6.0,0.34,0.97,3.85,1.0,25.0,85.71,8.0,3.75,6.0,-0.95,-0.7,4.8,31.5,72.4
Kyle Karros,3B,FA,253.0,4.29,58.97435897435897,2.9504347826086956,0.16,0.57,6.3,24.4,72.9,0.28,-0.06,13.33,2.0,31.58,75.0,6.0,3.17,6.0,0.15,-0.32,12.0,3.0,25.35,54.55,12.0,2.83,7.0,-0.33,-0.18,5.26,3.0,25.84,61.9,25.0,3.08,10.0,-0.54,0.74,1.0,23.9,78.8
Jose Tena,3B,FA,151.0,3.15,47.93650793650794,2.419867549668874,0.44,0.39,9.2,31.3,80.0,0.27,1.06,0.0,0.0,25.0,100.0,6.0,2.0,1.0,-0.49,0.2,0.0,0.0,34.15,85.71,10.0,2.2,1.0,1.01,0.5,13.89,5.0,30.17,83.33,21.0,2.71,8.0,-0.33,0.11,5.3,27.9,76.9
Sterlin Thompson,LF,FA,44.5,2.97,14.983164983164983,2.5361797752808988,0.49,2.35,0.0,27.4,100.0,0.27,1.06,0.0,0.0,25.0,100.0,6.0,2.33,2.0,0.18,1.16,0.0,0.0,27.66,100.0,12.0,2.5,3.0,0.3,1.46,0.0,0.0,27.36,100.0,15.0,2.53,3.0,,,,,
Tristan Gray,2B,FA,209.5,5.82,35.99656357388316,2.8613842482100242,0.14,0.09,8.5,38.3,85.7,0.27,0.5,6.67,1.0,34.38,100.0,6.0,3.0,4.0,0.42,0.96,4.55,1.0,30.61,100.0,10.0,2.8,4.0,-0.34,-0.26,5.71,2.0,33.96,72.73,18.0,2.67,5.0,1.13,0.59,13.1,27.6,82.1
Jose Caballero,SS,FA,303.5,5.84,51.96917808219178,3.213443163097199,-0.71,-0.05,3.0,34.5,78.7,0.24,1.02,0.0,0.0,25.64,100.0,6.0,3.17,4.0,-1.11,-0.67,0.0,0.0,36.92,66.67,11.0,3.18,4.0,-0.74,-0.4,2.7,1.0,36.0,72.73,17.0,2.76,5.0,-0.6,-0.43,5.9,28.4,71.4
Isiah Kiner-Falefa,SS,FA,164.0,4.56,35.96491228070176,2.2521951219512193,-0.97,-0.73,4.5,35.6,71.4,0.23,0.5,5.88,1.0,34.29,100.0,6.0,4.17,4.0,0.85,1.29,6.9,2.0,25.71,100.0,12.0,3.17,7.0,0.81,1.37,5.71,2.0,28.57,100.0,19.0,2.42,8.0,-1.63,-0.98,1.4,32.2,70.1
Jose Siri,CF,FA,70.5,4.41,15.986394557823129,,,,,,,0.23,-1.14,25.0,3.0,61.54,100.0,5.0,3.2,6.0,1.44,-0.46,28.57,4.0,51.35,100.0,10.0,1.9,7.0,0.5,-1.42,22.22,4.0,51.85,75.0,16.0,1.69,9.0,1.28,-0.69,20.0,34.8,76.9
Jorbit Vivas,2B,FA,137.5,2.93,46.92832764505119,2.386618181818182,0.37,1.53,3.1,26.6,88.4,0.22,0.14,10.0,1.0,24.14,66.67,5.0,2.4,1.0,0.16,0.39,6.25,1.0,21.43,66.67,8.0,2.5,2.0,0.64,1.08,6.06,2.0,19.05,78.95,18.0,2.17,4.0,1.45,2.89,4.7,18.0,95.7
Nelson Velazquez,RF,FA,44.0,8.8,5.0,,,,,,,0.16,0.06,10.0,1.0,32.0,80.0,5.0,2.6,3.0,0.3,0.14,10.0,1.0,32.0,80.0,5.0,2.6,3.0,,,10.0,1.0,32.0,80.0,5.0,2.6,3.0,,,,,
Joc Pederson,DH,FA,306.5,5.28,58.04924242424242,2.670146818923328,0.15,-0.05,9.2,26.2,67.4,0.16,0.02,10.53,2.0,26.23,66.67,6.0,4.0,4.0,0.11,-0.51,13.16,5.0,29.52,57.14,13.0,3.38,8.0,0.66,0.04,13.56,8.0,25.87,66.67,26.0,2.88,13.0,0.21,-0.0,9.5,26.8,74.2
Richie Palacios,LF,FA,227.5,5.17,44.00386847195358,2.658857142857143,-1.0,-0.56,3.4,28.9,64.5,0.12,0.86,0.0,0.0,28.3,100.0,5.0,3.4,4.0,-0.39,0.35,0.0,0.0,30.77,83.33,10.0,3.5,5.0,-0.87,-0.49,2.0,1.0,32.02,64.71,20.0,3.25,10.0,0.81,1.67,5.9,20.2,84.6
Carson Kelly,C,FA,228.5,5.08,44.98031496062992,3.22363238512035,0.32,0.7,6.8,28.3,80.0,0.11,0.85,0.0,0.0,28.57,100.0,3.0,3.67,0.0,-0.09,0.78,0.0,0.0,29.17,92.31,9.0,3.0,2.0,-0.25,0.37,2.13,1.0,31.93,83.33,19.0,3.11,5.0,0.78,0.83,9.6,22.0,77.4
Freddy Fermin,C,FA,72.5,1.61,45.03105590062111,2.2206896551724142,-0.62,0.7,0.0,33.5,87.1,0.11,0.85,0.0,0.0,28.57,100.0,5.0,2.0,0.0,-0.17,0.66,0.0,0.0,27.45,85.71,8.0,2.0,0.0,-0.33,0.57,0.0,0.0,35.85,93.75,19.0,2.47,1.0,-0.37,0.29,4.2,31.3,83.5
Willi Castro,2B,FA,270.5,5.2,52.01923076923077,3.383364140480592,-0.62,-0.49,5.8,38.3,78.3,0.08,0.33,5.56,1.0,37.08,100.0,6.0,4.0,3.0,0.08,0.21,6.67,2.0,37.4,92.31,10.0,3.9,4.0,-0.41,-0.25,4.92,3.0,38.1,79.31,24.0,3.42,12.0,-0.13,0.15,6.5,31.8,82.6
Jahmai Jones,RF,FA,64.5,1.5,43.0,1.7674418604651163,0.45,0.24,10.0,29.0,75.0,0.07,0.8,0.0,0.0,10.0,60.0,5.0,1.8,0.0,-0.17,0.67,0.0,0.0,20.51,72.73,11.0,1.73,0.0,-0.83,-0.14,0.0,0.0,30.0,69.23,20.0,1.75,0.0,1.92,1.7,13.4,21.5,86.7
Ty France,1B,FA,214.5,5.23,41.013384321223704,2.6820512820512823,0.45,-0.44,13.3,36.0,75.7,0.04,0.14,7.14,1.0,28.12,75.0,6.0,2.83,4.0,-0.41,-0.88,10.0,2.0,38.36,63.64,11.0,3.0,5.0,0.01,-0.53,11.11,4.0,38.46,73.68,22.0,2.68,6.0,-0.11,-0.09,7.7,31.3,79.2
Victor Mesa Jr.,CF,FA,33.5,4.19,7.995226730310262,,,,,,,0.02,0.73,0.0,0.0,30.56,100.0,5.0,3.0,1.0,0.63,0.47,11.11,2.0,37.7,100.0,8.0,3.12,3.0,0.9,0.73,11.11,2.0,37.7,100.0,8.0,3.12,3.0,-0.57,-0.64,7.1,32.9,75.0
Ryan Vilade,RF,FA,193.5,5.53,34.99095840867992,2.372041343669251,-0.21,0.41,4.4,27.4,75.0,0.02,-0.23,11.11,1.0,34.38,75.0,4.0,3.5,1.0,-0.08,0.04,6.25,1.0,29.69,72.73,8.0,2.62,1.0,0.22,0.51,5.88,2.0,26.05,77.27,15.0,2.73,4.0,,,,,
Drew Gilbert,RF,FA,166.5,3.78,44.04761904761905,2.6789189189189186,-0.94,-0.45,3.3,29.5,66.7,-0.01,-0.18,10.0,1.0,29.41,66.67,7.0,2.57,3.0,-0.53,-0.33,4.0,1.0,25.58,54.55,13.0,2.62,5.0,-0.84,-0.44,2.0,1.0,32.52,66.67,25.0,2.76,7.0,-0.73,-0.4,4.9,21.5,62.5
Michael Massey,2B,FA,215.0,4.67,46.03854389721627,2.6933953488372095,-0.36,-0.95,9.9,38.4,72.5,-0.01,-1.3,23.08,3.0,40.0,50.0,5.0,3.6,4.0,-0.42,-1.02,11.11,3.0,39.34,61.54,11.0,2.91,5.0,-0.18,-0.59,9.62,5.0,36.79,70.0,22.0,2.68,8.0,-1.53,-1.39,4.0,37.6,72.6
Andres Gimenez,2B,FA,305.0,5.17,58.994197292069636,3.339311475409836,-0.86,-0.42,3.7,42.0,84.2,-0.02,0.67,0.0,0.0,31.43,100.0,5.0,2.6,0.0,-0.01,0.48,3.45,1.0,37.5,100.0,12.0,3.17,1.0,-0.37,-0.21,5.08,3.0,40.11,83.33,26.0,2.96,4.0,-1.33,-0.89,3.0,34.9,74.8
Blake Dunn,LF,FA,112.5,5.11,22.015655577299412,3.452088888888889,-0.64,-0.46,5.5,32.6,70.8,-0.02,0.2,5.56,1.0,30.56,81.82,6.0,4.17,1.0,-0.65,-0.37,2.86,1.0,38.27,77.78,11.0,4.36,3.0,-0.38,-0.25,5.26,3.0,32.64,70.83,20.0,3.8,10.0,-0.1,-0.26,8.6,24.7,68.4
Josh Bell,DH,FA,337.0,5.62,59.9644128113879,3.652166172106825,0.77,0.76,9.8,31.1,84.5,-0.02,0.11,6.67,1.0,33.93,85.71,6.0,3.67,4.0,-0.05,0.12,5.88,2.0,31.53,78.57,13.0,3.54,6.0,0.46,0.37,9.23,6.0,34.67,87.5,26.0,3.65,8.0,0.78,0.28,12.1,26.7,77.3
Austin Hedges,C,FA,115.0,3.83,30.026109660574413,2.5977391304347828,-0.18,1.35,0.0,24.2,82.8,-0.03,0.67,0.0,0.0,15.38,66.67,3.0,3.0,0.0,0.5,1.63,0.0,0.0,10.34,80.0,6.0,3.0,1.0,0.18,1.29,0.0,0.0,13.64,75.0,15.0,2.53,2.0,-0.14,0.81,3.4,29.8,87.5
Luisangel Acuna,2B,FA,138.0,3.07,44.95114006514658,2.3803623188405796,-0.52,0.4,2.2,34.1,84.0,-0.11,0.56,0.0,0.0,33.33,100.0,5.0,1.8,3.0,-0.27,0.52,0.0,0.0,37.04,100.0,8.0,2.12,3.0,0.0,1.04,0.0,0.0,33.33,100.0,17.0,1.65,5.0,-2.03,-1.58,1.4,31.0,61.7
Jake Meyers,CF,FA,103.0,3.96,26.01010101010101,3.0757281553398057,0.2,0.29,7.9,33.5,81.8,-0.12,0.55,0.0,0.0,21.43,75.0,5.0,3.8,2.0,-0.38,-0.06,3.45,1.0,35.85,81.82,12.0,3.0,4.0,-0.62,-0.27,3.03,1.0,35.62,75.0,14.0,3.07,4.0,0.62,1.59,5.0,23.7,88.3
David Hamilton,2B,FA,270.5,5.41,50.0,2.78,-1.45,-1.07,2.6,30.7,60.4,-0.14,-0.03,6.25,1.0,29.27,71.43,7.0,3.14,6.0,-0.27,0.06,3.85,1.0,30.51,75.0,11.0,3.09,6.0,-0.39,0.17,2.17,1.0,28.57,73.68,21.0,2.76,11.0,-0.76,-0.69,6.0,26.0,65.2
Kyle Isbel,CF,FA,205.5,3.95,52.0253164556962,2.902433090024331,-1.23,-0.9,3.4,34.9,68.3,-0.17,0.47,0.0,0.0,34.78,100.0,6.0,2.5,0.0,-0.87,-0.34,0.0,0.0,34.48,71.43,11.0,2.55,1.0,-1.34,-0.87,0.0,0.0,35.0,61.11,23.0,2.87,3.0,-1.26,-0.47,1.6,28.6,71.2
Luke Raley,RF,FA,326.5,5.73,56.980802792321114,2.8255130168453295,1.99,0.64,19.2,33.3,86.0,-0.17,-0.68,13.33,2.0,34.48,60.0,6.0,3.5,2.0,-0.27,-0.76,10.71,3.0,38.16,66.67,12.0,3.17,3.0,1.27,0.16,18.75,9.0,34.23,82.35,24.0,2.88,10.0,0.68,0.46,10.6,27.2,80.0
Garrett Mitchell,CF,FA,291.0,5.6,51.964285714285715,2.9443298969072162,1.43,1.18,12.5,19.4,74.0,-0.21,0.42,0.0,0.0,19.44,66.67,6.0,2.33,2.0,0.74,1.1,7.14,1.0,21.92,87.5,10.0,2.7,4.0,1.15,0.94,12.12,4.0,22.63,81.25,20.0,2.9,7.0,0.51,1.06,6.7,23.8,82.4
Trevor Larnach,DH,FA,277.5,5.44,51.0110294117647,3.018954954954955,-0.83,-0.84,6.0,29.8,62.1,-0.22,-0.3,8.33,1.0,28.3,60.0,6.0,3.17,4.0,-0.86,-0.76,3.7,1.0,34.69,60.0,13.0,3.15,9.0,-0.53,-0.24,3.7,2.0,30.91,68.42,23.0,3.22,13.0,-0.53,-0.6,7.2,27.5,68.2
Nick Madrigal,3B,FA,19.0,3.17,5.993690851735016,,,,,,,-0.23,0.39,0.0,0.0,29.17,85.71,6.0,2.5,1.0,-0.26,0.54,0.0,0.0,29.17,85.71,6.0,2.5,1.0,,,0.0,0.0,29.17,85.71,6.0,2.5,1.0,,,,,
Brett Baty,3B,FA,256.0,4.41,58.04988662131519,3.1869140625,0.24,0.35,7.9,27.0,73.7,-0.24,0.38,0.0,0.0,31.43,90.0,5.0,4.0,1.0,-0.49,0.21,0.0,0.0,28.38,75.0,11.0,3.18,3.0,0.31,0.22,8.77,5.0,23.86,67.57,26.0,3.31,10.0,1.14,0.64,12.9,24.8,78.9
Austin Martin,LF,FA,297.5,5.31,56.02636534839925,3.0521344537815125,0.7,2.08,2.8,18.1,83.9,-0.25,0.36,0.0,0.0,22.73,71.43,6.0,3.83,4.0,0.53,1.06,5.0,2.0,22.89,88.24,12.0,4.0,7.0,0.24,1.02,2.53,2.0,25.0,86.67,25.0,3.76,11.0,0.32,1.03,5.5,18.8,75.4
Oswald Peraza,3B,FA,292.5,5.13,57.01754385964912,3.034153846153846,0.09,-0.17,9.4,37.5,81.3,-0.25,-0.81,13.64,3.0,46.34,80.0,6.0,4.5,3.0,-0.36,-1.02,11.76,4.0,41.94,66.67,12.0,3.92,5.0,-0.26,-0.76,10.0,6.0,38.79,69.23,23.0,3.48,9.0,-0.27,-0.11,6.7,30.3,77.6
Rikuu Nishida,RF,FA,23.5,2.61,9.003831417624522,,,,,,,-0.26,0.35,0.0,0.0,36.84,100.0,5.0,3.0,2.0,-0.51,0.18,0.0,0.0,31.43,80.0,9.0,2.67,3.0,-0.55,0.25,0.0,0.0,31.43,80.0,9.0,2.67,3.0,,,,,
Alika Williams,3B,FA,6.0,0.55,10.909090909090908,,,,,,,-0.26,0.35,0.0,0.0,36.84,100.0,4.0,2.0,1.0,-0.32,0.45,0.0,0.0,37.93,100.0,6.0,2.17,1.0,,,0.0,0.0,35.48,100.0,11.0,1.27,1.0,,,,,
Taylor Trammell,CF,FA,80.0,4.44,18.018018018018015,3.1080000000000005,-0.62,0.11,2.9,28.2,72.2,-0.27,0.34,0.0,0.0,27.27,80.0,5.0,3.4,1.0,-0.74,-0.15,0.0,0.0,31.75,71.43,8.0,3.38,3.0,-0.84,-0.16,0.0,0.0,31.75,71.43,8.0,3.38,3.0,0.28,0.48,7.8,21.9,73.2
Luis Torrens,C,FA,135.0,3.55,38.02816901408451,2.6296296296296293,-1.1,-0.27,1.3,35.7,77.5,-0.28,0.33,0.0,0.0,25.0,75.0,5.0,2.6,3.0,-0.03,0.29,4.76,1.0,29.85,80.0,11.0,2.55,3.0,-0.67,-0.2,2.0,1.0,34.01,74.07,23.0,2.78,8.0,0.66,0.41,10.7,25.9,77.7
Alex Call,RF,FA,143.0,4.61,31.019522776572664,2.1276923076923078,-0.05,1.2,1.7,17.3,71.4,-0.28,-0.29,7.14,1.0,15.15,33.33,6.0,2.5,1.0,-0.32,-0.21,5.56,1.0,16.22,40.0,8.0,2.5,1.0,-0.52,-0.18,3.33,1.0,18.07,50.0,16.0,2.12,5.0,-0.48,0.05,4.5,17.8,62.8
Blaze Alexander,3B,FA,207.5,3.99,52.00501253132832,2.4997590361445785,0.5,1.51,4.2,29.7,92.3,-0.29,0.31,0.0,0.0,31.43,87.5,4.0,2.25,1.0,0.33,0.53,7.14,2.0,32.84,92.31,11.0,2.91,4.0,0.61,0.83,7.5,3.0,28.57,88.24,22.0,2.23,7.0,0.59,-0.15,12.8,25.2,70.3
Jose Fermin,2B,FA,107.5,3.26,32.97546012269939,2.213767441860465,-1.23,-0.55,1.7,21.5,54.5,-0.32,0.28,0.0,0.0,25.93,75.0,5.0,2.4,1.0,0.1,0.3,6.25,1.0,29.73,80.0,8.0,2.25,2.0,-0.19,0.34,2.94,1.0,23.23,69.23,19.0,2.11,3.0,-1.49,-0.47,0.0,20.9,60.9
Adrian Del Castillo,C,FA,157.5,4.04,38.98514851485149,3.078095238095238,-0.1,0.18,6.3,30.0,75.6,-0.32,0.27,0.0,0.0,38.1,100.0,3.0,2.0,1.0,-0.54,0.13,0.0,0.0,29.55,75.0,7.0,2.71,2.0,-0.09,0.49,2.94,1.0,28.15,80.0,20.0,2.65,2.0,-1.04,-1.26,6.7,30.3,64.4
Mickey Gasper,C,FA,88.5,4.66,18.991416309012877,3.054011299435028,0.35,0.76,6.7,28.5,81.0,-0.34,0.24,0.0,0.0,31.71,85.71,4.0,3.75,3.0,0.06,0.36,5.26,1.0,28.77,80.0,9.0,2.89,7.0,0.3,0.51,6.67,3.0,28.47,80.95,19.0,3.05,10.0,-0.67,0.46,1.3,20.4,71.0
Gabriel Moreno,C,FA,236.5,6.22,38.02250803858521,3.340126849894292,-0.67,-1.61,10.9,34.0,57.9,-0.34,-0.29,6.25,1.0,25.93,55.56,6.0,3.33,3.0,-0.26,-0.76,10.71,3.0,31.76,54.55,10.0,3.3,5.0,-0.21,-0.71,10.17,6.0,30.57,57.69,22.0,3.36,11.0,-0.39,-0.38,7.1,25.9,68.7
Drew Romo,C,FA,120.5,5.48,21.98905109489051,3.046970954356847,0.58,0.34,10.4,30.1,77.8,-0.35,-0.62,10.0,1.0,36.84,66.67,4.0,3.0,1.0,-0.29,-0.37,7.14,1.0,32.5,66.67,7.0,3.14,2.0,-0.36,-0.25,5.41,2.0,31.53,69.23,16.0,3.31,4.0,,,,,
Matt Vierling,CF,FA,255.0,4.81,53.014553014553016,3.0180392156862745,0.06,0.46,6.1,29.4,78.4,-0.36,-0.35,6.67,1.0,36.36,75.0,6.0,2.83,3.0,-0.56,-0.7,6.67,2.0,38.98,70.0,11.0,3.18,4.0,0.22,0.09,8.82,6.0,32.74,78.38,24.0,3.46,7.0,1.43,1.25,12.1,25.2,86.4
Jhonny Pereda,C,FA,68.5,5.27,12.99810246679317,3.0773722627737223,0.28,0.79,6.1,21.2,71.4,-0.37,-0.58,9.09,1.0,28.0,50.0,4.0,3.25,2.0,-0.02,0.3,4.76,1.0,19.15,60.0,7.0,3.29,3.0,0.37,0.64,6.45,2.0,18.99,69.23,12.0,3.08,6.0,-0.31,0.4,4.1,20.2,70.0
Tristan Peters,LF,FA,256.0,4.34,58.986175115207374,2.576875,0.29,1.2,4.1,34.7,95.2,-0.41,0.16,0.0,0.0,40.0,100.0,6.0,2.83,0.0,-0.23,0.57,0.0,0.0,36.21,100.0,13.0,2.77,5.0,0.43,0.97,4.69,3.0,34.23,100.0,26.0,2.85,10.0,,,,,
Charles McAdoo,3B,FA,17.5,5.83,3.0017152658662094,,,,,,,-0.41,-1.08,14.29,1.0,36.36,50.0,2.0,4.0,1.0,,,14.29,1.0,36.36,50.0,2.0,4.0,1.0,,,14.29,1.0,36.36,50.0,2.0,4.0,1.0,,,,,
Orlando Arcia,SS,FA,27.0,2.7,10.0,3.0,-0.72,-0.3,4.2,36.2,77.8,-0.47,-0.88,11.11,1.0,41.18,66.67,3.0,3.67,1.0,-0.52,-0.36,4.35,1.0,38.18,77.78,9.0,3.11,3.0,-0.44,-0.19,4.17,1.0,36.21,77.78,10.0,3.0,3.0,-1.27,-0.71,2.6,33.1,74.4
Nick Fortes,C,FA,165.5,3.45,47.97101449275362,2.897583081570997,-1.61,-0.93,0.8,38.8,73.2,-0.53,-0.01,0.0,0.0,42.86,100.0,5.0,2.6,1.0,-0.59,0.06,0.0,0.0,43.75,100.0,9.0,2.67,1.0,-0.57,0.22,0.0,0.0,40.52,93.33,19.0,2.74,6.0,-1.12,-0.92,4.6,30.8,69.0
Taylor Walls,SS,FA,213.5,4.85,44.02061855670103,2.9531615925058547,-0.54,0.39,2.1,24.5,70.7,-0.54,-0.02,0.0,0.0,18.75,50.0,4.0,1.5,0.0,-0.48,0.21,0.0,0.0,20.45,60.0,7.0,2.71,0.0,-0.34,-0.12,4.65,2.0,26.49,64.29,20.0,2.95,7.0,0.01,1.07,3.2,21.2,79.0
Sung Mun Song,3B,FA,43.5,2.42,17.975206611570247,,,,,,,-0.56,-0.05,0.0,0.0,43.48,100.0,3.0,1.67,0.0,,,0.0,0.0,37.84,100.0,5.0,1.6,0.0,0.56,0.89,6.67,1.0,29.58,90.91,16.0,1.38,1.0,,,,,
Masataka Yoshida,DH,FA,183.0,4.26,42.95774647887324,2.7701639344262294,-0.58,0.37,1.9,26.1,72.7,-0.59,-0.08,0.0,0.0,31.91,75.0,5.0,3.4,3.0,0.11,0.57,4.17,1.0,27.54,83.33,10.0,3.0,6.0,-0.26,0.17,3.45,2.0,29.37,75.0,22.0,2.95,8.0,-0.66,-0.67,6.6,27.3,67.2
Rob Refsnyder,DH,FA,71.0,1.87,37.967914438502675,2.0807042253521124,0.95,1.16,9.1,23.4,79.2,-0.6,-0.1,0.0,0.0,20.0,50.0,3.0,1.67,0.0,0.93,0.74,12.5,1.0,25.0,83.33,6.0,2.17,2.0,0.96,1.16,8.7,2.0,26.26,91.67,17.0,2.12,3.0,1.15,0.8,12.3,19.1,73.1
Randal Grichuk,DH,FA,151.5,3.99,37.96992481203007,2.027920792079208,-0.26,-1.56,13.6,34.4,59.1,-0.61,-0.11,0.0,0.0,44.44,100.0,4.0,2.5,1.0,-1.36,-1.04,0.0,0.0,37.25,57.14,9.0,2.67,2.0,-0.31,-0.66,8.82,3.0,33.72,63.64,20.0,2.15,6.0,0.03,-0.75,11.7,31.5,71.9
Caleb Durbin,3B,FA,257.5,4.68,55.02136752136752,3.107883495145631,-0.94,-0.2,2.1,27.1,66.7,-0.61,-0.6,5.56,1.0,42.86,80.0,6.0,4.0,2.0,0.03,0.06,7.41,2.0,35.0,83.33,10.0,3.2,3.0,-0.73,-0.58,4.08,2.0,33.33,64.71,21.0,2.9,3.0,-0.8,-0.31,4.0,24.5,67.6
Keibert Ruiz,C,FA,252.0,6.46,39.0092879256966,3.101825396825397,-1.22,-1.56,6.7,36.7,62.2,-0.67,-0.19,0.0,0.0,45.83,100.0,5.0,2.8,4.0,0.01,0.35,4.76,1.0,39.53,100.0,8.0,3.12,5.0,-0.12,-0.32,8.33,4.0,37.11,76.19,16.0,3.44,13.0,-1.3,-0.66,2.2,35.4,78.1
Miguel Andujar,3B,FA,255.0,5.1,50.0,3.56,-1.38,-1.41,4.8,40.8,69.8,-0.68,-0.83,7.14,1.0,46.67,80.0,6.0,3.5,1.0,-0.97,-0.83,2.94,1.0,46.15,80.0,12.0,3.67,3.0,-0.8,-0.87,5.41,4.0,44.02,75.0,25.0,3.8,9.0,-0.71,-0.33,4.7,35.7,82.3
Jake Mangum,LF,FA,204.5,4.76,42.96218487394958,2.5371149144254277,-2.22,-1.89,1.1,49.2,75.0,-0.69,-0.88,7.69,1.0,45.16,75.0,5.0,2.6,3.0,-0.82,-0.76,4.17,1.0,46.15,81.82,9.0,2.67,3.0,-1.11,-0.97,3.03,1.0,48.68,80.0,13.0,2.77,4.0,-1.5,-1.07,2.7,43.8,84.6
Dominic Smith,1B,FA,276.0,5.52,50.00000000000001,2.5199999999999996,0.49,0.62,8.4,36.8,90.5,-0.76,-0.31,0.0,0.0,35.71,75.0,5.0,2.4,4.0,-0.51,0.17,0.0,0.0,33.33,83.33,9.0,2.67,5.0,0.43,0.74,6.38,3.0,31.67,90.91,22.0,2.5,11.0,-1.48,-1.36,4.2,32.9,66.7
Daniel Schneemann,2B,FA,238.0,4.86,48.971193415637856,3.205966386554622,-0.24,-0.12,6.7,34.0,77.2,-0.77,-0.33,0.0,0.0,48.15,100.0,3.0,3.67,1.0,-1.07,-0.63,0.0,0.0,42.11,77.78,7.0,3.29,2.0,-0.3,0.29,2.22,1.0,32.67,82.61,19.0,3.42,8.0,1.19,1.03,11.5,26.0,85.0
Nick Loftin,LF,FA,161.5,5.38,30.018587360594797,2.598390092879257,0.18,0.72,5.7,20.2,69.2,-0.77,-0.81,5.56,1.0,31.82,50.0,6.0,3.17,4.0,-0.44,-0.27,4.55,1.0,27.45,60.0,8.0,3.0,4.0,0.39,0.46,7.89,3.0,23.0,71.43,18.0,2.39,6.0,0.46,1.06,6.3,24.9,83.9
Daniel Susac,C,FA,109.5,4.56,24.013157894736842,2.7484931506849315,-0.24,0.06,5.9,38.6,85.7,-0.78,-0.35,0.0,0.0,48.39,100.0,5.0,2.8,2.0,-0.42,-0.26,4.76,1.0,43.1,90.0,9.0,3.11,3.0,-0.2,-0.16,6.45,2.0,40.0,84.21,13.0,3.31,3.0,,,,,
Jeff McNeil,2B,FA,239.0,4.19,57.04057279236277,3.27836820083682,-0.19,1.09,1.2,31.8,89.8,-0.79,-0.36,0.0,0.0,32.43,66.67,4.0,4.0,0.0,-0.69,-0.08,0.0,0.0,35.29,80.0,10.0,3.6,0.0,-0.4,0.26,1.45,1.0,35.91,86.96,24.0,3.54,6.0,0.38,1.21,5.1,26.8,88.1
Adolis Garcia,RF,FA,233.5,3.83,60.96605744125326,3.362526766595289,0.22,0.29,8.1,28.9,75.5,-0.81,-2.3,22.22,2.0,44.44,25.0,6.0,3.33,1.0,0.18,-0.34,12.5,2.0,32.05,66.67,12.0,2.92,1.0,0.5,0.78,6.82,3.0,26.79,84.21,26.0,3.19,8.0,-0.06,-0.86,11.6,35.8,76.3
Matt McLain,2B,FA,301.5,5.11,59.00195694716242,3.4236152570480933,-0.04,0.17,6.8,24.8,68.3,-0.83,-0.41,0.0,0.0,33.33,66.67,5.0,2.2,2.0,-0.73,-0.88,6.25,1.0,40.0,66.67,9.0,2.67,3.0,-0.18,0.04,5.17,3.0,27.75,69.57,23.0,3.26,10.0,-0.2,-0.25,7.8,26.3,70.7
Miguel Amaya,C,FA,138.0,3.94,35.025380710659896,2.4553623188405798,-1.04,-1.22,6.3,26.8,53.1,-0.83,-0.41,0.0,0.0,30.0,60.0,2.0,3.0,1.0,-1.07,-0.62,0.0,0.0,24.44,44.44,7.0,2.0,2.0,-0.92,-0.86,4.17,1.0,25.3,46.15,14.0,2.21,5.0,-0.94,-1.09,6.6,36.8,75.0
Alejandro Osuna,LF,FA,148.5,4.01,37.03241895261846,2.457306397306397,-1.93,-1.24,0.0,28.6,55.3,-0.88,-0.47,0.0,0.0,34.38,66.67,6.0,3.0,1.0,-1.2,-0.81,0.0,0.0,26.47,42.86,13.0,2.85,3.0,-1.22,-0.7,0.0,0.0,29.5,56.25,27.0,2.7,8.0,-1.13,-1.23,6.0,24.8,57.4
Jacob Young,CF,FA,334.0,5.48,60.94890510948905,3.1994011976047907,-0.74,-0.77,6.3,25.3,56.9,-0.88,-1.33,10.0,1.0,32.5,33.33,6.0,2.5,1.0,-0.21,-0.9,12.5,3.0,27.69,42.86,12.0,2.67,4.0,-0.48,-0.92,8.96,6.0,23.57,42.31,27.0,2.93,15.0,-0.83,0.1,1.9,23.9,71.5
Edgar Quero,C,FA,152.0,3.45,44.05797101449275,2.700986842105263,-0.54,0.36,2.2,28.3,75.6,-0.91,-1.3,9.09,1.0,40.0,50.0,4.0,2.75,2.0,-0.19,0.07,4.76,1.0,26.09,66.67,9.0,2.56,7.0,0.04,0.21,6.25,2.0,30.68,77.78,17.0,2.41,9.0,0.41,1.55,3.7,19.1,81.8
Nicky Lopez,2B,FA,42.0,3.5,12.0,2.5833333333333335,-1.93,-1.24,0.0,40.4,71.4,-0.92,-0.53,0.0,0.0,39.39,75.0,6.0,3.33,3.0,-0.77,-0.2,0.0,0.0,36.96,80.0,8.0,3.25,3.0,-0.89,-0.23,0.0,0.0,38.3,80.0,9.0,3.0,3.0,,,,,
Wenceel Perez,RF,FA,200.5,4.36,45.986238532110086,3.1966084788029927,0.31,0.57,7.4,28.4,78.4,-0.93,-1.62,12.5,2.0,48.72,57.14,5.0,4.2,3.0,-0.22,-0.5,9.09,3.0,36.14,70.0,11.0,3.73,7.0,-0.5,-0.32,4.55,3.0,31.85,68.18,24.0,3.46,12.0,-0.78,-1.32,8.8,32.7,66.9
Jared Triolo,SS,FA,88.0,2.93,30.034129692832764,2.863409090909091,-0.34,0.79,1.6,25.1,76.7,-0.96,-0.58,0.0,0.0,34.09,62.5,5.0,3.4,2.0,-0.94,-0.43,0.0,0.0,34.72,69.23,10.0,2.8,3.0,-0.55,-0.11,2.5,1.0,30.95,71.43,22.0,2.68,4.0,0.65,1.38,6.2,24.3,86.7
Yohendrick Pinango,LF,FA,159.5,4.98,32.028112449799195,2.8724764890282133,-0.29,-0.25,7.0,33.1,74.2,-0.96,-1.54,11.11,1.0,50.0,62.5,4.0,3.25,2.0,0.39,-0.04,12.5,3.0,33.9,78.57,11.0,3.18,4.0,-0.19,-0.35,7.84,4.0,32.17,68.0,23.0,3.04,7.0,,,,,
Mike Yastrzemski,RF,FA,243.5,4.27,57.025761124121786,2.682997946611909,-1.55,-1.58,4.4,28.4,50.7,-1.01,-0.65,0.0,0.0,21.21,33.33,5.0,2.4,1.0,-0.43,0.3,0.0,0.0,19.23,60.0,9.0,1.78,3.0,-0.31,-0.67,8.82,3.0,25.0,50.0,22.0,2.09,12.0,0.04,-0.03,8.5,22.1,67.6
Jacob Gonzalez,2B,FA,16.0,4.0,4.0,,,,,,,-1.02,-0.66,0.0,0.0,37.5,66.67,4.0,3.5,0.0,-1.13,-0.71,0.0,0.0,37.5,66.67,4.0,3.5,0.0,,,0.0,0.0,37.5,66.67,4.0,3.5,0.0,,,,,
Chad Stevens,3B,FA,12.5,1.14,10.964912280701755,,,,,,,-1.03,-0.68,0.0,0.0,34.48,60.0,5.0,1.6,1.0,-0.21,-0.39,8.33,1.0,37.1,75.0,10.0,1.8,1.0,-0.19,-0.33,7.69,1.0,36.36,75.0,11.0,1.82,1.0,,,,,
MJ Melendez,LF,FA,119.5,3.06,39.052287581699346,2.0997489539748955,0.72,0.22,12.0,29.2,75.0,-1.06,-0.72,0.0,0.0,30.43,50.0,5.0,1.6,2.0,-0.84,-0.3,0.0,0.0,31.48,66.67,10.0,1.8,2.0,1.07,0.97,11.11,3.0,26.15,87.5,24.0,1.88,6.0,-0.71,-1.06,8.1,32.8,70.0
Sebastian Rivero,C,FA,26.5,1.2,22.083333333333336,2.0377358490566038,-2.23,-1.69,0.0,44.6,71.4,-1.1,-0.77,0.0,0.0,31.25,50.0,2.0,3.5,1.0,-1.13,-0.71,0.0,0.0,32.5,57.14,6.0,2.83,3.0,-1.48,-1.07,0.0,0.0,41.49,66.67,15.0,2.4,3.0,-1.75,-2.66,8.3,49.1,73.3
Ryan McMahon,3B,FA,214.0,3.82,56.02094240837697,2.731121495327103,0.09,-0.29,10.0,31.2,71.1,-1.1,-2.0,14.29,1.0,35.48,16.67,5.0,3.0,2.0,-0.45,-1.59,15.38,2.0,38.6,44.44,8.0,3.25,4.0,-0.17,-0.54,9.3,4.0,34.81,68.0,22.0,3.09,6.0,0.75,0.24,12.1,25.1,74.7
Myles Straw,CF,FA,140.0,2.59,54.054054054054056,1.6464999999999999,-0.36,-0.02,5.4,19.3,58.3,-1.13,-0.81,0.0,0.0,7.69,0.0,5.0,1.0,0.0,,,0.0,0.0,5.0,40.0,11.0,0.82,1.0,-0.31,-0.02,4.35,1.0,17.65,52.63,24.0,1.42,2.0,-0.86,-0.37,3.9,27.4,70.7
Kerry Carpenter,RF,FA,201.5,5.04,39.98015873015873,2.8264019851116626,-0.25,-1.03,11.1,34.0,65.4,-1.14,-1.78,11.11,1.0,48.0,50.0,3.0,3.67,1.0,,,11.11,1.0,48.0,50.0,3.0,3.67,1.0,,,8.33,1.0,43.75,25.0,6.0,2.5,1.0,0.75,0.13,12.6,34.1,85.4
Salvador Perez,C,FA,292.0,4.95,58.98989898989899,3.8481164383561643,-0.47,-0.88,8.8,45.5,83.0,-1.16,-1.36,5.88,1.0,49.06,66.67,5.0,4.2,1.0,-0.49,-0.82,8.57,3.0,46.0,80.0,11.0,3.82,4.0,-0.33,-0.62,8.33,6.0,44.7,81.48,24.0,3.67,8.0,-0.15,-1.69,14.8,42.2,75.3
Brice Matthews,2B,FA,164.5,3.23,50.92879256965944,2.906018237082067,0.28,0.55,7.2,25.7,74.5,-1.2,-0.91,0.0,0.0,41.67,66.67,3.0,2.33,1.0,-0.08,0.17,5.26,1.0,29.03,75.0,10.0,2.9,2.0,0.2,0.51,5.66,3.0,27.85,80.0,23.0,3.35,8.0,2.08,-0.82,26.1,31.8,71.4
Michael Helman,CF,FA,13.5,1.35,10.0,,,,,,,-1.35,-1.11,0.0,0.0,61.11,100.0,4.0,2.0,1.0,-1.21,-0.82,0.0,0.0,50.0,87.5,7.0,2.29,1.0,-1.03,-0.42,0.0,0.0,48.94,92.31,10.0,2.2,1.0,0.65,0.86,8.6,33.0,92.3
Darell Hernaiz,SS,FA,157.0,3.57,43.977591036414566,2.524012738853503,-1.01,-0.1,1.1,36.3,80.6,-1.45,-1.25,0.0,0.0,39.13,50.0,4.0,3.0,1.0,-0.97,-0.48,0.0,0.0,38.46,75.0,9.0,3.0,1.0,-0.63,-0.15,2.0,1.0,33.88,75.0,22.0,2.68,7.0,-0.69,0.03,3.2,30.9,80.0
Victor Caratini,C,FA,177.5,3.94,45.0507614213198,3.1298028169014085,-1.45,-1.43,4.4,27.4,51.2,-1.51,-1.32,0.0,0.0,32.35,33.33,4.0,3.75,1.0,-1.06,-0.61,0.0,0.0,33.82,62.5,9.0,3.33,1.0,-0.42,-0.22,4.65,2.0,29.46,66.67,20.0,2.9,3.0,0.58,0.94,7.7,23.5,80.6
Pavin Smith,1B,FA,13.5,2.7,5.0,,,,,,,-1.52,-1.34,0.0,0.0,28.57,25.0,3.0,2.0,0.0,,,0.0,0.0,28.57,25.0,3.0,2.0,0.0,,,0.0,0.0,28.57,25.0,3.0,2.0,0.0,0.7,0.26,11.7,22.7,71.7
Jimmy Crooks,C,FA,11.0,3.67,2.997275204359673,,,,,,,-1.57,-1.4,0.0,0.0,41.67,50.0,3.0,3.0,0.0,,,0.0,0.0,41.67,50.0,3.0,3.0,0.0,,,0.0,0.0,41.67,50.0,3.0,3.0,0.0,0.57,1.05,7.1,27.7,87.5
Ben Williamson,3B,FA,225.5,5.01,45.00998003992016,2.82159645232816,-2.03,-1.6,1.0,30.0,52.6,-1.6,-1.44,0.0,0.0,34.29,33.33,6.0,2.5,0.0,-1.82,-1.69,0.0,0.0,34.29,33.33,6.0,2.5,0.0,-1.09,-1.08,4.0,1.0,30.86,50.0,14.0,2.36,5.0,-1.45,-1.13,3.3,33.5,70.2
Ha-seong Kim,SS,FA,32.5,2.32,14.008620689655173,3.4978461538461536,-1.78,-1.64,3.0,26.7,47.6,-1.66,-1.53,0.0,0.0,35.71,33.33,2.0,3.5,0.0,-0.61,-0.76,6.67,1.0,34.69,60.0,6.0,3.83,1.0,-1.07,-0.89,2.86,1.0,26.67,47.62,14.0,3.5,4.0,-1.24,-1.22,5.2,21.2,52.7
Sal Frelick,RF,FA,286.0,5.02,56.97211155378486,3.212097902097902,-1.0,-0.35,2.4,22.5,58.5,-1.76,-1.65,0.0,0.0,28.57,14.29,6.0,3.67,2.0,-1.7,-1.53,0.0,0.0,27.59,25.0,11.0,3.18,3.0,-1.47,-1.06,0.0,0.0,25.87,42.86,24.0,3.5,8.0,-1.36,-0.95,3.1,26.3,62.6
Miguel Rojas,2B,FA,120.0,3.16,37.974683544303794,2.3173333333333335,-1.43,-1.29,3.8,34.0,62.1,-1.82,-1.74,0.0,0.0,23.08,0.0,4.0,1.25,0.0,-0.94,-0.44,0.0,0.0,28.57,57.14,9.0,2.0,2.0,-0.97,-0.34,0.0,0.0,33.33,70.0,15.0,2.27,4.0,-0.15,0.63,4.1,26.9,81.6
Jose Fernandez,SS,FA,243.5,4.51,53.991130820399114,2.9819712525667352,-1.98,-1.97,3.2,36.8,57.1,-2.12,-2.14,0.0,0.0,45.95,33.33,6.0,2.83,0.0,-1.84,-1.72,0.0,0.0,43.48,50.0,12.0,2.83,1.0,-1.81,-1.54,0.0,0.0,39.74,53.85,26.0,2.65,4.0,,,,,
Ramon Laureano,LF,FA,284.0,5.36,52.98507462686567,3.4349295774647888,1.05,0.24,14.3,32.7,80.0,-2.44,-2.57,0.0,0.0,36.84,0.0,2.0,3.5,1.0,1.07,0.04,20.0,3.0,35.21,83.33,7.0,3.43,3.0,0.84,0.25,13.89,5.0,32.35,81.25,21.0,2.86,7.0,1.07,0.32,13.9,25.8,76.6
Alex Jackson,C,FA,11.0,2.2,5.0,,,,,,,-2.58,-2.76,0.0,0.0,56.25,33.33,2.0,3.5,1.0,-1.46,-1.19,0.0,0.0,44.44,66.67,5.0,3.4,1.0,,,0.0,0.0,44.44,66.67,5.0,3.4,1.0,1.2,0.32,14.8,29.2,81.1
Christian Vazquez,C,FA,204.5,4.99,40.98196392785571,2.9525183374083133,-1.85,-1.53,2.0,34.4,59.5,-2.89,-3.17,0.0,0.0,46.88,0.0,5.0,2.6,2.0,-2.2,-2.25,0.0,0.0,47.37,42.86,10.0,3.2,4.0,-1.34,-1.14,1.92,1.0,36.29,57.14,22.0,2.77,6.0,-0.56,0.09,3.8,25.7,73.8
Edmundo Sosa,2B,FA,148.5,4.5,33.0,2.727272727272727,-2.35,-3.65,8.7,53.6,58.3,,,100.0,1.0,54.55,,2.0,1.5,1.0,,,37.5,3.0,50.0,0.0,5.0,2.2,2.0,-2.2,-3.92,12.9,4.0,57.94,30.0,15.0,2.87,6.0,-1.64,-2.06,6.3,45.5,75.4
Jesus Rodriguez,C,FA,71.5,5.11,13.992172211350292,2.7872727272727276,-0.92,-0.34,2.9,31.9,71.4,,,100.0,1.0,,,1.0,1.0,1.0,,,12.5,1.0,26.67,100.0,4.0,2.25,2.0,-0.55,-0.25,3.57,1.0,33.85,72.73,12.0,2.75,2.0,,,,,
Hunter Feduccia,C,FA,89.5,2.63,34.030418250950575,2.027597765363128,-1.03,-0.81,4.4,29.1,61.5,,,50.0,1.0,16.67,,3.0,1.67,0.0,1.01,1.02,11.11,1.0,29.73,100.0,6.0,2.5,0.0,0.36,0.31,8.7,2.0,32.86,83.33,15.0,2.2,3.0,0.35,0.49,8.2,23.2,75.0
Patrick Wisdom,3B,FA,28.5,4.07,7.002457002457002,,,,,,,,,33.33,1.0,37.5,,3.0,2.0,2.0,,,20.0,1.0,33.33,,4.0,2.5,2.0,1.12,-0.23,20.0,2.0,35.0,75.0,6.0,2.83,2.0,,,,,
Petey Halpin,CF,FA,28.0,1.56,17.94871794871795,1.6714285714285715,0.57,0.6,9.1,30.6,81.8,,,33.33,1.0,66.67,100.0,2.0,2.5,0.0,,,14.29,1.0,50.0,100.0,6.0,1.67,0.0,0.94,0.79,11.11,2.0,29.63,88.89,16.0,1.56,3.0,,,,,
Drew Millas,C,FA,120.0,3.16,37.974683544303794,2.4753333333333334,-1.1,-0.88,4.2,29.1,60.7,,,16.67,1.0,22.22,100.0,3.0,2.0,3.0,0.29,0.62,5.88,1.0,25.0,80.0,6.0,3.0,3.0,0.03,0.26,5.71,2.0,22.67,66.67,14.0,2.86,9.0,0.03,1.29,2.3,17.4,76.5
Jonah Heim,C,FA,116.0,5.04,23.015873015873016,3.1282758620689655,-1.51,-1.65,5.0,33.8,57.1,,,16.67,1.0,33.33,100.0,2.0,3.0,2.0,-0.46,-0.95,10.0,1.0,32.26,50.0,4.0,3.25,4.0,-0.97,-0.91,4.0,1.0,33.82,58.33,11.0,3.0,5.0,-0.58,-0.43,6.1,30.0,73.5
Nasim Nunez,SS,FA,312.0,5.29,58.97920604914934,2.9332371794871794,-0.36,1.09,0.0,26.5,82.5,,,0.0,0.0,36.36,,6.0,1.5,1.0,-0.59,0.06,0.0,0.0,32.0,77.78,11.0,2.73,2.0,-0.13,0.84,0.0,0.0,26.8,85.71,26.0,2.73,6.0,0.07,0.84,4.7,21.6,76.9
Jeremiah Jackson,RF,FA,249.0,4.7,52.97872340425532,3.1522088353413653,-0.18,-0.32,8.2,37.5,79.3,,,0.0,0.0,30.0,100.0,3.0,0.67,1.0,0.62,1.0,6.67,1.0,30.0,100.0,7.0,2.43,4.0,0.53,0.58,8.51,4.0,30.53,85.71,19.0,2.89,6.0,-0.74,-0.98,7.5,34.3,72.9
Marcell Ozuna,DH,FA,211.5,4.5,47.0,3.702127659574468,-0.29,-0.58,8.6,25.2,59.2,,,0.0,0.0,0.0,100.0,1.0,2.0,1.0,-0.09,-0.31,9.09,1.0,22.92,50.0,6.0,3.17,1.0,-0.25,-0.48,8.11,3.0,23.91,52.38,17.0,3.53,5.0,0.69,0.28,11.5,22.4,71.6
Amed Rosario,3B,FA,196.0,6.12,32.02614379084967,2.8726530612244896,0.06,-0.81,12.3,42.6,80.0,,,0.0,0.0,72.73,,1.0,4.0,0.0,,,22.22,2.0,48.15,50.0,3.0,4.0,3.0,-0.43,-1.36,12.5,3.0,47.69,70.0,11.0,2.91,6.0,-0.7,-0.6,6.0,36.7,80.5
Gary Sanchez,C,FA,189.0,5.25,36.0,2.638888888888889,0.42,0.19,10.0,20.1,62.2,,,0.0,0.0,16.67,100.0,5.0,1.6,1.0,,,0.0,0.0,23.53,100.0,6.0,1.83,1.0,-0.59,0.2,0.0,0.0,19.23,60.0,12.0,2.17,5.0,-0.65,-1.59,10.9,24.3,52.6
Joey Ortiz,SS,FA,180.5,3.54,50.98870056497175,2.3338504155124653,-1.92,-1.84,3.0,31.3,51.3,,,0.0,0.0,42.86,,6.0,1.17,1.0,0.12,1.08,0.0,0.0,28.81,100.0,11.0,1.64,1.0,-0.79,-0.09,0.0,0.0,29.01,68.75,23.0,2.09,5.0,-1.74,-1.5,3.0,33.4,65.8
TJ Friedl,CF,FA,172.0,3.66,46.994535519125684,3.31953488372093,-0.62,0.15,2.7,27.8,72.2,,,0.0,0.0,62.5,100.0,3.0,2.0,1.0,,,0.0,0.0,35.29,100.0,6.0,1.67,1.0,-0.2,0.75,0.0,0.0,26.56,83.33,13.0,2.31,2.0,-0.33,0.67,2.7,18.1,70.3
Nick Castellanos,RF,FA,167.5,4.29,39.044289044289044,2.9453731343283582,-0.4,-0.7,8.4,40.2,78.1,,,0.0,0.0,37.5,100.0,1.0,2.0,0.0,-0.32,-0.47,7.69,1.0,38.3,75.0,7.0,2.43,2.0,-0.24,-0.53,8.57,3.0,40.48,76.92,17.0,3.0,5.0,-0.24,-0.25,7.6,41.0,90.2
Dane Myers,CF,FA,162.0,3.31,48.94259818731118,1.7367283950617285,1.52,1.68,10.7,16.5,76.5,,,0.0,0.0,33.33,33.33,3.0,1.67,0.0,0.29,0.33,8.33,1.0,26.67,75.0,8.0,1.88,1.0,0.71,0.94,7.69,2.0,21.74,80.0,19.0,2.11,4.0,-0.39,-0.52,7.8,23.7,64.1
Pedro Pages,C,FA,143.5,3.88,36.98453608247423,3.1364459930313586,-0.96,-1.17,6.7,37.7,68.6,,,0.0,0.0,33.33,100.0,2.0,1.0,0.0,,,10.0,1.0,47.62,40.0,5.0,2.2,0.0,-1.59,-2.05,5.88,2.0,39.13,41.67,14.0,2.86,3.0,-0.91,-1.21,7.4,35.9,72.4
Harrison Bader,CF,FA,127.0,4.23,30.023640661938533,3.5305511811023624,-0.92,-1.43,8.2,38.7,66.7,,,0.0,0.0,28.57,100.0,1.0,4.0,0.0,0.96,0.57,14.29,2.0,36.21,100.0,7.0,3.29,1.0,-0.68,-1.08,8.11,3.0,38.89,62.5,15.0,3.6,6.0,-0.41,-1.07,10.2,32.6,69.6
Eli White,RF,FA,125.0,3.68,33.96739130434783,2.0608,0.21,0.49,7.0,27.5,76.2,,,0.0,0.0,18.18,,2.0,1.0,1.0,,,0.0,0.0,12.5,100.0,6.0,1.5,3.0,1.52,2.09,7.69,1.0,18.42,100.0,11.0,1.45,4.0,0.62,0.7,9.1,29.6,86.0
Andruw Monasterio,SS,FA,125.0,3.91,31.9693094629156,2.87776,-0.17,0.2,5.7,25.5,69.7,,,0.0,0.0,36.36,,2.0,2.5,1.0,-0.32,0.44,0.0,0.0,20.59,66.67,6.0,2.33,2.0,-0.32,0.06,3.7,1.0,26.92,68.75,13.0,3.0,3.0,-0.54,-0.21,5.3,26.7,71.7
Tyler ONeill,RF,FA,116.5,3.07,37.94788273615635,2.6351931330472103,-0.52,-0.01,4.2,27.9,70.3,,,0.0,0.0,41.67,50.0,3.0,1.67,1.0,-1.35,-1.02,0.0,0.0,46.34,75.0,9.0,2.0,1.0,-0.53,-0.45,5.13,2.0,35.77,71.43,21.0,2.62,5.0,1.14,-0.14,16.5,28.3,74.6
Derek Hill,CF,FA,114.5,2.54,45.07874015748031,1.5084716157205242,0.15,0.06,8.7,35.1,81.0,,,0.0,0.0,37.5,,3.0,1.67,0.0,-1.63,-1.42,0.0,0.0,39.13,50.0,9.0,1.78,1.0,0.25,-0.11,10.53,2.0,33.33,75.0,16.0,1.62,3.0,-0.55,-1.5,11.2,39.1,73.3
Braden Shewmake,SS,FA,108.0,3.86,27.979274611398964,2.644814814814815,-1.59,-2.03,6.3,54.1,80.0,,,0.0,0.0,30.77,100.0,2.0,2.0,1.0,-0.2,-0.65,10.53,2.0,39.02,71.43,9.0,2.11,2.0,-1.01,-1.2,5.66,3.0,54.05,83.33,21.0,2.9,4.0,,,,,
Carlos Narvaez,C,FA,104.5,2.75,38.0,2.8684210526315788,-0.17,-0.03,6.8,35.2,80.0,,,0.0,0.0,28.57,100.0,2.0,3.5,1.0,-0.5,0.19,0.0,0.0,24.24,66.67,5.0,3.4,2.0,-0.87,-0.2,0.0,0.0,34.62,75.0,16.0,2.44,6.0,-0.09,-0.36,9.1,29.6,73.8
Jorge Barrosa,CF,FA,102.5,2.38,43.0672268907563,2.1129756097560977,-1.14,-1.37,6.3,31.5,57.6,,,0.0,0.0,30.0,33.33,2.0,3.0,1.0,,,0.0,0.0,34.78,50.0,7.0,1.29,1.0,-1.29,-0.8,0.0,0.0,30.43,55.56,17.0,1.29,2.0,-2.15,-1.45,0.0,34.8,68.2
Mitch Garver,C,FA,102.0,3.4,30.0,2.5,0.21,0.64,6.3,24.4,73.9,,,0.0,0.0,30.0,100.0,3.0,2.0,0.0,0.98,1.39,7.69,1.0,24.24,100.0,6.0,2.83,3.0,-0.19,0.05,5.0,1.0,25.68,66.67,13.0,2.31,6.0,0.43,0.67,7.9,20.6,73.7
Ryan Kreidler,CF,FA,98.5,4.48,21.986607142857142,2.1831472081218273,1.25,1.67,8.8,28.9,93.3,,,0.0,0.0,0.0,,5.0,0.4,1.0,-0.89,-0.37,0.0,0.0,42.42,85.71,12.0,1.75,4.0,-0.13,0.23,4.35,1.0,39.34,91.67,17.0,2.0,8.0,0.17,0.96,4.8,30.4,90.0
Brett Sullivan,C,FA,88.5,2.95,29.999999999999996,2.733333333333334,-1.82,-1.38,1.5,38.3,66.7,,,0.0,0.0,0.0,0.0,2.0,2.5,0.0,,,11.11,1.0,9.09,0.0,4.0,2.5,1.0,-0.73,-0.64,4.55,1.0,40.85,75.0,10.0,3.0,2.0,,,,,
Justin Foscue,1B,FA,83.5,3.8,21.973684210526315,2.5940119760479043,-1.1,-1.97,9.5,31.6,50.0,,,0.0,0.0,37.5,0.0,3.0,1.0,1.0,-1.47,-1.19,0.0,0.0,35.71,50.0,10.0,2.3,2.0,-0.52,-1.09,9.76,4.0,30.91,50.0,21.0,2.67,6.0,,,,,
Tim Tawa,1B,FA,76.5,2.64,28.977272727272727,2.036078431372549,-1.31,-0.8,2.3,31.5,65.0,,,0.0,0.0,50.0,,2.0,1.0,0.0,,,0.0,0.0,35.0,80.0,5.0,1.2,1.0,,,0.0,0.0,28.95,85.71,10.0,1.4,3.0,0.11,-0.11,9.3,28.9,75.7
Blake Perkins,CF,FA,71.5,1.99,35.92964824120603,1.8369230769230769,-1.29,-1.14,4.1,33.3,63.0,,,0.0,0.0,40.0,,5.0,0.6,0.0,,,0.0,0.0,20.0,0.0,9.0,1.0,0.0,-0.58,-0.74,6.67,1.0,32.56,60.0,17.0,1.18,0.0,-0.47,0.24,3.7,18.5,65.9
J.C. Escarra,C,FA,67.5,3.07,21.98697068403909,2.6834074074074072,-0.37,0.19,4.3,25.8,70.0,,,0.0,0.0,0.0,,3.0,2.33,1.0,,,0.0,0.0,0.0,,4.0,2.75,1.0,0.14,1.23,0.0,0.0,17.65,80.0,11.0,2.45,2.0,0.82,1.75,5.6,20.7,86.2
Max Schuemann,2B,FA,57.0,4.07,14.004914004914005,,,,,,,,,0.0,0.0,11.11,0.0,2.0,3.0,2.0,,,0.0,0.0,7.69,0.0,5.0,1.2,4.0,-0.29,0.62,0.0,0.0,15.0,62.5,11.0,1.73,7.0,0.2,1.48,2.6,19.0,80.8
Santiago Espinal,3B,FA,55.5,1.91,29.05759162303665,1.4798198198198198,-1.15,-0.6,2.5,34.3,71.4,,,0.0,0.0,44.44,,3.0,0.67,0.0,,,0.0,0.0,31.58,,5.0,1.2,0.0,,,5.88,1.0,36.84,83.33,12.0,1.42,1.0,-0.83,0.36,0.7,24.0,74.6
Tyler Heineman,C,FA,53.5,1.73,30.92485549132948,2.2958878504672895,-1.12,-0.41,1.8,45.8,89.5,,,0.0,0.0,61.54,,1.0,3.0,0.0,,,25.0,1.0,51.72,100.0,3.0,2.67,2.0,-1.16,-1.45,5.88,1.0,46.81,66.67,9.0,2.22,2.0,-1.65,-1.4,3.2,32.7,66.0
Braxton Fulford,C,FA,48.5,3.46,14.017341040462428,,,,,,,,,0.0,0.0,18.18,100.0,2.0,1.5,0.0,,,0.0,0.0,24.0,75.0,7.0,1.29,1.0,,,0.0,0.0,27.03,75.0,11.0,1.36,3.0,0.36,1.13,5.3,27.4,88.0
Nick Sogard,1B,FA,48.0,4.0,12.0,2.9166666666666665,0.25,2.0,0.0,22.6,88.9,,,0.0,0.0,16.67,100.0,2.0,1.0,0.0,0.12,1.08,0.0,0.0,20.0,83.33,8.0,2.62,3.0,0.18,1.29,0.0,0.0,22.62,88.89,12.0,2.92,3.0,-0.54,-0.27,5.6,24.9,68.6
Andres Chaparro,1B,FA,41.0,3.15,13.015873015873016,,,,,,,,,0.0,0.0,20.0,,3.0,0.33,0.0,-2.34,-2.44,0.0,0.0,27.78,0.0,7.0,1.29,1.0,,,0.0,0.0,29.63,0.0,9.0,1.33,2.0,0.38,-0.09,11.1,34.4,83.3
Gage Workman,3B,FA,40.5,2.53,16.007905138339922,2.373827160493827,2.14,0.13,22.7,42.3,91.7,,,0.0,0.0,0.0,,1.0,1.0,0.0,,,14.29,1.0,21.74,75.0,5.0,2.0,1.0,1.56,0.02,22.73,5.0,42.31,91.67,16.0,2.38,3.0,,,,,
Zach Dezenzo,LF,FA,40.0,1.9,21.05263157894737,2.2325,0.17,-1.06,14.3,29.1,58.3,,,0.0,0.0,37.5,0.0,3.0,1.0,0.0,,,20.0,1.0,31.25,50.0,8.0,1.5,2.0,0.3,-0.58,14.29,4.0,29.13,58.33,21.0,2.24,5.0,2.01,1.19,16.4,20.0,78.8
P.J. Higgins,1B,FA,34.5,3.45,10.0,,,,,,,,,0.0,0.0,0.0,100.0,1.0,4.0,0.0,,,0.0,0.0,16.67,83.33,3.0,2.33,1.0,,,0.0,0.0,25.0,83.33,4.0,2.75,1.0,,,,,
Rafael Marchan,C,FA,31.5,1.43,22.02797202797203,2.905396825396825,-0.9,-0.13,2.0,32.5,75.0,,,0.0,0.0,42.86,100.0,2.0,1.5,0.0,,,0.0,0.0,45.45,100.0,3.0,2.0,0.0,,,0.0,0.0,33.33,71.43,6.0,2.17,0.0,0.08,1.39,2.2,24.0,86.5
Victor Robles,RF,FA,29.0,2.42,11.983471074380166,,,,,,,,,0.0,0.0,0.0,,3.0,0.67,0.0,0.0,0.91,0.0,0.0,31.25,100.0,7.0,1.86,1.0,,,0.0,0.0,31.25,100.0,7.0,1.86,1.0,-0.76,-0.44,4.9,42.9,90.6
Christopher Morel,LF,FA,29.0,1.38,21.01449275362319,3.04551724137931,-1.04,-0.48,2.7,35.8,75.0,,,0.0,0.0,38.89,100.0,2.0,2.5,1.0,,,0.0,0.0,37.84,50.0,4.0,3.0,1.0,-0.78,-0.56,3.45,1.0,37.86,72.22,16.0,3.12,2.0,1.53,0.81,14.8,30.9,89.0
Sam Haggerty,LF,FA,27.0,0.75,36.0,1.2222222222222223,-0.49,0.9,0.0,33.8,90.0,,,0.0,0.0,100.0,,2.0,1.0,0.0,,,0.0,0.0,20.0,100.0,6.0,1.33,0.0,,,0.0,0.0,30.43,100.0,15.0,1.07,1.0,-0.22,0.9,2.4,27.1,84.9
Rodolfo Duran,C,FA,24.5,1.75,14.0,,,,,,,,,0.0,0.0,11.76,,4.0,1.0,0.0,,,0.0,0.0,17.07,0.0,9.0,1.11,1.0,2.14,1.22,20.0,3.0,21.54,85.71,14.0,1.71,2.0,,,,,
Tyler Tolbert,CF,FA,24.0,1.71,14.035087719298247,,,,,,,,,0.0,0.0,35.71,,3.0,1.0,1.0,,,0.0,0.0,35.29,,6.0,0.67,2.0,,,0.0,0.0,35.29,,6.0,0.67,2.0,0.33,1.72,2.4,31.3,100.0
Chadwick Tromp,C,FA,23.0,1.92,11.979166666666668,,,,,,,,,0.0,0.0,42.86,,4.0,2.0,0.0,-2.39,-2.51,0.0,0.0,55.0,50.0,10.0,2.1,1.0,-2.77,-2.9,0.0,0.0,50.0,40.0,12.0,2.08,1.0,,,,,
Hayden Senger,C,FA,22.5,3.21,7.009345794392523,,,,,,,,,0.0,0.0,46.15,100.0,2.0,2.5,1.0,,,0.0,0.0,46.67,50.0,3.0,2.33,1.0,,,0.0,0.0,46.67,75.0,7.0,2.14,2.0,-2.52,-2.83,3.8,39.0,57.9
Garrett Stubbs,C,FA,20.0,1.82,10.989010989010989,,,,,,,,,0.0,0.0,40.0,100.0,2.0,1.5,0.0,,,0.0,0.0,40.0,100.0,2.0,1.5,0.0,,,0.0,0.0,50.0,50.0,5.0,1.0,1.0,,,,,
Vidal Brujan,3B,FA,16.5,2.36,6.991525423728814,,,,,,,,,0.0,0.0,28.57,,3.0,1.33,1.0,,,0.0,0.0,28.57,,4.0,1.0,1.0,,,0.0,0.0,20.0,,7.0,1.14,4.0,0.29,2.19,0.0,27.3,100.0
Tyler Callihan,LF,FA,14.0,4.67,2.9978586723768736,,,,,,,,,0.0,0.0,0.0,100.0,2.0,0.5,1.0,,,0.0,0.0,16.67,100.0,3.0,1.0,1.0,,,0.0,0.0,16.67,100.0,3.0,1.0,1.0,,,,,
Oliver Dunn,2B,FA,13.5,1.69,7.988165680473373,,,,,,,,,0.0,0.0,33.33,100.0,3.0,1.33,1.0,,,0.0,0.0,28.57,66.67,7.0,1.57,3.0,,,0.0,0.0,28.57,66.67,8.0,1.38,4.0,-0.77,0.61,0.0,15.9,66.7
Cesar Salazar,C,FA,10.5,1.17,8.974358974358974,,,,,,,,,0.0,0.0,20.0,100.0,2.0,1.0,0.0,,,0.0,0.0,21.74,100.0,4.0,1.75,0.0,-0.53,0.28,0.0,0.0,27.78,75.0,9.0,2.0,0.0,,,,,
Aramis Garcia,C,FA,7.0,1.17,5.982905982905983,,,,,,,,,0.0,0.0,50.0,100.0,1.0,2.0,0.0,,,0.0,0.0,45.0,100.0,3.0,3.33,1.0,,,0.0,0.0,45.0,100.0,3.0,3.33,1.0,,,,,
Steward Berroa,RF,FA,5.5,1.83,3.0054644808743167,,,,,,,,,0.0,0.0,50.0,50.0,3.0,1.33,0.0,,,0.0,0.0,50.0,50.0,3.0,1.33,0.0,,,0.0,0.0,50.0,50.0,3.0,1.33,0.0,,,,,
Jonah Cox,CF,FA,3.0,0.6,5.0,,,,,,,,,0.0,0.0,55.56,0.0,5.0,1.2,1.0,,,0.0,0.0,55.56,0.0,5.0,1.2,1.0,,,0.0,0.0,55.56,0.0,5.0,1.2,1.0,,,,,
Cody Freeman,2B,FA,1.5,1.5,1.0,,,,,,,,,0.0,0.0,60.0,100.0,1.0,2.0,0.0,,,0.0,0.0,60.0,100.0,1.0,2.0,0.0,,,0.0,0.0,60.0,100.0,1.0,2.0,0.0,-1.35,-1.17,4.2,34.8,71.4
Samad Taylor,2B,FA,-1.0,-1.0,1.0,,,,,,,,,0.0,0.0,0.0,100.0,1.0,2.0,0.0,,,0.0,0.0,0.0,100.0,1.0,2.0,0.0,,,0.0,0.0,0.0,100.0,1.0,2.0,0.0,,,,,
Buddy Kennedy,2B,FA,-2.0,-0.67,2.9850746268656714,,,,,,,,,0.0,0.0,41.67,75.0,3.0,1.33,0.0,,,0.0,0.0,41.67,75.0,3.0,1.33,0.0,,,0.0,0.0,41.67,75.0,3.0,1.33,0.0,,,,,
Jase Bowen,CF,FA,-2.5,-0.83,3.0120481927710845,,,,,,,,,0.0,0.0,64.29,0.0,3.0,2.67,0.0,,,0.0,0.0,64.29,0.0,3.0,2.67,0.0,,,0.0,0.0,64.29,0.0,3.0,2.67,0.0,,,,,
Sandy Leon,C,FA,-5.0,-0.33,15.15151515151515,,,,,,,,,0.0,0.0,35.71,,4.0,1.5,0.0,-0.63,0.01,0.0,0.0,44.44,100.0,8.0,1.62,0.0,-0.79,-0.09,0.0,0.0,41.18,87.5,14.0,2.0,0.0,,,,,
Nathan Church,CF,FA,226.5,5.03,45.029821073558644,3.2422958057395146,-0.51,-1.11,9.6,45.8,80.5,,,,,,,,,,,,,,,,,,,-0.96,-0.72,2.78,1.0,44.44,78.95,13.0,3.46,3.0,-1.11,-0.42,2.4,36.6,82.4
Jonny DeLuca,CF,FA,224.5,5.48,40.96715328467153,2.9047661469933184,-0.94,-0.43,3.2,37.6,78.1,,,,,,,,,,,,0.0,0.0,37.5,50.0,1.0,3.0,0.0,-0.85,-0.17,0.0,0.0,36.0,77.78,14.0,3.29,4.0,-2.92,-3.1,2.3,37.3,52.6
Trevor Story,SS,FA,194.0,4.73,41.014799154334035,4.022938144329897,-1.85,-1.86,3.6,44.0,68.4,,,,,,,,,,,,,,,,,,,-0.63,-0.87,7.14,1.0,41.79,71.43,7.0,3.71,3.0,-0.12,-0.58,9.9,35.3,78.9
Hyeseong Kim,2B,FA,178.5,4.15,43.01204819277108,2.696918767507003,-0.86,-0.35,3.4,29.2,67.6,,,,,,,,,,,,0.0,0.0,39.13,66.67,5.0,2.4,3.0,-0.77,-0.47,2.94,1.0,33.04,66.67,18.0,2.83,7.0,-1.46,-1.01,2.7,35.3,73.9
Joey Wiemer,RF,FA,156.5,4.89,32.0040899795501,2.187220447284345,0.46,0.25,10.0,26.3,71.4,,,,,,,,,,,,,,,,,,,,,0.0,0.0,20.93,50.0,7.0,1.71,3.0,0.21,-1.13,14.7,35.9,73.3
Brandon Lockridge,LF,FA,156.5,5.59,27.996422182468695,3.036102236421725,-0.94,-0.12,1.7,29.8,71.4,,,,,,,,,,,,,,,,,,,,,0.0,0.0,50.0,,2.0,1.5,1.0,-1.04,-0.43,2.9,33.6,78.3
Josh Lowe,RF,FA,141.0,3.13,45.04792332268371,2.774822695035461,-0.13,-0.22,8.0,37.0,80.0,,,,,,,,,,,,,,,,,,,-0.37,-0.17,4.76,1.0,45.33,92.31,12.0,2.58,1.0,-0.7,-0.58,5.9,37.1,81.3
Alek Thomas,CF,FA,135.0,4.82,28.008298755186722,3.356148148148148,-0.35,-0.66,8.6,42.5,81.8,,,,,,,,,,,,,,,,,,,,,33.33,1.0,42.86,100.0,2.0,2.0,0.0,-0.79,-1.13,7.8,35.0,72.2
Yainer Diaz,C,FA,133.5,5.13,26.023391812865498,3.881123595505618,-0.77,-0.22,3.4,42.9,88.0,,,,,,,,,,,,,,,,,,,,,,,,,,,,-0.66,-1.32,9.6,44.4,82.5
Tyrone Taylor,CF,FA,132.5,3.08,43.01948051948052,2.254792452830189,-1.5,-1.86,6.1,40.0,62.9,,,,,,,,,,,,0.0,0.0,45.0,100.0,4.0,1.75,1.0,-0.4,-1.01,10.34,3.0,44.93,73.33,16.0,2.25,4.0,-0.84,-0.33,3.8,30.4,75.2
Yoan Moncada,3B,FA,126.0,3.07,41.042345276872965,2.7045238095238093,-0.61,-0.86,7.7,21.1,50.0,,,,,,,,,,,,,,,,,,,-1.17,-0.62,0.0,0.0,24.39,50.0,8.0,2.12,0.0,1.52,0.91,14.3,24.3,81.3
Lourdes Gurriel Jr.,LF,FA,124.0,4.96,25.0,3.68,-1.33,-1.73,6.7,40.5,65.2,,,,,,,,,,,,50.0,1.0,57.14,,1.0,1.0,0.0,-1.08,-1.59,7.69,3.0,45.54,61.54,13.0,3.69,3.0,-0.56,-0.65,7.2,34.5,77.0
Max Muncy,3B,FA,122.5,4.71,26.008492569002122,3.53730612244898,0.04,-0.85,12.3,37.4,72.4,,,,,,,,,,,,,,,,,,,,,,,,,,,,0.38,0.12,10.1,31.1,81.3
Luis Campusano,C,FA,118.5,6.58,18.009118541033434,2.887426160337553,0.03,-0.56,10.8,35.3,73.3,,,,,,,,,,,,,,,,,,,,,,,,,,,,,,,,
Matt Wallner,RF,FA,112.5,3.31,33.987915407854985,3.530666666666667,0.37,0.03,10.4,31.6,75.8,,,,,,,,,,,,,,,,,,,,,16.67,1.0,41.03,100.0,5.0,3.4,2.0,1.61,1.13,13.9,28.4,89.3
Lenyn Sosa,2B,FA,107.0,2.68,39.92537313432835,2.830280373831776,-3.14,-4.19,5.6,50.0,46.4,,,,,,,,,,-0.99,-0.51,0.0,0.0,25.81,50.0,4.0,2.5,2.0,-1.98,-1.78,0.0,0.0,47.13,60.0,14.0,2.5,3.0,-1.57,-2.86,10.4,41.0,60.3
Jake Fraley,RF,FA,106.0,3.79,27.96833773087071,2.9318867924528305,0.69,0.82,8.9,21.9,72.7,,,,,,,,,,,,,,,,,,,,,16.67,1.0,28.0,0.0,3.0,3.67,1.0,-0.21,0.35,5.0,26.6,78.0
Josh Smith,SS,FA,105.0,3.39,30.973451327433626,2.9702857142857146,-0.29,0.06,5.5,30.7,75.0,,,,,,,,,,,,,,,,,,,,,,,,,,,,-0.47,-0.04,5.0,25.8,72.4
Javier Baez,SS,FA,102.5,4.27,24.00468384074942,3.249365853658536,-2.14,-2.21,3.2,50.9,73.3,,,,,,,,,,,,,,,,,,,,,,,,,,,,-2.33,-2.92,5.5,46.1,66.4
Davis Schneider,LF,FA,99.5,2.62,37.97709923664122,1.8695477386934674,1.0,1.09,9.8,19.7,73.3,,,,,,,,,,,,0.0,0.0,0.0,100.0,2.0,1.0,0.0,-0.25,0.67,0.0,0.0,27.66,83.33,11.0,1.82,0.0,1.78,1.36,14.0,20.8,81.8
Jake Cronenworth,2B,FA,97.5,3.05,31.9672131147541,3.0343589743589745,-0.13,0.3,5.5,25.5,71.0,,,,,,,,,,,,,,,,,,,,,,,,,,,,-0.25,0.03,6.2,22.2,68.4
Everson Pereira,CF,FA,96.5,5.36,18.00373134328358,3.5548186528497414,0.24,-0.37,11.4,42.1,85.0,,,,,,,,,,,,,,,,,,,,,,,,,,,,0.65,1.0,7.9,23.5,81.3
KeBryan Hayes,3B,FA,96.0,2.18,44.03669724770642,2.725,-0.08,-0.43,9.4,29.3,66.7,,,,,,,,,,,,,,,,,,,-0.61,0.17,0.0,0.0,34.78,83.33,12.0,2.42,3.0,-0.58,-0.11,4.6,27.0,73.2
Leo Rivas,2B,FA,95.0,2.5,38.0,2.6052631578947367,0.42,1.93,1.5,17.7,81.4,,,,,,,,,,,,,,,,,,,,,0.0,0.0,0.0,75.0,7.0,1.57,1.0,1.25,2.96,3.0,8.1,83.3
Graham Pauley,3B,FA,91.5,2.77,33.03249097472924,2.573224043715847,0.0,0.99,3.1,25.1,79.3,,,,,,,,,,,,0.0,0.0,41.67,100.0,5.0,2.0,0.0,,,0.0,0.0,41.67,100.0,5.0,2.0,0.0,-0.65,-0.41,5.5,27.8,70.8
Dustin Harris,LF,FA,90.0,5.29,17.013232514177695,2.5274444444444444,-1.83,-1.09,0.0,31.7,61.5,,,,,,,,,,,,,,,,,,,,,,,,,,,,-1.11,-0.71,3.7,32.2,73.3
Joey Loperfido,LF,FA,86.5,4.32,20.023148148148145,2.896647398843931,-0.32,0.13,5.0,31.2,76.5,,,,,,,,,,,,,,,,,,,,,,,,,,,,-0.37,-0.04,5.7,34.0,83.3
Ramon Urias,3B,FA,77.0,3.08,25.0,2.28,1.02,0.9,10.9,25.4,78.6,,,,,,,,,,,,,,,,,,,,,,,,,,,,0.31,0.45,8.1,27.6,80.4
Joey Bart,C,FA,76.0,3.62,20.994475138121548,2.7626315789473685,-0.94,-1.39,7.9,32.6,58.8,,,,,,,,,,,,,,,,,,,,,11.11,1.0,28.0,75.0,3.0,4.0,4.0,0.43,0.14,10.4,23.2,71.0
Andrew McCutchen,DH,FA,75.5,2.04,37.009803921568626,1.972450331125828,0.82,1.64,5.8,20.5,81.5,,,,,,,,,,,,0.0,0.0,5.88,80.0,4.0,2.25,1.0,0.63,1.93,0.0,0.0,10.0,83.33,14.0,1.79,3.0,1.32,1.9,8.4,20.7,87.9
Bo Naylor,C,FA,69.0,2.46,28.04878048780488,2.994782608695652,0.78,0.42,11.5,25.6,72.7,,,,,,,,,,,,,,,,,,,,,25.0,1.0,41.67,40.0,1.0,5.0,1.0,0.47,0.35,9.7,25.5,76.5
James Outman,CF,FA,64.5,1.34,48.134328358208954,1.288062015503876,-0.69,0.6,0.0,31.0,82.4,,,,0.0,0.0,50.0,5.0,0.2,0.0,,,0.0,0.0,25.0,50.0,10.0,0.8,0.0,-0.8,-0.1,0.0,0.0,34.94,77.78,22.0,1.41,3.0,1.46,0.26,16.9,28.4,79.3
Weston Wilson,LF,FA,63.5,3.02,21.026490066225165,1.8548031496062993,-0.42,0.24,3.7,27.3,72.7,,,,,,,,,,,,0.0,0.0,7.69,50.0,4.0,1.5,0.0,-0.43,0.42,0.0,0.0,14.29,57.14,11.0,2.0,1.0,0.81,0.72,10.3,24.9,80.0
Bryce Teodosio,CF,FA,53.0,1.56,33.97435897435897,1.3833962264150945,0.25,0.61,6.7,38.9,93.3,,,,,,,,,,,,,,,,,,,,,0.0,0.0,46.67,75.0,6.0,2.33,3.0,-0.64,-0.14,4.3,38.4,88.0
Jarred Kelenic,LF,FA,52.5,2.76,19.021739130434785,2.786285714285714,2.21,-0.07,24.2,27.1,68.4,,,,,,,,,,,,50.0,1.0,33.33,100.0,2.0,2.0,1.0,1.7,-0.26,26.09,6.0,28.57,64.29,14.0,2.86,3.0,1.05,0.38,13.5,27.0,78.9
Austin Hays,LF,FA,52.0,4.33,12.009237875288683,3.580576923076923,-1.92,-1.9,3.3,39.4,61.5,,,,,,,,,,,,,,,,,,,,,,,,,,,,0.0,-0.52,10.5,34.4,78.3
Bryce Johnson,LF,FA,51.0,1.82,28.021978021978022,1.1776470588235295,-1.67,-0.86,0.0,33.3,66.7,,,,0.0,50.0,,2.0,2.0,0.0,,,0.0,0.0,50.0,,5.0,1.4,0.0,,,0.0,0.0,38.46,100.0,9.0,1.33,1.0,-0.11,0.5,5.0,28.8,82.6
Connor Joe,1B,FA,49.5,2.75,18.0,1.8333333333333333,0.97,1.19,9.1,23.7,80.0,,,,,,,,,,,,,,,,,,,,,0.0,0.0,19.57,50.0,9.0,1.56,0.0,-0.39,-0.11,5.9,19.5,63.2
Elias Diaz,C,FA,49.5,4.95,10.0,,,,,,,,,,,,,,,,,,,,,,,,,,,14.29,1.0,44.44,75.0,6.0,1.83,1.0,-0.13,-0.09,7.6,30.3,77.8
James McCann,C,FA,49.5,2.25,22.0,2.6818181818181817,-1.78,-2.42,6.8,45.8,63.6,,,,,,,,,,,,,,,,,,,,,10.0,1.0,25.0,66.67,4.0,2.25,0.0,-0.39,-0.48,7.6,32.7,76.6
Jorge Polanco,DH,FA,48.0,3.43,13.994169096209912,4.001666666666667,-0.59,-0.16,4.4,32.8,75.0,,,,,,,,,,,,,,,,,,,,,,,,,,,,0.42,0.14,10.3,26.9,76.0
Travis dArnaud,C,FA,46.5,3.32,14.006024096385543,2.4989247311827953,0.9,0.03,14.3,28.4,71.4,,,,,,,,,,,,,,,,,,,,,50.0,1.0,,,1.0,2.0,1.0,0.33,-0.24,11.4,32.4,78.9
George Valera,RF,FA,43.5,3.35,12.985074626865671,2.849425287356322,-0.44,0.97,0.0,40.4,100.0,,,,,,,,,,,,,,,,,,,,,,,,,,,,-0.74,-0.13,3.6,22.3,66.7
Gabriel Arias,SS,FA,39.5,3.95,10.0,3.0,1.5,0.42,16.7,29.4,77.8,,,,,,,,,,,,,,,,,,,,,,,,,,,,0.1,-0.55,11.3,38.9,84.0
Austin Slater,LF,FA,39.0,1.86,20.96774193548387,2.050769230769231,-0.89,-0.4,3.4,25.9,62.5,,,,,,,,,,,,,,,,,,,,,0.0,0.0,19.23,100.0,4.0,2.75,2.0,1.15,0.26,14.7,28.2,79.1
Eloy Jimenez,RF,FA,36.5,3.04,12.006578947368421,2.581917808219178,0.2,1.1,4.0,39.2,100.0,,,,,,,,,,,,,,,,,,,,,,,,,,,,,,,,
Tanner Murray,3B,FA,36.5,2.81,12.98932384341637,,,,,,,,,,,,,,,,,,,,,,,,,,,,,,,,,,,,,,
Yohel Pozo,C,FA,33.5,1.86,18.01075268817204,1.8322388059701495,-2.84,-2.6,0.0,53.2,71.4,,,,,,,,,,,,0.0,0.0,100.0,100.0,3.0,1.67,0.0,,,0.0,0.0,61.9,100.0,9.0,1.78,0.0,-2.04,-1.77,2.2,48.0,82.1
Enrique Hernandez,1B,FA,30.5,15.25,2.0,,,,,,,,,,,,,,,,,,50.0,2.0,42.86,,2.0,2.0,2.0,,,50.0,2.0,42.86,,2.0,2.0,2.0,0.24,0.05,9.5,32.0,81.7
Andy Ibanez,3B,FA,26.0,1.86,13.978494623655914,,,,,,,,,,,,,,,,,,,,,,,,,,,0.0,0.0,75.0,100.0,2.0,2.0,0.0,0.1,0.9,4.6,29.8,88.5
Billy Cook,CF,FA,25.0,0.78,32.05128205128205,,,,,,,,,,,,,,,,,,,,,,,,,,,0.0,0.0,40.0,100.0,9.0,0.89,0.0,,,,,
Jose Trevino,C,FA,24.5,1.75,14.0,,,,,,,,,,,,,,,,,,,,,,,,,,,0.0,0.0,63.64,100.0,4.0,2.5,2.0,-1.49,-1.44,4.5,32.2,64.8
Ronny Mauricio,3B,FA,24.0,2.4,10.0,3.2,-1.73,-3.0,10.0,53.6,66.7,,,,,,,,,,,,,,,,,,,,,,,,,,,,-0.85,-1.45,8.9,39.9,75.0
Felix Reyes,LF,FA,24.0,2.0,12.0,3.1666666666666665,-2.46,-3.45,6.9,52.9,60.0,,,,,,,,,,,,,,,,,,,,,12.5,1.0,43.75,,4.0,2.5,0.0,,,,,
Kyle Farmer,2B,FA,23.5,2.35,10.0,,,,,,,,,,,,,,,,,,,,,,,,,,,,0.0,100.0,,2.0,1.0,0.0,-1.27,-1.49,6.2,29.9,61.2
Rece Hinds,RF,FA,23.5,1.96,11.989795918367347,2.752340425531915,-1.88,-1.18,0.0,42.4,75.0,,,,,,,,,,,,,,,,,,,,,,,,,,,,1.15,-0.48,18.2,39.6,85.7
Shay Whitcomb,2B,FA,21.5,1.54,13.96103896103896,,,,,,,,,,,,,,,,,,,,,,,,,,,0.0,0.0,57.14,,4.0,1.0,0.0,-0.18,0.51,4.5,29.9,84.2
Jose Azocar,LF,FA,21.5,2.39,8.99581589958159,,,,,,,,,,,,,,,,,,,,,,,,,,,0.0,0.0,37.93,83.33,7.0,1.86,1.0,,,,,
Will Wilson,3B,FA,19.0,9.5,2.0,,,,,,,,,,,,,,,,,,,,,,,,,,,,,,,,,,-0.47,0.62,2.0,34.8,92.0
Jared Jones,1B,FA,18.75,18.75,1.0,,,,,,,,,,,,,,,,,,,,,,,,,,,,,,,,,,,,,,
Ryan Mountcastle,1B,FA,15.5,1.94,7.989690721649485,,,,,,,,,,,,,,,,,,,,,,,,,,,,,,,,,,0.25,-0.43,11.7,39.4,86.1
Eric Wagaman,1B,FA,13.0,4.33,3.0023094688221708,,,,,,,,,,,,,,,,,,33.33,1.0,12.5,100.0,3.0,1.33,1.0,,,33.33,1.0,12.5,100.0,3.0,1.33,1.0,-0.07,0.17,6.8,25.7,74.7
Austin Wynns,C,FA,11.5,0.82,14.02439024390244,2.780869565217391,-0.82,-0.97,6.7,41.6,76.5,,,,,,,,,,,,,,,,,,,,,,,,,,,,0.35,0.19,9.6,29.5,80.0
Scott Kingery,2B,FA,11.5,1.44,7.986111111111112,,,,,,,,,,,,,,,,,,,,,,,,,,,,,,,,,,,,,,
Jerar Encarnacion,RF,FA,11.5,0.68,16.91176470588235,2.0104347826086957,-2.85,-4.19,7.7,43.4,37.5,,,,,,,,,,,,,,,,,,,,,,,,,,,,-0.47,-0.03,5.0,32.4,81.3
Dylan Moore,2B,FA,11.0,0.73,15.068493150684931,,,,,,,,,,,,,,,,,,,,,,,,,,,,,,,,,,0.67,0.88,8.6,24.9,81.8
Alec Gamboa,P,FA,9.0,9.0,1.0,,,,,,,,,,,,,,,,,,,,,,,,,,,,,,,,,,,,,,
Daniel Johnson,CF,FA,8.0,1.0,8.0,,,,,,,,,,,,,,,,,,,,,,,,,,,,,,,,,,0.3,-0.52,12.5,33.0,76.5
Jeimer Candelario,3B,FA,8.0,1.14,7.017543859649123,,,,,,,,,,,,,,,,,,,,,,,,,,,,,,,,,,-1.4,-1.97,7.5,29.8,55.6
Jared Oliva,RF,FA,7.5,1.07,7.009345794392523,,,,,,,,,,,,,,,,,,,,,,,,,,,,,,,,,,,,,,
Jace Jung,3B,FA,7.5,2.5,3.0,,,,,,,,,,,,,,,,,,,,,,,,,,,0.0,0.0,0.0,100.0,1.0,2.0,0.0,-1.25,-0.81,3.2,26.9,65.0
Sam Huff,C,FA,7.5,2.5,3.0,,,,,,,,,,,,,,,,,,,,,,,,,,,,,,,,,,1.15,0.46,13.8,24.3,76.2
Luis Matos,RF,FA,6.0,0.67,8.955223880597014,,,,,,,,,,,,,,,,,,,,,,,,,,,,,,,,,,-1.54,-2.17,7.5,37.7,63.8
Michael Stefanic,2B,FA,6.0,3.0,2.0,,,,,,,,,,,,,,,,,,,,,,,,,,,0.0,0.0,33.33,33.33,2.0,2.5,1.0,,,,,
Greg Jones,RF,FA,5.0,0.45,11.11111111111111,,,,,,,,,,,,,,,,,,,,,,,,,,,,,,,,,,,,,,
Christian Koss,2B,FA,5.0,0.5,10.0,,,,,,,,,,,,,,,,,,,,,,,,,,,0.0,0.0,57.14,,2.0,0.5,1.0,-0.9,-0.9,6.0,34.4,74.0
Johnathan Rodriguez,RF,FA,5.0,1.0,5.0,,,,,,,,,,,,,,,,,,,,,,,,,,,,,,,,,,0.27,0.82,6.1,29.3,87.0
Carlos Santana,1B,FA,4.5,0.56,8.035714285714285,,,,,,,,,,,,,,,,,,,,,,,,,,,,,,,,,,0.04,0.75,4.9,25.0,80.4
Deyvison De Los Santos,3B,FA,3.5,1.17,2.9914529914529915,,,,,,,,,,,,,,,,,,,,,,,,,,,,,,,,,,,,,,
Stuart Fairchild,RF,FA,2.5,0.83,3.0120481927710845,,,,,,,,,,0.0,46.67,,3.0,2.33,0.0,,,,0.0,46.67,,3.0,2.33,0.0,,,,0.0,46.67,,3.0,2.33,0.0,2.64,2.66,13.9,19.0,94.4
Luke Williams,SS,FA,2.0,1.0,2.0,,,,,,,,,,,,,,,,,,,,,,,,,,,,,,,,,,0.78,1.93,4.5,29.5,100.0
Jeferson Quero,C,FA,2.0,2.0,1.0,,,,,,,,,,,,,,,,,,,,,,,,,,,,,,,,,,,,,,
Logan Porter,C,FA,2.0,2.0,1.0,,,,,,,,,,,,,,,,,,,,,,,,,,,,,,,,,,,,,,
Ryan Ritter,SS,FA,1.5,0.25,6.0,,,,,,,,,,,,,,,,,,,,,,,,,,,,,,,,,,-1.11,-0.24,1.5,33.4,80.3
Omar Martinez,C,FA,1.5,0.3,5.0,,,,,,,,,,,,,,,,,,,,,,,,,,,0.0,0.0,28.57,,5.0,0.6,0.0,,,,,
Will Brennan,RF,FA,1.0,0.09,11.11111111111111,,,,,,,,,,,,,,,,,,0.0,0.0,66.67,100.0,3.0,1.67,0.0,,,0.0,0.0,50.0,83.33,6.0,2.33,0.0,,,,,
Brett Harris,3B,FA,1.0,0.2,5.0,,,,,,,,,,,,,,,,,,,,,,,,,,,0.0,0.0,0.0,,3.0,0.33,0.0,0.31,1.41,3.7,22.7,85.0
Jim Jarvis,SS,FA,0.5,0.25,2.0,,,,,,,,,,,,,,,,,,,,,,,,,,,0.0,0.0,30.77,100.0,2.0,2.5,0.0,,,,,
Dylan Carlson,LF,FA,0.0,0.0,,,,,,,,,,,,,,,,,,,,,,,,,,,,,,,,,,,0.73,1.38,6.7,19.4,80.2
Luken Baker,1B,FA,-0.5,-0.17,2.941176470588235,,,,,,,,,,,,,,,,,,,,,,,,,,,,,,,,,,0.44,0.6,8.3,20.5,72.7
Maverick Handley,C,FA,-1.0,-1.0,1.0,,,,,,,,,,,,,,,,,,,,,,,,,,,,0.0,66.67,,1.0,1.0,0.0,0.07,1.86,0.0,25.7,94.1
Anthony Seigler,C,FA,-1.0,-1.0,1.0,,,,,,,,,,,,,,,,,,,,,,,,,,,,,,,,,,-0.52,0.53,2.1,17.9,68.4
Otto Kemp,3B,FA,-2.0,-0.15,13.333333333333334,,,,,,,,,,,,,,,,,,,,,,,,,,,0.0,0.0,22.22,66.67,3.0,1.67,0.0,1.04,0.68,12.1,29.6,85.7
Ryan Bliss,2B,FA,-2.0,-2.0,1.0,,,,,,,,,,,,,,,,,,,,,,,,,,,,,,,,,,1.85,1.79,12.5,21.3,87.5
Sean Murphy,C,FA,-2.5,-0.62,4.032258064516129,,,,,,,,,,,,,,,,,,,,,,,,,,,0.0,0.0,64.71,100.0,3.0,3.67,1.0,1.18,0.59,13.4,25.9,79.8
Tommy Pham,LF,FA,-3.0,-0.33,9.09090909090909,,,,,,,,,,,,,,,,,,,,,,,,,,,,,,,,,,0.41,0.92,6.6,19.9,75.6
Cesar Prieto,2B,FA,-3.0,-0.5,6.0,,,,,,,,,,,,,,,,,,0.0,0.0,57.14,100.0,1.0,5.0,0.0,,,6.67,1.0,38.89,66.67,6.0,2.83,0.0,,,,,
Nick Morabito,CF,FA,-10.0,-2.0,5.0,,,,,,,,,,,,,,,,,,0.0,0.0,40.0,0.0,3.0,2.33,0.0,,,0.0,0.0,50.0,33.33,5.0,2.2,0.0,,,,,
