Player,Position,Status,FPts,FP/G,p_game,p_save,p_hold,IP_per_Game,p_era,pitching_score,command_score,whiff_percent,bb_percent,meatball_percent,pitching_score_7d,command_score_7d,whiff_percent_7d,bb_percent_7d,meatball_percent_7d,p_game_7d,p_save_7d,p_hold_7d,IP_per_Game_7d,pitching_score_14d,command_score_14d,whiff_percent_14d,bb_percent_14d,meatball_percent_14d,p_game_14d,p_save_14d,p_hold_14d,IP_per_Game_14d,pitching_score_30d,command_score_30d,whiff_percent_30d,bb_percent_30d,meatball_percent_30d,p_game_30d,p_save_30d,p_hold_30d,IP_per_Game_30d,pitching_score_2025,command_score_2025,whiff_percent_2025,bb_percent_2025,meatball_percent_2025
Alex Vesia,RP,FA,207.25,7.97,26.0,2.0,8.0,0.8,2.21,1.87,0.58,37.0,12.5,4.8,2.94,0.78,61.54,16.67,0.0,3.0,0.0,2.0,0.56,2.09,0.72,44.44,15.38,1.61,5.0,0.0,4.0,0.67,1.54,0.63,35.9,11.43,4.35,12.0,0.0,5.0,0.72,0.87,0.2,30.7,9.3,7.4
Brandon Pfaadt,SP,FA,159.0,13.25,12.0,0.0,2.0,3.1,5.59,0.23,0.43,24.8,9.3,6.4,2.79,1.95,46.15,0.0,0.0,1.0,0.0,0.0,1.67,1.35,1.6,26.09,0.0,3.7,2.0,0.0,1.0,1.67,0.63,1.03,21.05,2.94,5.93,5.0,0.0,2.0,1.53,0.0,0.67,22.1,4.8,8.5
William Kempner,RP,FA,21.5,7.17,,,,,,,,,,,2.34,1.95,38.89,0.0,0.0,2.0,0.0,0.0,1.17,,,38.89,0.0,0.0,2.0,0.0,0.0,1.17,,,36.36,0.0,0.0,3.0,0.0,0.0,1.11,,,,,
Tyler Kinley,RP,FA,198.5,7.09,28.0,0.0,7.0,0.9,3.16,0.57,0.63,26.4,8.4,6.4,1.87,1.95,31.25,0.0,0.0,3.0,0.0,1.0,1.0,2.77,2.39,38.46,0.0,0.0,5.0,0.0,1.0,1.0,0.36,0.61,21.31,2.5,7.69,11.0,0.0,1.0,0.88,0.58,-0.3,31.2,10.7,7.7
Enmanuel De Jesus,SP,FA,142.0,8.35,17.0,1.0,0.0,1.5,4.97,0.73,1.49,22.9,9.8,4.2,1.74,1.44,34.78,0.0,2.86,1.0,1.0,0.0,4.0,2.14,1.83,34.78,0.0,2.63,3.0,1.0,0.0,2.22,1.34,1.42,26.67,5.66,3.5,9.0,1.0,0.0,1.63,,,,,
Dennis Santana,RP,FA,144.0,5.33,27.0,2.0,4.0,0.9,5.47,-0.74,-1.07,25.4,12.3,8.0,1.63,0.95,38.46,14.29,0.0,2.0,0.0,1.0,0.5,0.55,-0.15,31.11,19.23,4.12,5.0,0.0,1.0,0.87,0.41,0.58,22.12,11.32,4.57,12.0,0.0,2.0,0.83,0.31,0.09,27.3,6.3,8.9
Luis Medina,SP,FA,147.0,8.17,18.0,0.0,2.0,1.4,2.88,0.74,0.17,30.3,10.5,6.4,1.62,0.46,43.75,9.09,4.76,2.0,0.0,0.0,1.5,0.87,0.18,32.56,7.69,7.29,4.0,0.0,0.0,1.58,0.76,0.01,31.25,7.84,7.96,9.0,0.0,2.0,1.37,,,,,
Erik Miller,RP,FA,167.5,8.82,19.0,2.0,7.0,0.9,4.15,0.62,-0.42,32.6,17.3,4.7,1.59,1.95,26.67,0.0,0.0,2.0,0.0,1.0,1.0,0.94,0.71,28.57,10.53,3.61,5.0,0.0,2.0,1.0,0.37,-0.47,30.43,25.93,3.12,7.0,0.0,3.0,0.86,0.74,0.02,30.7,15.6,5.0
George Soriano,RP,FA,207.75,7.99,26.0,2.0,9.0,0.9,2.92,0.76,0.04,31.2,9.9,6.9,1.59,1.04,36.84,0.0,5.13,3.0,0.0,1.0,1.0,,,34.78,0.0,4.26,4.0,0.0,1.0,1.0,1.4,0.66,33.93,2.86,7.38,10.0,1.0,4.0,0.93,-0.64,-0.98,26.0,11.0,8.8
Luke Weaver,RP,FA,179.25,7.47,24.0,0.0,7.0,1.1,2.77,0.79,1.02,26.0,7.6,6.0,1.49,1.95,25.0,0.0,0.0,2.0,0.0,0.0,1.17,0.56,1.39,17.14,4.76,2.78,5.0,0.0,2.0,1.13,0.4,0.71,20.88,8.51,5.08,10.0,0.0,3.0,1.17,1.32,0.77,31.0,7.6,7.1
Peyton Gray,RP,FA,107.25,8.94,12.0,0.0,2.0,1.4,3.57,0.41,0.22,27.4,8.8,7.0,1.44,0.99,35.0,0.0,5.41,3.0,0.0,1.0,0.89,1.02,0.95,27.5,0.0,6.76,4.0,0.0,1.0,1.17,0.7,0.44,26.88,3.77,7.85,8.0,0.0,2.0,1.46,,,,,
Tyler Holton,RP,FA,140.0,5.38,26.0,0.0,4.0,1.0,4.23,0.26,0.53,24.5,6.9,7.2,1.44,0.67,38.46,0.0,7.14,2.0,0.0,0.0,1.0,2.15,1.51,37.84,0.0,4.11,4.0,0.0,1.0,1.17,1.27,1.09,28.57,0.0,6.78,11.0,0.0,2.0,1.18,0.65,1.07,24.6,5.4,7.5
Keegan Thompson,RP,FA,21.5,7.17,,,,,,,,,,,1.42,0.9,35.71,0.0,5.88,2.0,0.0,0.0,1.5,0.19,-0.31,27.66,7.41,9.71,3.0,0.0,0.0,1.89,0.18,-0.41,27.66,7.41,9.71,3.0,0.0,0.0,1.89,,,,,
Juan Morillo,RP,FA,203.75,7.55,27.0,1.0,8.0,0.9,2.52,1.52,0.65,33.8,9.5,5.9,1.41,-0.41,50.0,13.33,7.94,3.0,0.0,0.0,1.11,0.36,-0.37,30.51,17.24,5.97,6.0,0.0,0.0,0.89,0.3,-0.42,29.27,13.64,7.47,11.0,0.0,0.0,0.85,-0.97,-1.56,26.6,13.2,8.9
Mason Black,SP,FA,45.75,6.54,,,,,,,,,,,1.37,1.27,30.77,0.0,3.85,2.0,0.0,0.0,1.0,0.38,0.08,26.67,6.25,8.33,3.0,0.0,0.0,1.33,,,26.67,6.25,8.33,3.0,0.0,0.0,1.33,,,,,
Alex Lange,RP,FA,123.25,5.14,24.0,0.0,1.0,1.1,4.5,0.55,-0.14,30.5,11.9,6.4,1.33,0.52,38.46,0.0,8.0,2.0,0.0,1.0,0.83,,,28.57,0.0,6.67,4.0,0.0,1.0,0.75,0.84,0.92,24.68,6.98,4.88,11.0,0.0,1.0,1.03,,,,,
Codi Heuer,RP,FA,30.75,6.15,,,,,,,,,,,1.31,1.95,22.22,0.0,0.0,2.0,0.0,0.0,0.83,0.66,1.22,20.0,5.0,3.45,4.0,0.0,1.0,1.08,0.96,0.82,26.92,6.9,5.26,5.0,0.0,1.0,1.27,,,,,
Eli Morgan,RP,FA,76.25,5.87,13.0,1.0,0.0,1.2,5.51,-0.33,-0.49,25.5,9.9,7.9,1.3,0.16,41.94,5.88,7.69,3.0,0.0,0.0,1.0,0.75,0.19,30.77,7.41,7.34,5.0,0.0,0.0,1.0,0.58,0.19,27.54,5.56,8.15,6.0,0.0,0.0,1.0,,,,,
Brandon Eisert,RP,FA,62.0,5.64,11.0,0.0,0.0,1.0,3.86,0.68,0.64,27.2,9.8,5.8,1.2,0.64,35.0,0.0,7.32,3.0,0.0,0.0,0.89,0.71,0.51,27.27,4.0,7.21,6.0,0.0,0.0,1.11,0.52,0.19,26.83,10.81,6.21,9.0,0.0,0.0,1.04,1.79,1.23,32.0,8.2,6.0
Enyel De Los Santos,RP,FA,190.75,8.29,23.0,4.0,4.0,1.0,3.33,1.05,0.87,28.9,5.1,7.3,1.19,0.78,33.33,16.67,0.0,2.0,0.0,0.0,0.83,1.62,1.66,29.27,5.26,1.3,5.0,1.0,2.0,1.2,1.1,0.82,28.77,2.7,6.82,10.0,1.0,3.0,1.03,0.53,-0.13,30.0,8.6,8.3
Cionel Perez,RP,FA,104.75,5.82,18.0,0.0,5.0,1.1,5.68,-1.0,-0.98,22.9,13.1,7.5,1.18,-0.29,45.0,0.0,12.5,2.0,0.0,1.0,1.5,,,45.0,0.0,12.5,2.0,0.0,1.0,1.5,,,45.0,0.0,12.5,2.0,0.0,1.0,1.5,-2.16,-2.82,24.6,16.4,9.8
Brock Burke,RP,FA,203.25,6.78,30.0,1.0,7.0,0.9,3.49,0.39,-0.37,30.5,13.7,6.1,1.16,0.99,30.43,8.33,2.13,3.0,0.0,1.0,1.11,0.63,0.5,26.19,13.64,3.33,6.0,0.0,2.0,0.94,-0.27,-0.37,21.62,17.31,5.91,13.0,0.0,5.0,0.95,-1.42,-1.57,23.4,7.0,11.6
Aaron Nola,SP,FA,327.5,27.29,12.0,0.0,0.0,5.1,5.55,0.55,0.66,26.1,6.8,7.0,1.09,0.82,31.11,0.0,6.32,1.0,0.0,0.0,5.0,1.21,0.93,30.23,0.0,6.86,2.0,0.0,0.0,5.5,0.79,0.86,24.52,4.85,5.87,5.0,0.0,0.0,4.87,1.78,2.54,25.2,6.9,4.2
Brayan Bello,SP,FA,209.0,19.0,11.0,0.0,0.0,5.1,5.63,-0.04,-0.12,25.7,8.2,7.9,1.06,0.83,30.56,0.0,6.25,1.0,0.0,0.0,7.0,0.63,0.44,26.83,2.08,8.33,2.0,0.0,0.0,6.0,0.21,0.41,21.08,4.88,7.55,5.0,0.0,0.0,6.07,-0.34,0.58,20.1,8.4,7.1
Sean Newcomb,RP,FA,199.25,8.3,24.0,1.0,3.0,1.5,2.5,-0.24,-0.13,24.2,6.3,8.7,1.05,0.42,35.0,7.14,5.77,2.0,0.0,0.0,2.17,0.87,0.72,27.5,5.0,5.81,3.0,0.0,0.0,2.11,0.96,1.05,25.0,1.75,6.31,9.0,1.0,1.0,1.78,-0.47,0.15,21.4,7.9,8.1
A.J. Blubaugh,RP,FA,191.5,7.98,24.0,0.0,4.0,1.6,4.54,-0.18,-0.8,28.4,13.0,7.2,0.97,0.46,33.33,0.0,8.33,2.0,0.0,1.0,2.0,0.09,0.4,19.64,3.23,8.04,4.0,0.0,1.0,2.0,-0.24,-0.45,22.69,12.31,8.05,10.0,0.0,2.0,1.57,1.31,0.96,30.0,9.6,5.9
Sean Burke,SP,FA,337.5,28.12,12.0,0.0,0.0,5.4,3.72,-0.06,0.79,20.5,6.7,6.8,0.96,0.71,30.43,9.52,3.23,1.0,0.0,0.0,5.33,0.58,0.54,25.27,8.7,5.18,2.0,0.0,0.0,6.17,0.2,0.35,21.46,8.77,6.35,5.0,0.0,0.0,5.13,-0.65,-0.83,25.1,10.6,8.7
Brent Headrick,RP,FA,224.0,7.72,29.0,0.0,7.0,1.0,1.88,0.18,-0.91,31.8,8.9,9.1,0.95,-0.57,44.44,20.0,6.25,2.0,0.0,0.0,1.0,0.59,-0.67,36.59,10.53,10.13,5.0,0.0,1.0,0.8,0.56,-0.29,31.37,10.0,8.29,11.0,0.0,3.0,1.06,1.0,-0.28,34.1,7.6,9.0
A.J. Minter,RP,FA,25.0,6.25,,,,,,,,,,,0.93,-0.03,38.1,10.0,7.14,3.0,0.0,0.0,0.78,1.2,-0.06,39.29,7.14,8.62,4.0,0.0,0.0,0.83,,,39.29,7.14,8.62,4.0,0.0,0.0,0.83,2.59,1.91,34.2,9.3,4.3
Michael Petersen,RP,FA,180.5,8.2,22.0,1.0,7.0,1.0,3.47,-0.95,-1.49,26.1,10.6,9.5,0.91,-0.68,45.0,9.09,11.11,3.0,0.0,2.0,1.0,-0.29,-1.02,27.66,13.04,10.75,6.0,0.0,3.0,0.94,-0.36,-0.76,23.86,11.11,9.66,11.0,0.0,4.0,1.0,0.4,0.85,24.0,8.9,6.4
Tyron Guerrero,RP,FA,43.0,7.17,,,,,,,,,,,0.9,1.36,22.22,0.0,3.33,3.0,0.0,1.0,0.56,0.53,0.48,25.0,4.17,7.29,6.0,0.0,2.0,0.89,0.62,0.55,25.0,4.17,7.29,6.0,0.0,2.0,0.89,,,,,
Anthony Nunez,RP,FA,203.5,7.54,27.0,3.0,6.0,1.0,5.67,2.03,1.07,35.6,9.3,5.2,0.89,-0.6,43.75,30.0,2.44,2.0,0.0,0.0,0.67,1.08,0.66,30.95,14.29,2.33,5.0,1.0,0.0,0.87,1.57,0.4,38.14,11.54,5.16,12.0,2.0,3.0,0.97,,,,,
Mason Fluharty,RP,FA,196.25,6.13,32.0,0.0,7.0,0.7,3.97,0.57,0.08,29.4,9.2,7.1,0.88,1.18,23.81,0.0,4.35,3.0,0.0,0.0,1.0,0.16,0.41,20.51,9.52,5.43,7.0,0.0,1.0,0.71,-0.21,-0.06,19.75,4.76,9.36,14.0,0.0,2.0,0.74,1.43,0.74,31.9,11.2,5.6
Tejay Antone,RP,FA,55.25,5.52,,,,,,,,,,,0.87,-0.63,43.75,22.22,5.71,2.0,0.0,0.0,1.0,0.88,0.12,33.33,16.67,3.92,3.0,0.0,0.0,0.78,0.9,1.01,24.64,7.32,4.4,10.0,1.0,0.0,0.97,,,,,
Dylan Dodd,RP,FA,74.0,10.57,7.0,1.0,0.0,1.5,1.69,1.92,2.77,25.3,2.5,4.8,0.86,1.39,21.05,0.0,3.12,2.0,0.0,0.0,1.0,1.73,1.94,28.07,0.0,2.08,5.0,0.0,0.0,1.33,2.08,2.35,28.07,0.0,2.08,5.0,0.0,0.0,1.33,1.46,0.98,30.9,3.7,8.4
Brandon Young,SP,FA,227.25,28.41,8.0,0.0,0.0,5.4,3.35,-0.56,-0.19,22.0,9.0,7.7,0.85,1.28,22.22,3.7,2.33,1.0,0.0,0.0,6.67,0.2,0.69,18.56,5.45,5.76,2.0,0.0,0.0,6.67,0.15,0.22,21.88,9.92,6.43,5.0,0.0,0.0,5.67,-0.28,0.37,21.6,8.6,7.4
Huascar Brazoban,RP,FA,179.0,6.88,26.0,0.0,4.0,1.2,2.35,1.06,1.39,26.1,10.5,4.1,0.85,1.13,24.0,11.76,0.0,3.0,0.0,2.0,1.22,0.75,1.46,19.05,10.71,0.0,6.0,0.0,3.0,1.06,0.57,0.72,23.0,16.39,2.18,11.0,0.0,3.0,1.27,0.26,0.68,23.9,10.3,6.1
Robert Suarez,RP,FA,273.0,10.5,26.0,4.0,9.0,1.0,0.68,1.21,1.48,26.8,5.0,6.2,0.84,0.9,26.32,0.0,5.88,3.0,0.0,2.0,1.11,0.84,0.95,25.0,0.0,6.76,6.0,0.0,3.0,1.06,1.1,0.9,28.09,6.82,5.03,11.0,0.0,5.0,1.09,-0.2,0.02,24.0,5.9,9.2
Yuki Matsui,RP,FA,89.25,9.92,9.0,0.0,0.0,1.7,0.57,2.24,0.18,42.1,13.1,5.3,0.84,0.69,28.57,6.67,4.44,3.0,0.0,0.0,1.22,0.8,0.69,26.83,9.09,4.29,4.0,0.0,0.0,1.42,1.46,0.22,38.32,12.9,5.33,9.0,0.0,0.0,1.74,0.69,0.03,30.3,12.1,6.5
Jeff Hoffman,RP,FA,274.25,9.79,28.0,5.0,6.0,0.9,6.31,2.31,0.32,41.9,8.1,7.1,0.83,-0.12,37.5,18.18,4.44,2.0,0.0,0.0,0.67,2.59,0.42,54.05,9.52,5.38,5.0,2.0,0.0,0.93,1.84,0.6,39.8,6.0,6.42,12.0,2.0,3.0,0.92,1.02,0.23,31.6,9.4,7.3
Cole Sulser,RP,FA,145.0,7.25,20.0,2.0,4.0,1.2,5.01,0.3,1.01,22.2,8.6,5.6,0.82,0.54,30.0,0.0,7.89,2.0,0.0,0.0,0.67,,,30.0,0.0,7.89,2.0,0.0,0.0,0.67,0.39,0.89,19.23,4.35,5.94,6.0,1.0,0.0,0.78,1.34,1.22,28.8,7.8,6.2
Drew Anderson,SP,FA,246.5,11.74,20.0,2.0,2.0,1.9,4.03,0.48,-0.04,29.4,10.5,6.8,0.78,0.93,25.0,0.0,5.71,3.0,0.0,0.0,0.78,0.32,0.27,24.14,7.41,6.96,5.0,1.0,0.0,1.47,0.42,0.05,26.75,8.97,7.42,10.0,1.0,0.0,1.97,,,,,
Sean Manaea,SP,FA,182.75,14.06,13.0,0.0,0.0,3.0,5.08,-0.13,0.21,23.2,9.1,6.9,0.78,0.66,28.0,6.25,4.76,1.0,0.0,0.0,5.0,0.42,0.4,24.18,6.67,6.63,3.0,0.0,0.0,3.89,0.33,0.26,23.85,8.22,6.9,6.0,0.0,0.0,2.83,-0.06,-0.34,26.8,4.6,10.4
Ryne Stanek,RP,FA,196.5,7.56,26.0,1.0,10.0,0.9,5.56,0.37,-1.4,36.0,16.7,6.8,0.78,-0.04,35.71,0.0,11.11,2.0,0.0,1.0,0.83,,,36.0,9.09,10.87,3.0,0.0,1.0,0.89,0.24,-1.13,34.43,15.62,9.38,9.0,0.0,5.0,0.85,-0.09,-0.56,27.8,12.5,7.4
Seth Halvorsen,RP,FA,75.25,6.27,12.0,0.0,2.0,1.0,2.92,-1.22,-1.51,24.0,14.3,8.0,0.76,0.9,25.0,0.0,5.88,2.0,0.0,0.0,1.5,0.56,0.14,28.57,8.7,7.06,5.0,0.0,0.0,1.07,-0.09,-0.36,23.81,12.5,7.65,10.0,0.0,0.0,1.03,0.61,0.09,29.4,11.6,6.6
Adrian Morejon,RP,FA,255.0,9.44,27.0,1.0,11.0,1.1,3.9,2.24,1.34,35.7,4.9,6.5,0.76,0.58,28.57,0.0,7.69,2.0,0.0,1.0,1.0,0.64,0.15,29.55,0.0,10.53,6.0,0.0,2.0,1.0,1.42,0.41,36.17,2.33,8.48,12.0,0.0,6.0,1.0,-1.02,-1.09,23.8,5.9,11.2
Lake Bachar,RP,FA,173.5,9.13,19.0,0.0,1.0,1.6,3.45,0.88,-0.28,33.9,8.7,8.0,0.76,-0.0,35.0,10.0,6.98,2.0,0.0,0.0,2.33,1.26,0.09,38.78,8.0,7.55,3.0,0.0,0.0,2.0,0.68,0.04,30.1,7.14,8.11,9.0,0.0,0.0,1.48,0.98,0.45,30.2,10.1,6.6
Lyon Richardson,RP,FA,1.0,0.5,,,,,,,,,,,0.73,0.11,33.33,20.0,2.44,2.0,0.0,0.0,0.83,,,33.33,20.0,2.44,2.0,0.0,0.0,0.83,,,33.33,20.0,2.44,2.0,0.0,0.0,0.83,-1.24,-1.1,22.3,12.2,8.5
Jonathan Hernandez,RP,FA,30.5,7.62,,,,,,,,,,,0.72,1.29,20.0,0.0,3.7,1.0,0.0,0.0,2.0,-0.18,0.14,18.42,4.76,8.64,4.0,0.0,0.0,1.5,-0.19,0.13,18.42,4.76,8.64,4.0,0.0,0.0,1.5,,,,,
Yunior Marte,RP,FA,-5.0,-5.0,,,,,,,,,,,0.7,0.06,33.33,16.67,4.0,1.0,0.0,0.0,0.33,,,33.33,16.67,4.0,1.0,0.0,0.0,0.33,,,33.33,16.67,4.0,1.0,0.0,0.0,0.33,,,,,
Jack Perkins,RP,FA,193.5,11.38,17.0,3.0,2.0,1.6,5.46,1.6,1.45,30.0,5.6,6.0,0.7,-0.21,36.36,16.67,5.56,2.0,0.0,0.0,1.5,1.0,1.19,25.0,5.13,3.57,4.0,0.0,0.0,2.25,0.57,0.5,24.8,5.71,6.9,9.0,0.0,2.0,1.63,0.51,-0.59,32.2,11.2,8.0
Will Vest,RP,FA,116.75,6.14,19.0,1.0,6.0,1.0,7.23,0.74,0.36,29.2,8.4,6.9,0.69,1.25,20.0,0.0,3.92,2.0,1.0,1.0,1.33,0.51,0.51,24.49,4.35,7.07,4.0,1.0,2.0,1.25,0.76,0.75,25.0,3.23,6.87,6.0,1.0,2.0,1.17,1.02,1.19,26.7,7.7,6.3
Garrett Cleavinger,RP,FA,130.0,9.29,14.0,1.0,7.0,0.9,3.65,0.33,0.48,25.3,12.7,4.9,0.69,0.35,30.0,14.29,3.33,2.0,0.0,0.0,1.0,0.77,0.61,27.27,7.69,5.26,3.0,0.0,0.0,1.33,0.48,0.83,20.9,8.11,4.79,10.0,1.0,4.0,0.9,1.22,-0.34,36.0,7.4,9.2
Yoendrys Gomez,RP,FA,217.25,9.45,23.0,4.0,5.0,1.3,3.9,-0.45,-0.46,24.3,10.7,7.5,0.66,0.6,26.67,6.67,4.92,4.0,1.0,1.0,1.0,0.56,0.67,23.73,6.9,5.26,7.0,2.0,3.0,1.05,0.89,0.47,29.03,8.16,6.12,14.0,3.0,5.0,0.9,-0.43,-0.28,23.9,9.7,8.1
Tyler Samaniego,RP,FA,92.5,4.62,20.0,0.0,1.0,1.0,2.66,-0.0,0.68,21.6,8.9,6.1,0.66,0.6,26.67,5.56,5.36,2.0,0.0,0.0,1.5,0.73,0.86,24.32,4.17,5.48,4.0,0.0,0.0,1.0,0.62,0.87,22.37,6.67,5.19,11.0,0.0,1.0,0.85,,,,,
Justin Sterner,RP,FA,201.75,6.96,29.0,0.0,10.0,1.0,3.41,1.14,1.05,28.6,6.0,6.6,0.63,1.46,16.67,0.0,2.78,3.0,0.0,1.0,1.0,0.97,0.95,26.83,0.0,6.76,6.0,0.0,2.0,1.06,1.37,1.23,28.57,2.63,5.3,13.0,0.0,5.0,0.87,1.28,0.75,30.8,7.9,7.0
Ryan Thompson,RP,FA,115.75,4.63,25.0,0.0,5.0,0.8,2.75,-0.19,1.01,18.3,8.6,5.6,0.61,1.24,18.75,0.0,4.0,1.0,0.0,0.0,1.67,-0.08,0.9,12.82,6.25,4.48,3.0,0.0,1.0,1.22,0.02,0.62,16.95,3.7,7.21,7.0,0.0,1.0,0.9,0.4,0.6,25.3,7.4,7.5
Orion Kerkering,RP,FA,186.5,7.46,25.0,1.0,5.0,0.9,2.42,-0.29,-0.51,25.9,9.5,8.1,0.6,-0.69,40.0,10.0,10.81,2.0,0.0,1.0,1.0,1.64,-0.09,45.71,10.0,7.59,5.0,0.0,4.0,1.0,1.51,0.77,34.25,7.32,5.33,12.0,1.0,4.0,0.81,-0.3,-0.07,23.7,10.2,7.5
Bryan Abreu,RP,FA,167.0,7.59,22.0,3.0,5.0,0.9,7.91,-0.03,-1.24,32.0,23.5,3.7,0.58,0.19,30.0,25.0,0.0,3.0,0.0,1.0,0.78,0.26,-0.02,25.93,25.0,1.18,5.0,0.0,3.0,0.8,-0.0,-0.31,24.49,21.21,4.29,9.0,2.0,3.0,0.78,2.09,-0.14,41.2,10.5,7.5
Dylan Lee,RP,FA,245.25,8.76,28.0,0.0,10.0,1.0,1.3,2.65,1.44,38.4,3.0,7.1,0.58,-0.61,38.89,0.0,14.29,2.0,0.0,1.0,1.0,0.68,0.46,27.27,5.0,7.06,5.0,0.0,3.0,1.0,0.98,0.09,33.33,2.38,9.66,11.0,0.0,5.0,1.0,1.44,0.44,33.6,5.3,8.7
Jason Adam,RP,FA,184.75,8.03,23.0,1.0,12.0,0.9,0.89,0.45,0.39,26.8,6.1,7.8,0.57,1.38,16.67,0.0,3.23,3.0,0.0,1.0,0.56,1.04,1.17,25.64,0.0,5.71,6.0,0.0,3.0,0.78,-0.11,0.13,19.35,6.52,8.0,13.0,0.0,6.0,0.87,0.72,-0.52,33.3,9.3,8.7
Trevor Martin,RP,FA,34.75,6.95,5.0,0.0,0.0,2.0,4.35,0.51,1.25,22.5,8.0,5.4,0.57,1.07,20.0,6.67,2.33,1.0,0.0,0.0,3.0,0.0,0.38,18.75,10.34,5.26,2.0,0.0,0.0,3.0,0.08,0.49,18.75,10.34,5.26,2.0,0.0,0.0,3.0,,,,,
Nate Pearson,SP,FA,28.0,7.0,,,,,,,,,,,0.57,-0.73,40.0,14.29,9.38,2.0,0.0,0.0,0.83,0.15,-0.82,31.82,18.18,7.69,3.0,1.0,0.0,0.89,,,24.14,14.29,6.35,4.0,1.0,0.0,0.92,-4.03,-4.35,19.0,13.3,13.9
Braydon Fisher,RP,FA,239.25,7.72,31.0,1.0,6.0,1.1,2.41,0.73,0.34,29.3,9.5,6.5,0.55,-0.53,37.5,0.0,13.89,3.0,1.0,0.0,1.0,0.77,-1.04,42.5,8.0,12.9,7.0,1.0,1.0,1.05,0.11,-0.54,27.88,8.93,9.65,14.0,1.0,1.0,1.1,0.58,-0.05,29.9,9.4,7.8
Jalen Beeks,RP,FA,147.25,5.45,27.0,0.0,5.0,0.9,3.6,-0.14,0.24,22.9,7.5,7.5,0.53,0.81,22.22,0.0,6.38,3.0,0.0,0.0,1.11,-0.01,0.06,21.43,0.0,10.96,5.0,0.0,0.0,1.0,-0.62,-0.47,18.07,10.0,8.98,12.0,0.0,1.0,0.86,0.71,0.56,27.7,8.7,7.0
Ryan Fernandez,RP,FA,78.75,11.25,,,,,,,,,,,0.53,-0.39,35.71,33.33,0.0,1.0,0.0,0.0,1.0,0.53,-0.53,34.38,17.65,6.58,3.0,0.0,0.0,1.33,0.61,-0.58,34.38,17.65,6.58,3.0,0.0,0.0,1.33,1.82,1.24,32.1,11.4,4.6
Camilo Doval,RP,FA,115.0,4.42,26.0,1.0,3.0,0.8,6.04,1.67,2.32,25.8,4.3,4.9,0.51,1.36,15.79,0.0,3.33,2.0,0.0,0.0,0.67,0.2,1.31,12.9,0.0,5.08,5.0,0.0,0.0,0.8,0.32,1.33,14.63,2.56,4.97,11.0,1.0,1.0,0.85,-0.06,-0.64,28.4,12.6,7.5
Will Dion,RP,FA,31.25,10.42,,,,,,,,,,,0.49,-0.03,31.03,11.76,6.45,2.0,0.0,0.0,1.5,0.51,0.67,22.92,6.9,5.26,3.0,0.0,0.0,2.0,0.64,0.82,22.92,6.9,5.26,3.0,0.0,0.0,2.0,,,,,
Wilber Dotel,SP,FA,114.0,16.29,7.0,0.0,2.0,2.3,1.08,-0.03,-0.17,26.1,8.2,8.0,0.47,0.12,28.95,10.0,6.33,2.0,0.0,1.0,3.0,0.55,0.35,26.58,5.56,7.33,4.0,0.0,1.0,2.5,0.65,0.4,26.58,5.56,7.33,4.0,0.0,1.0,2.5,,,,,
Tyler Phillips,RP,FA,207.25,12.19,17.0,2.0,0.0,2.2,1.63,0.03,-0.63,29.1,11.5,7.5,0.46,1.12,17.65,4.76,2.78,1.0,0.0,0.0,5.0,0.84,0.71,27.12,8.11,4.58,2.0,0.0,0.0,4.33,0.71,0.63,25.4,9.59,5.0,6.0,0.0,0.0,2.89,0.59,0.47,27.3,7.7,7.6
Austin Warren,RP,FA,121.25,8.08,15.0,0.0,0.0,1.3,1.33,0.1,-0.0,26.2,10.8,6.6,0.46,0.59,23.53,8.33,4.35,3.0,0.0,0.0,1.0,0.3,-0.07,27.03,10.53,7.32,4.0,0.0,0.0,1.17,-0.3,-0.2,19.79,13.79,6.56,10.0,0.0,0.0,1.4,,,,,
Caleb Thielbar,RP,FA,115.25,7.68,15.0,2.0,2.0,0.8,2.84,-0.79,-1.32,26.4,12.7,8.3,0.46,-2.19,54.55,40.0,7.41,1.0,0.0,1.0,1.0,-0.38,-1.32,29.17,21.43,8.77,3.0,0.0,1.0,1.0,-0.31,-0.75,24.32,16.67,7.59,4.0,0.0,1.0,1.0,0.4,0.29,26.9,5.9,8.7
Steven Cruz,RP,FA,62.0,4.43,14.0,0.0,0.0,1.0,8.36,0.09,-1.13,32.3,16.2,6.5,0.45,-0.11,31.25,22.22,2.78,2.0,0.0,0.0,1.0,-0.13,-1.12,30.77,17.65,9.33,3.0,0.0,0.0,1.22,0.44,-0.6,32.5,16.67,7.02,9.0,0.0,0.0,1.0,-1.21,-1.45,24.3,9.5,10.3
Zack Littell,SP,FA,236.75,19.73,12.0,0.0,0.0,4.9,5.01,-1.03,0.39,15.0,7.3,7.3,0.44,0.54,23.81,8.0,4.76,1.0,0.0,0.0,6.0,0.04,0.38,19.15,7.69,6.32,2.0,0.0,0.0,6.5,-0.22,0.38,16.0,6.36,7.14,5.0,0.0,0.0,5.4,0.1,1.14,20.4,4.2,7.9
Shawn Armstrong,RP,FA,129.0,7.17,18.0,0.0,5.0,0.9,3.38,-0.23,-0.77,27.8,11.9,7.6,0.43,0.5,24.0,0.0,8.11,3.0,0.0,1.0,0.89,-0.28,-0.41,22.0,4.76,11.24,6.0,0.0,2.0,0.89,-0.37,-0.56,22.0,4.76,11.24,6.0,0.0,2.0,0.89,-0.17,-0.02,24.4,7.0,8.8
Greg Weissert,RP,FA,134.75,5.18,26.0,0.0,4.0,1.0,3.96,0.43,0.95,23.5,7.4,6.2,0.42,-0.02,29.63,7.14,8.2,3.0,0.0,0.0,1.22,0.43,0.14,26.79,7.14,7.69,6.0,0.0,0.0,1.17,0.07,0.16,21.43,8.7,7.1,11.0,0.0,1.0,1.03,0.2,0.88,22.4,7.6,6.9
Mitch Keller,SP,FA,363.0,30.25,12.0,0.0,0.0,5.7,4.35,-0.57,-0.04,21.1,7.1,8.2,0.41,0.72,21.43,4.35,5.19,1.0,0.0,0.0,4.0,0.12,0.24,21.59,8.33,6.74,2.0,0.0,0.0,5.0,-0.27,0.23,16.51,6.84,7.51,5.0,0.0,0.0,5.47,-0.87,-0.25,20.6,6.8,9.3
Ethan Roberts,RP,FA,74.0,6.17,12.0,0.0,0.0,1.3,1.69,-0.96,-1.05,23.6,11.5,8.3,0.41,-0.49,34.78,0.0,13.64,2.0,0.0,0.0,1.33,0.11,-0.66,29.79,7.69,11.21,5.0,0.0,0.0,1.33,-0.15,-0.46,23.91,13.73,7.58,9.0,0.0,0.0,1.48,,,,,
Luis Castillo,SP,FA,262.5,21.88,12.0,0.0,1.0,4.6,5.53,0.2,0.17,26.0,8.8,7.1,0.4,0.75,20.93,10.0,2.82,1.0,0.0,0.0,5.0,0.62,0.38,27.14,10.81,5.04,2.0,0.0,0.0,4.5,0.5,0.12,27.04,10.0,6.75,5.0,0.0,1.0,4.2,0.79,1.27,24.6,6.2,6.8
Kyle Freeland,SP,FA,170.5,17.05,10.0,0.0,0.0,4.8,8.06,0.34,0.89,23.2,6.5,6.7,0.4,0.52,23.4,3.57,6.59,1.0,0.0,0.0,5.67,0.4,0.86,19.78,2.0,6.4,2.0,0.0,0.0,4.83,0.07,0.53,18.26,5.83,6.76,5.0,0.0,0.0,4.6,-0.29,0.47,21.0,5.4,8.6
Kai-Wei Teng,SP,FA,263.5,14.64,18.0,0.0,3.0,2.3,2.57,-0.46,-0.66,25.4,11.4,7.6,0.39,-0.11,30.23,18.18,4.4,1.0,0.0,0.0,5.0,0.61,0.04,30.26,16.28,4.44,2.0,0.0,0.0,5.5,0.16,-0.66,29.46,15.0,7.84,4.0,0.0,0.0,4.75,-0.47,-1.05,27.5,12.2,8.4
Mitchell Parker,SP,FA,154.5,11.04,14.0,1.0,3.0,2.1,5.4,1.1,0.82,29.5,6.3,6.9,0.38,1.95,7.14,0.0,0.0,2.0,0.0,0.0,1.5,0.48,0.67,22.58,5.71,5.76,4.0,1.0,0.0,1.75,0.63,0.63,24.46,5.48,6.53,8.0,1.0,1.0,2.08,-0.98,-0.21,19.6,8.0,8.7
David Peterson,SP,FA,283.25,21.79,13.0,1.0,1.0,4.4,5.18,-0.05,0.34,23.1,9.0,6.7,0.38,0.08,28.0,6.67,7.84,1.0,1.0,0.0,4.0,-0.49,-0.27,17.92,10.94,8.07,3.0,1.0,0.0,4.67,-0.39,-0.38,20.23,9.26,8.9,5.0,1.0,0.0,4.6,0.26,0.66,24.0,9.0,6.7
Jovani Moran,RP,FA,174.25,8.71,20.0,0.0,1.0,1.6,3.19,0.37,-0.6,31.6,11.1,7.6,0.37,0.26,25.81,0.0,9.43,2.0,0.0,0.0,1.67,0.11,-0.2,25.53,0.0,12.2,4.0,0.0,0.0,1.33,0.93,0.27,31.31,6.38,7.54,10.0,0.0,1.0,1.17,,,,,
Orlando Ribalta,RP,FA,110.5,6.91,15.0,2.0,2.0,1.0,1.72,0.65,1.07,24.6,8.3,5.6,0.36,0.67,21.05,11.11,2.78,3.0,0.0,1.0,1.22,0.68,0.7,25.0,10.71,3.57,7.0,1.0,1.0,1.05,0.71,0.91,23.08,9.8,3.88,13.0,1.0,2.0,1.03,-0.58,-0.86,25.8,14.2,7.2
Adam Macko,SP,FA,66.0,8.25,,,,,,,,,,,0.36,0.49,23.08,0.0,8.16,2.0,0.0,0.0,1.83,0.4,0.87,19.61,0.0,7.14,6.0,0.0,2.0,1.06,0.61,1.01,20.97,0.0,7.09,8.0,0.0,3.0,1.0,,,,,
Carlos Rodriguez,SP,FA,40.5,10.12,,,,,,,,,,,0.35,0.66,21.05,11.76,2.6,1.0,0.0,0.0,3.33,0.06,0.45,18.87,16.0,2.61,2.0,0.0,0.0,2.67,0.19,0.64,18.87,16.0,2.61,2.0,0.0,0.0,2.67,,,,,
Cam Booser,RP,FA,8.75,8.75,,,,,,,,,,,0.34,-0.04,28.57,0.0,11.11,1.0,0.0,0.0,2.0,,,28.57,0.0,11.11,1.0,0.0,0.0,2.0,,,28.57,0.0,11.11,1.0,0.0,0.0,2.0,0.32,-0.42,30.0,13.3,6.8
Tyler Rogers,RP,FA,193.5,6.91,28.0,2.0,11.0,0.9,2.36,-1.65,-0.46,14.8,8.3,8.5,0.33,0.72,20.0,0.0,6.9,2.0,0.0,2.0,0.83,-0.26,-0.31,21.43,11.11,8.2,5.0,1.0,3.0,0.87,-0.84,-0.37,14.47,10.64,8.38,12.0,2.0,4.0,0.86,-0.44,1.26,15.9,2.3,8.5
Ty Madden,SP,FA,78.5,19.62,4.0,0.0,0.0,3.6,3.07,1.36,1.49,27.9,6.9,5.4,0.33,-0.1,29.17,13.33,6.25,1.0,0.0,0.0,3.33,,,29.17,13.33,6.25,1.0,0.0,0.0,3.33,0.18,-0.01,24.24,10.53,7.04,3.0,0.0,0.0,3.22,,,,,
Justin Bruihl,RP,FA,130.5,4.5,29.0,0.0,6.0,0.9,4.61,-1.03,-0.34,19.1,10.4,7.4,0.32,1.08,15.79,0.0,4.88,3.0,0.0,0.0,0.89,0.23,0.87,17.31,0.0,7.14,6.0,0.0,0.0,0.94,0.11,0.35,20.24,2.13,8.77,11.0,0.0,1.0,0.94,-2.12,-2.37,22.5,10.8,11.4
Matt Brash,RP,FA,126.0,7.0,18.0,0.0,5.0,0.8,0.6,2.03,1.28,34.4,7.1,5.7,0.3,-1.72,46.67,22.22,11.76,2.0,0.0,0.0,0.83,0.21,-0.9,33.33,14.29,9.68,3.0,0.0,1.0,0.89,0.76,-0.89,38.89,11.11,10.13,4.0,0.0,1.0,0.92,1.03,0.38,30.9,9.0,7.2
Jameson Taillon,SP,FA,312.0,26.0,12.0,0.0,0.0,5.5,5.13,0.56,0.61,26.4,7.5,6.8,0.28,-0.13,28.57,3.85,10.1,1.0,0.0,0.0,6.33,0.47,0.21,26.81,5.71,7.95,3.0,0.0,0.0,5.33,0.74,0.72,25.09,5.76,6.07,6.0,0.0,0.0,5.33,0.07,1.01,20.8,5.2,7.7
Cade Gibson,RP,FA,38.0,6.33,,,,,,,,,,,0.28,-0.25,30.0,12.5,7.41,2.0,0.0,0.0,0.83,-0.39,-0.38,20.34,9.38,9.23,5.0,0.0,0.0,1.4,-0.45,-0.48,20.34,9.38,9.23,5.0,0.0,0.0,1.4,-0.27,0.25,22.3,9.1,7.4
Shane Drohan,SP,FA,202.0,16.83,12.0,1.0,2.0,2.6,2.87,0.03,-0.44,28.0,7.7,8.7,0.28,-0.46,32.35,11.76,8.82,1.0,0.0,0.0,4.0,0.02,-0.25,24.71,9.3,8.62,4.0,0.0,0.0,2.58,0.4,-0.22,28.78,5.63,9.63,7.0,1.0,1.0,2.62,,,,,
Joey Cantillo,RP,FA,321.5,24.73,13.0,0.0,0.0,4.8,3.92,-0.0,-0.33,27.2,12.8,6.4,0.24,-0.03,26.83,14.29,5.43,1.0,0.0,0.0,4.0,0.06,-0.19,24.79,17.54,5.02,3.0,0.0,0.0,3.89,0.2,-0.26,26.61,14.63,6.48,6.0,0.0,0.0,4.61,0.01,-0.81,29.7,10.5,8.7
Griffin Jax,RP,FA,154.5,8.58,18.0,0.0,2.0,1.9,4.76,0.16,-0.61,30.0,10.9,7.7,0.23,-0.14,27.91,5.0,9.72,1.0,0.0,0.0,4.0,0.11,-0.4,27.42,3.23,11.82,2.0,0.0,0.0,3.0,0.16,-0.14,25.0,8.14,8.42,5.0,0.0,0.0,4.0,1.84,0.27,37.3,7.4,8.1
Noah Cameron,SP,FA,312.25,28.39,11.0,0.0,0.0,5.4,4.22,0.56,1.05,24.0,6.7,6.3,0.22,0.72,18.18,0.0,6.9,1.0,0.0,0.0,7.0,0.12,0.3,21.05,4.62,7.94,3.0,0.0,0.0,6.0,0.33,0.6,21.0,5.56,6.61,5.0,0.0,0.0,5.6,0.57,0.58,26.6,7.7,7.4
Trent Thornton,RP,FA,64.0,6.4,10.0,0.0,0.0,1.3,1.98,-0.06,0.65,21.3,7.8,6.6,0.22,0.7,18.52,7.69,4.0,2.0,0.0,0.0,2.0,0.47,0.9,20.41,8.7,3.49,4.0,0.0,0.0,1.5,0.04,0.38,19.15,7.84,6.57,10.0,0.0,0.0,1.37,-0.45,0.34,20.6,7.8,7.8
Keider Montero,SP,FA,288.75,26.25,11.0,0.0,0.0,5.5,3.69,-0.89,0.1,17.7,6.2,8.3,0.21,0.85,16.67,0.0,6.15,1.0,0.0,0.0,6.0,0.41,0.82,20.25,2.17,6.49,2.0,0.0,0.0,5.83,-0.42,0.29,14.21,7.34,7.11,5.0,0.0,0.0,5.47,-0.59,0.29,19.8,8.0,7.8
Jordan Wicks,RP,FA,7.5,3.75,,,,,,,,,,,0.18,1.22,12.0,0.0,4.08,1.0,0.0,0.0,2.0,1.08,1.47,23.53,2.94,3.1,2.0,0.0,0.0,3.17,1.34,1.79,23.53,2.94,3.1,2.0,0.0,0.0,3.17,1.44,2.34,23.8,1.5,6.9
Chase Shugart,RP,FA,119.5,7.97,15.0,0.0,0.0,1.3,2.33,0.45,1.47,20.8,5.3,6.1,0.18,0.67,18.18,0.0,7.14,1.0,0.0,0.0,1.67,,,18.18,0.0,7.14,1.0,0.0,0.0,1.67,0.57,1.07,20.0,6.06,4.64,5.0,0.0,0.0,1.73,-0.4,-0.38,24.6,9.4,8.4
Austin Voth,SP,FA,5.75,2.88,,,,,,,,,,,0.17,0.22,23.08,21.05,1.43,1.0,0.0,0.0,3.33,0.24,0.26,23.08,21.05,1.43,1.0,0.0,0.0,3.33,,,23.08,21.05,1.43,1.0,0.0,0.0,3.33,,,,,
Evan Sisk,RP,FA,161.5,7.69,21.0,0.0,3.0,1.2,1.44,0.12,-0.05,26.6,9.1,7.4,0.17,-0.17,27.27,14.29,6.25,2.0,0.0,1.0,1.0,-0.98,-1.04,18.18,14.29,10.34,4.0,0.0,1.0,1.0,-0.19,-0.29,21.98,10.0,8.29,12.0,0.0,2.0,1.14,1.0,0.32,31.0,12.5,5.8
Sam Bachman,RP,FA,214.75,10.23,21.0,0.0,10.0,1.3,2.22,0.68,-0.75,34.9,12.3,7.4,0.17,-1.22,38.89,27.27,6.98,2.0,0.0,1.0,1.17,0.91,-0.75,41.67,18.18,7.41,4.0,0.0,2.0,1.08,0.88,0.26,30.67,8.7,6.71,9.0,0.0,5.0,1.26,0.06,-0.17,26.8,10.6,7.5
Brandan Bidois,RP,FA,46.75,5.84,8.0,0.0,0.0,1.2,4.5,-1.37,-3.54,34.1,12.2,12.7,0.15,-0.74,33.33,13.33,9.8,2.0,0.0,0.0,1.5,0.11,-1.34,36.17,12.5,12.5,4.0,0.0,0.0,1.42,-0.25,-1.69,32.94,12.2,12.73,8.0,0.0,0.0,1.25,,,,,
Chris Bassitt,SP,FA,229.0,20.82,11.0,0.0,0.0,4.8,5.06,-0.19,0.36,21.9,8.2,7.0,0.13,0.76,16.22,4.17,5.0,1.0,0.0,0.0,6.0,0.03,0.81,15.15,2.27,6.52,2.0,0.0,0.0,5.17,0.57,1.01,20.54,5.41,5.13,5.0,0.0,0.0,5.07,0.33,0.89,23.3,7.1,7.1
JT Brubaker,RP,FA,128.25,6.41,20.0,0.0,0.0,1.5,2.7,-0.15,0.09,23.7,12.1,5.9,0.12,0.8,15.79,0.0,6.45,2.0,0.0,0.0,1.33,-0.45,0.3,13.21,10.34,5.61,4.0,0.0,0.0,2.17,-0.07,0.36,17.92,10.53,5.68,9.0,0.0,0.0,1.56,0.06,0.4,23.9,10.3,6.6
Didier Fuentes,SP,FA,178.75,11.92,15.0,0.0,3.0,1.5,2.78,-0.63,-1.27,27.4,9.6,9.5,0.12,0.25,21.74,10.0,5.56,2.0,0.0,0.0,1.17,-0.15,0.23,18.0,10.53,5.88,5.0,0.0,1.0,0.87,-0.11,-0.45,24.32,12.24,8.09,10.0,0.0,1.0,1.2,-0.3,-0.1,23.9,8.7,8.2
Tanner Banks,RP,FA,98.5,4.69,21.0,0.0,2.0,1.0,6.75,0.45,0.82,24.4,10.2,5.3,0.11,-0.36,28.57,11.11,8.57,1.0,0.0,0.0,1.67,0.37,0.5,22.73,7.69,5.77,2.0,0.0,0.0,1.33,0.64,0.18,28.36,7.89,7.3,7.0,0.0,0.0,1.14,-0.21,0.41,21.9,4.5,9.1
J.T. Ginn,SP,FA,327.5,25.19,13.0,0.0,0.0,4.6,2.87,-0.13,-0.11,24.9,10.8,6.8,0.11,-0.49,30.0,12.5,8.75,1.0,0.0,0.0,6.0,-0.6,-1.74,30.0,23.68,9.8,2.0,0.0,0.0,4.17,0.19,0.02,24.15,10.08,7.13,5.0,0.0,0.0,6.07,1.5,1.47,28.7,7.9,5.7
Tanner Gordon,SP,FA,145.25,16.14,9.0,0.0,0.0,3.9,6.37,1.11,1.61,25.2,5.1,5.9,0.09,-0.37,28.21,5.88,10.67,1.0,0.0,0.0,3.0,0.06,0.29,20.25,5.26,7.74,2.0,0.0,0.0,4.0,0.33,0.71,20.0,4.12,6.72,5.0,0.0,0.0,4.27,-0.88,0.23,18.0,5.0,9.2
Drew Pomeranz,RP,FA,95.25,4.76,20.0,0.0,7.0,0.9,6.11,-1.2,-1.62,24.8,14.1,8.3,0.09,-0.82,33.33,30.77,3.39,3.0,0.0,1.0,0.89,0.14,-0.99,33.33,30.77,3.39,3.0,0.0,1.0,0.89,0.12,-0.51,27.66,20.0,5.45,6.0,0.0,2.0,0.83,-0.15,-0.01,24.5,7.4,8.6
Cooper Criswell,RP,FA,171.75,7.16,23.0,1.0,3.0,1.2,2.86,1.02,1.89,23.0,6.5,4.8,0.07,0.42,19.23,7.14,5.77,3.0,0.0,0.0,1.33,0.05,0.78,15.69,6.67,4.85,5.0,0.0,0.0,1.6,0.31,1.06,16.84,7.69,4.1,11.0,0.0,2.0,1.18,0.52,2.79,14.9,6.3,4.0
Wilkin Ramos,RP,FA,3.75,3.75,,,,,,,,,,,0.07,-0.67,31.25,18.18,7.5,1.0,0.0,0.0,2.0,,,31.25,18.18,7.5,1.0,0.0,0.0,2.0,,,31.25,18.18,7.5,1.0,0.0,0.0,2.0,,,,,
Trevor Richards,RP,FA,69.75,5.81,12.0,0.0,0.0,1.4,5.09,-0.05,1.25,18.0,7.0,5.8,0.06,1.22,10.0,0.0,4.08,3.0,0.0,0.0,1.56,-0.26,0.85,10.64,3.33,5.88,6.0,0.0,0.0,1.44,0.22,0.85,17.39,3.85,6.28,10.0,0.0,0.0,1.33,,,,,
Tyler Alexander,RP,FA,180.0,6.67,27.0,2.0,6.0,1.0,3.12,-1.06,-0.0,17.0,7.9,7.8,0.05,0.83,14.29,0.0,6.25,3.0,0.0,2.0,0.67,-0.76,0.06,11.11,12.5,5.88,5.0,0.0,2.0,0.6,0.24,0.26,22.62,10.87,5.91,12.0,0.0,3.0,0.86,0.12,0.95,21.5,7.1,7.0
Casey Legumina,RP,FA,120.0,6.32,19.0,0.0,2.0,1.3,3.51,0.21,1.02,21.4,5.4,6.9,0.04,0.43,18.52,0.0,8.51,3.0,0.0,1.0,1.33,0.59,1.31,18.18,0.0,5.06,4.0,0.0,1.0,1.5,0.58,1.14,19.51,4.35,5.03,8.0,0.0,2.0,1.42,-0.9,-1.08,24.6,11.4,8.8
JoJo Romero,RP,FA,215.0,7.96,27.0,0.0,15.0,1.0,2.96,0.58,1.28,22.9,8.8,5.0,0.02,0.58,16.67,0.0,7.69,2.0,0.0,1.0,0.83,-0.13,0.73,13.64,6.25,5.26,4.0,0.0,1.0,0.92,1.04,1.08,25.76,7.14,4.22,10.0,0.0,5.0,1.03,-0.09,-0.41,27.0,11.4,7.6
Jacob Lopez,SP,FA,198.75,16.56,12.0,0.0,1.0,4.2,6.75,-1.29,-0.77,19.4,13.6,6.9,0.01,-0.09,23.81,15.38,5.36,1.0,0.0,0.0,2.0,0.53,0.57,24.19,9.38,4.76,2.0,0.0,0.0,3.33,-0.5,-0.17,17.03,11.34,7.35,5.0,0.0,0.0,4.13,0.33,-0.08,28.3,9.3,7.9
Kyle Finnegan,RP,FA,157.25,5.82,27.0,1.0,7.0,1.0,1.93,-1.35,-1.23,21.5,16.2,6.7,-0.0,0.83,13.33,0.0,6.25,2.0,0.0,1.0,1.17,-0.37,0.59,11.63,13.04,3.16,5.0,0.0,2.0,1.07,-0.89,-0.7,16.67,17.31,7.14,11.0,0.0,3.0,1.03,-0.18,-0.07,24.6,7.9,8.5
Hunter Dobbins,SP,FA,49.25,24.62,,,,,,,,,,,-0.0,0.49,17.24,0.0,8.2,1.0,1.0,0.0,3.67,0.08,0.65,17.24,0.0,8.2,1.0,1.0,0.0,3.67,,,17.24,0.0,8.2,1.0,1.0,0.0,3.67,-0.53,-0.04,21.9,6.6,9.0
Adrian Houser,SP,FA,204.0,18.55,11.0,0.0,0.0,5.1,5.59,-0.53,0.57,18.0,8.2,6.6,-0.01,0.92,12.2,9.09,2.17,1.0,0.0,0.0,3.67,0.19,0.99,15.58,4.65,4.68,2.0,0.0,0.0,4.17,-0.41,0.28,14.36,9.65,6.29,5.0,0.0,0.0,5.2,-1.15,-0.15,18.1,7.3,8.9
Caleb Ferguson,RP,FA,32.25,10.75,,,,,,,,,,,-0.02,0.58,16.0,0.0,7.69,2.0,0.0,0.0,1.83,0.05,0.83,15.15,0.0,7.35,3.0,0.0,0.0,1.67,,,15.15,0.0,7.35,3.0,0.0,0.0,1.67,0.17,1.04,21.4,8.1,6.4
Alimber Santa,RP,FA,25.0,8.33,,,,,,,,,,,-0.02,0.33,18.75,0.0,9.09,2.0,0.0,0.0,1.5,0.54,1.27,17.86,0.0,5.26,3.0,0.0,0.0,1.67,,,17.86,0.0,5.26,3.0,0.0,0.0,1.67,,,,,
Andrew Morris,SP,FA,158.75,9.34,17.0,1.0,7.0,1.4,4.07,-0.11,0.14,23.7,8.2,7.4,-0.02,-0.33,26.09,0.0,12.77,2.0,0.0,1.0,1.0,-0.78,-1.25,22.86,16.67,10.34,4.0,0.0,2.0,0.83,-0.84,-0.88,18.75,11.36,10.0,11.0,1.0,4.0,0.85,,,,,
Zac Gallen,SP,FA,246.25,20.52,12.0,0.0,0.0,4.9,5.16,-0.26,0.85,18.6,6.9,6.6,-0.03,0.77,13.64,4.76,4.76,1.0,0.0,0.0,5.0,0.16,0.66,18.29,6.67,5.42,2.0,0.0,0.0,5.17,0.54,0.86,21.36,6.67,5.2,5.0,0.0,0.0,5.4,0.53,1.09,23.7,8.1,6.3
Colin Holderman,RP,FA,174.5,9.69,18.0,0.0,3.0,1.2,2.05,0.69,0.86,26.1,7.1,6.5,-0.03,0.61,15.38,9.09,3.92,3.0,0.0,1.0,0.89,-0.41,0.44,12.5,12.5,4.11,5.0,0.0,2.0,0.8,0.57,0.15,27.78,8.89,7.07,12.0,0.0,3.0,1.0,-0.93,-1.35,25.8,12.8,8.7
Ryan Yarbrough,RP,FA,99.25,8.27,12.0,1.0,0.0,1.7,3.48,-0.11,0.61,21.1,9.2,6.1,-0.03,0.19,20.0,25.0,0.0,1.0,0.0,0.0,1.0,-0.04,0.4,17.95,12.5,4.29,2.0,1.0,0.0,2.0,0.29,0.58,20.65,9.76,5.14,5.0,1.0,0.0,1.93,0.54,0.53,26.6,7.2,7.7
Hunter Gaddis,RP,FA,130.5,7.25,18.0,1.0,8.0,0.8,4.11,0.92,-0.03,32.8,8.5,7.6,-0.04,-0.47,27.27,0.0,13.51,2.0,0.0,2.0,1.0,1.04,0.54,31.58,0.0,8.7,4.0,1.0,3.0,1.08,1.23,0.75,30.99,5.0,6.25,10.0,1.0,6.0,0.97,1.51,0.8,32.2,7.7,7.0
Ryne Nelson,SP,FA,302.5,25.21,12.0,0.0,0.0,5.4,4.82,-0.21,0.29,22.1,6.8,7.7,-0.08,0.69,13.79,0.0,7.07,1.0,0.0,0.0,5.33,-0.19,0.66,13.51,5.45,5.94,2.0,0.0,0.0,6.67,-0.2,0.61,14.29,4.44,6.98,5.0,0.0,0.0,6.8,-0.69,-0.21,21.6,6.6,9.3
Jose Suarez,RP,FA,149.75,8.81,17.0,1.0,1.0,1.6,5.46,-0.33,-0.82,27.3,11.9,7.7,-0.09,-0.09,22.22,0.0,11.43,2.0,0.0,0.0,1.0,0.3,0.38,22.81,3.12,8.2,6.0,0.0,0.0,1.28,0.2,-0.1,25.24,7.27,8.57,9.0,0.0,1.0,1.3,-0.59,-2.39,33.6,12.3,10.8
Ricky Vanasco,SP,FA,4.5,0.9,,,,,,,,,,,-0.11,0.67,13.33,18.18,0.0,1.0,0.0,0.0,2.0,,,13.33,18.18,0.0,1.0,0.0,0.0,2.0,-0.7,0.1,12.24,14.81,5.08,3.0,0.0,0.0,1.44,,,,,
Martin Perez,SP,FA,261.25,21.77,12.0,0.0,0.0,4.3,2.79,-0.49,0.01,21.4,8.8,7.4,-0.12,-0.21,23.08,15.0,6.17,1.0,0.0,0.0,5.0,-1.45,-1.05,11.94,11.9,11.38,2.0,0.0,0.0,5.33,-0.19,-0.27,21.71,8.6,8.73,6.0,0.0,0.0,3.89,0.2,1.18,20.9,9.6,5.5
Kyle Hurt,SP,FA,151.5,7.97,19.0,1.0,4.0,1.0,2.41,1.64,0.1,37.8,9.6,6.9,-0.12,-0.9,30.77,33.33,2.86,2.0,0.0,1.0,0.83,0.1,-1.24,35.0,23.81,7.41,5.0,1.0,2.0,0.93,0.29,-0.74,31.71,13.33,8.75,11.0,1.0,4.0,0.97,,,,,
Eduardo Rodriguez,SP,FA,408.5,34.04,12.0,0.0,0.0,6.0,2.24,-0.19,0.91,18.8,8.8,5.7,-0.17,0.73,11.9,4.17,5.21,1.0,0.0,0.0,6.0,-0.07,0.67,15.0,5.48,5.88,3.0,0.0,0.0,6.33,0.11,0.71,17.29,6.54,5.83,6.0,0.0,0.0,6.61,0.35,0.97,23.0,8.6,6.3
Ryan Gusto,SP,FA,19.75,9.88,,,,,,,,,,,-0.17,0.16,18.18,0.0,10.0,1.0,0.0,0.0,2.0,,,18.18,0.0,10.0,1.0,0.0,0.0,2.0,,,18.18,0.0,10.0,1.0,0.0,0.0,2.0,-0.59,-0.41,23.4,7.9,9.1
John King,RP,FA,165.5,5.91,28.0,1.0,3.0,0.9,2.36,-0.31,0.11,22.3,8.1,7.5,-0.2,0.67,12.0,0.0,7.14,2.0,0.0,0.0,1.67,-0.47,0.41,11.9,4.55,7.45,5.0,0.0,0.0,1.2,-0.22,0.4,15.71,6.98,6.83,11.0,1.0,0.0,1.0,-0.25,0.75,19.9,6.3,7.7
Lucas Giolito,SP,FA,52.5,17.5,3.0,0.0,0.0,4.1,4.97,-1.76,-1.83,21.5,21.1,5.8,-0.2,-0.72,27.59,25.0,5.13,1.0,0.0,0.0,2.67,-0.56,-1.01,23.81,24.32,6.1,2.0,0.0,0.0,3.83,-0.5,-0.69,21.51,21.05,5.76,3.0,0.0,0.0,4.22,-0.11,0.36,22.9,9.1,7.2
Brennan Bernardino,RP,FA,120.5,4.3,28.0,0.0,3.0,0.9,3.7,0.3,0.83,23.2,5.8,7.1,-0.2,-1.07,31.25,11.11,12.5,2.0,0.0,0.0,1.0,0.27,0.03,25.64,4.35,9.33,6.0,0.0,0.0,0.94,0.11,0.12,22.22,6.52,8.05,12.0,0.0,2.0,0.83,-1.51,-0.89,19.3,12.0,8.2
Erick Fedde,SP,FA,204.5,17.04,11.0,0.0,0.0,4.8,5.4,-0.73,0.61,16.2,9.7,5.9,-0.23,0.2,16.67,15.79,3.57,2.0,0.0,0.0,4.5,-0.47,0.18,14.06,12.5,5.33,3.0,0.0,0.0,4.11,-0.54,0.28,12.73,11.76,5.53,6.0,0.0,0.0,4.17,-1.36,-0.44,18.0,10.8,7.9
Trevor Rogers,SP,FA,195.0,19.5,10.0,0.0,0.0,4.8,6.84,-0.15,0.2,23.1,8.2,7.3,-0.23,0.17,17.02,4.17,8.33,1.0,0.0,0.0,6.0,-0.72,-0.15,13.64,6.82,9.2,2.0,0.0,0.0,5.33,-0.82,-0.46,15.43,9.2,9.23,4.0,0.0,0.0,4.58,0.29,0.39,25.6,6.9,8.1
Taylor Clarke,RP,FA,173.25,6.42,27.0,0.0,11.0,0.9,1.8,0.37,1.61,19.4,3.2,6.7,-0.24,-0.11,20.0,0.0,11.54,3.0,0.0,0.0,0.78,-0.41,-0.15,17.86,6.67,9.26,5.0,0.0,1.0,0.8,0.07,0.45,18.97,3.33,7.96,11.0,0.0,5.0,0.79,0.4,0.98,23.3,4.4,8.1
Tomoyuki Sugano,SP,FA,278.0,23.17,12.0,0.0,0.0,5.3,3.98,-1.3,-0.19,16.1,6.8,8.6,-0.25,0.04,18.18,8.7,7.29,1.0,0.0,0.0,5.0,-0.49,0.2,13.56,5.71,7.97,3.0,0.0,0.0,5.44,-0.77,-0.16,13.61,6.14,9.21,5.0,0.0,0.0,5.27,0.13,1.54,18.5,5.3,6.7
Cal Quantrill,SP,FA,112.5,11.25,10.0,0.0,0.0,2.1,2.49,-0.02,0.74,21.1,9.1,5.9,-0.26,0.16,16.67,0.0,10.0,2.0,0.0,0.0,1.17,-1.04,-0.46,12.12,4.55,11.59,3.0,0.0,0.0,1.78,-0.59,0.16,13.16,8.33,7.22,6.0,0.0,0.0,1.94,-0.21,0.74,20.2,6.8,7.5
David Sandlin,RP,FA,46.75,23.38,2.0,0.0,0.0,5.0,8.1,-0.25,0.02,23.3,9.5,7.1,-0.27,-0.39,22.58,17.39,6.25,1.0,0.0,0.0,4.0,-0.12,0.06,20.0,9.52,7.09,2.0,0.0,0.0,5.0,-0.1,0.08,20.0,9.52,7.09,2.0,0.0,0.0,5.0,,,,,
Chris Paddack,SP,FA,146.5,14.65,10.0,0.0,0.0,4.5,6.9,0.15,0.69,22.8,7.9,6.5,-0.28,-0.26,20.93,13.64,6.98,1.0,0.0,0.0,5.0,0.1,0.26,21.18,13.04,4.71,2.0,0.0,0.0,5.0,0.09,0.3,20.47,10.14,6.05,3.0,0.0,0.0,5.0,0.48,1.6,20.7,5.5,6.5
Jeremiah Estrada,RP,FA,162.25,7.73,21.0,1.0,6.0,1.0,3.48,0.34,-0.94,33.3,12.2,7.8,-0.28,-1.25,32.0,16.67,11.32,3.0,0.0,0.0,0.89,-0.28,-1.31,30.43,12.5,12.36,7.0,0.0,1.0,0.86,-0.09,-0.87,28.12,10.2,10.42,13.0,1.0,3.0,0.97,1.84,0.74,34.9,8.9,6.6
Jose Fermin,RP,FA,103.25,6.45,16.0,0.0,3.0,0.9,5.4,0.0,-1.32,32.7,18.3,6.0,-0.28,-1.64,36.36,33.33,6.94,3.0,0.0,2.0,0.78,-0.01,-1.62,37.1,29.03,7.09,6.0,0.0,3.0,0.94,0.05,-1.05,31.36,22.81,6.45,13.0,0.0,3.0,0.87,0.21,-1.19,33.1,15.1,7.4
Slade Cecconi,SP,FA,270.0,22.5,12.0,0.0,0.0,5.1,5.25,-0.19,0.58,20.6,7.4,6.9,-0.31,0.14,16.22,0.0,10.14,1.0,0.0,0.0,4.33,0.2,0.94,16.25,2.44,5.81,2.0,0.0,0.0,4.67,-0.37,0.25,15.18,6.42,7.58,5.0,0.0,0.0,5.2,-0.37,0.07,22.5,5.9,9.1
Sam Moll,RP,FA,161.0,5.55,29.0,1.0,2.0,0.9,2.39,-0.49,-0.88,26.3,11.9,7.8,-0.31,-1.55,35.0,25.0,9.76,3.0,1.0,0.0,0.56,0.07,-0.47,27.5,10.53,9.2,6.0,1.0,0.0,0.89,-0.11,-0.78,27.06,8.7,10.61,14.0,1.0,1.0,0.83,0.53,-0.74,33.1,12.3,7.8
Connor Seabold,RP,FA,84.5,6.04,14.0,0.0,0.0,1.2,3.06,0.86,1.66,23.0,6.6,5.2,-0.33,-0.08,18.18,12.5,6.45,3.0,0.0,0.0,0.67,-0.95,-0.19,10.71,7.14,9.23,4.0,0.0,0.0,0.75,-0.94,-0.4,13.46,3.7,11.01,6.0,0.0,0.0,1.11,-2.7,-3.05,21.9,12.5,11.9
Will Klein,RP,FA,191.25,9.56,20.0,1.0,7.0,1.3,1.78,-1.24,-1.15,21.9,7.8,10.0,-0.39,-0.33,20.0,20.0,4.88,2.0,0.0,1.0,1.0,0.8,0.67,27.03,10.53,3.8,5.0,0.0,3.0,1.0,0.65,0.71,24.0,7.32,5.52,10.0,1.0,4.0,1.07,0.41,0.22,27.3,14.3,5.2
Anthony Banda,RP,FA,173.75,5.99,29.0,1.0,7.0,0.9,5.19,0.8,0.83,27.1,10.4,5.2,-0.39,-1.23,30.0,30.77,5.66,3.0,0.0,2.0,0.89,-0.08,-0.65,27.03,18.18,6.9,6.0,1.0,3.0,0.94,0.43,-0.03,27.47,14.29,5.74,13.0,1.0,5.0,0.92,-1.05,-1.79,27.2,13.0,9.4
Anthony Bender,RP,FA,170.5,6.82,25.0,1.0,5.0,1.0,3.33,-1.59,-1.37,20.3,9.3,9.8,-0.4,-1.3,30.77,0.0,18.18,3.0,0.0,1.0,1.0,0.01,-0.74,29.17,5.56,12.5,5.0,0.0,1.0,1.07,-0.33,-0.8,24.53,2.7,12.88,10.0,0.0,1.0,1.13,-1.27,-0.81,20.6,10.3,8.8
Matt Pushard,RP,FA,28.5,4.75,,,,,,,,,,,-0.42,0.61,9.09,10.0,3.57,1.0,0.0,0.0,1.67,,,6.25,6.25,4.44,3.0,0.0,0.0,1.22,0.31,1.13,16.22,12.0,2.25,5.0,0.0,0.0,1.2,,,,,
Tim Herrin,RP,FA,131.75,5.07,26.0,0.0,8.0,0.8,3.15,-0.78,-1.79,29.1,15.1,8.2,-0.42,-0.25,18.75,20.0,4.44,3.0,0.0,2.0,0.67,0.54,-0.19,31.43,15.0,6.02,6.0,0.0,5.0,0.72,0.43,-0.26,29.49,17.02,5.62,13.0,0.0,8.0,0.74,-0.46,-1.39,29.4,15.5,7.6
Cole Henry,RP,FA,34.5,3.83,9.0,0.0,0.0,1.1,7.2,-0.16,-0.22,25.3,13.5,5.9,-0.43,-0.83,25.0,11.76,10.94,2.0,0.0,0.0,1.5,-0.43,-0.95,25.0,11.76,10.94,2.0,0.0,0.0,1.5,,,25.0,11.76,10.94,2.0,0.0,0.0,1.5,-0.45,-0.65,25.6,13.3,7.2
Reynaldo Lopez,SP,FA,189.25,14.56,13.0,0.0,1.0,2.7,3.31,-0.97,-0.33,19.5,10.6,7.3,-0.44,-0.29,18.75,0.0,12.5,2.0,0.0,0.0,1.5,-0.39,-0.35,20.0,10.0,8.82,3.0,0.0,0.0,1.67,-0.81,-0.51,16.05,8.89,9.52,6.0,0.0,0.0,1.78,,,,,
Nolan Hoffman,RP,FA,13.75,4.58,,,,,,,,,,,-0.44,-1.06,27.27,33.33,3.7,1.0,0.0,0.0,1.33,,,27.27,33.33,3.7,1.0,0.0,0.0,1.33,,,27.27,33.33,3.7,1.0,0.0,0.0,1.33,,,,,
Calvin Faucher,RP,FA,176.0,7.04,24.0,1.0,3.0,1.0,4.3,-1.43,-2.03,25.3,17.9,7.5,-0.45,0.38,11.11,16.67,2.22,4.0,0.0,1.0,0.83,-1.4,-0.44,6.9,11.11,8.82,5.0,0.0,1.0,0.93,-1.19,-1.02,15.58,15.22,9.14,10.0,0.0,1.0,1.1,0.07,0.45,23.7,9.4,6.9
Yohan Ramirez,RP,FA,205.5,7.9,26.0,1.0,3.0,1.2,4.73,-0.25,-0.78,27.7,12.2,7.5,-0.46,0.09,14.29,11.11,6.06,2.0,0.0,0.0,1.0,-0.47,0.1,14.71,8.7,7.23,5.0,0.0,1.0,0.87,0.23,-0.02,25.0,13.56,5.99,11.0,0.0,2.0,0.97,-0.86,-1.25,25.8,10.3,9.6
John Schreiber,RP,FA,114.25,4.39,26.0,1.0,3.0,0.9,2.7,-0.97,-0.06,18.0,11.3,6.5,-0.46,-0.43,20.0,14.29,7.69,3.0,0.0,1.0,0.67,,,15.79,7.69,8.89,5.0,0.0,2.0,0.8,0.4,0.18,25.33,7.14,7.59,12.0,0.0,2.0,0.92,0.21,0.7,23.4,7.2,7.4
Paxton Schultz,RP,FA,111.75,6.21,17.0,1.0,0.0,1.3,4.91,-0.04,0.92,20.0,6.1,6.8,-0.46,-0.51,20.83,7.69,10.71,3.0,0.0,0.0,1.22,-0.2,-0.27,21.88,6.25,10.0,4.0,0.0,0.0,1.08,-0.67,-0.63,18.82,10.2,9.5,10.0,0.0,0.0,1.13,1.54,1.78,27.4,7.3,5.4
Yariel Rodriguez,RP,FA,24.5,3.06,,,,,,,,,,,-0.48,-0.05,15.38,12.5,6.25,2.0,0.0,1.0,1.0,-0.55,-0.34,17.65,15.79,6.41,5.0,0.0,1.0,0.93,-0.58,-0.36,17.65,15.62,6.5,8.0,0.0,1.0,0.92,0.38,0.14,27.5,11.4,6.6
Zach Maxwell,RP,FA,10.25,2.56,,,,,,,,,,,-0.48,-0.09,15.79,8.33,8.11,2.0,0.0,0.0,1.5,-0.55,0.08,13.79,11.76,6.06,3.0,0.0,0.0,1.22,,,13.79,11.76,6.06,3.0,0.0,0.0,1.22,1.82,0.59,35.5,9.3,6.7
Brandon Leibrandt,SP,FA,13.75,13.75,,,,,,,,,,,-0.48,-0.18,17.02,10.0,8.0,1.0,0.0,0.0,6.0,-0.49,-0.17,17.02,10.0,8.0,1.0,0.0,0.0,6.0,-0.53,-0.21,17.02,10.0,8.0,1.0,0.0,0.0,6.0,,,,,
Luinder Avila,RP,FA,120.75,10.98,11.0,0.0,0.0,2.4,4.44,-0.77,-0.82,23.8,13.8,6.9,-0.5,-0.43,19.35,19.05,5.81,1.0,0.0,0.0,5.0,-1.13,-0.78,13.79,15.79,8.5,2.0,0.0,0.0,4.0,-0.23,-0.32,21.64,16.44,6.04,7.0,0.0,0.0,2.48,0.76,0.36,29.1,10.7,6.5
Hoby Milner,RP,FA,136.5,5.06,27.0,1.0,4.0,1.0,2.33,-0.8,0.55,16.0,5.6,7.7,-0.51,-0.34,18.18,0.0,12.82,3.0,0.0,1.0,0.89,-0.29,-0.15,19.44,0.0,11.94,5.0,0.0,1.0,0.8,-0.36,-0.13,18.42,2.38,10.49,10.0,0.0,1.0,1.03,-1.25,0.2,15.5,7.2,8.3
DL Hall,RP,FA,170.25,7.4,23.0,0.0,3.0,1.2,2.2,-0.84,-1.97,29.6,20.3,6.4,-0.51,-2.0,36.67,29.41,10.53,2.0,0.0,0.0,2.0,-1.37,-2.56,26.83,29.17,11.43,3.0,0.0,0.0,1.78,-0.68,-1.55,26.51,25.49,7.34,9.0,0.0,0.0,1.41,-2.56,-2.42,19.6,11.0,11.4
Gavin Collyer,RP,FA,82.0,4.56,18.0,0.0,0.0,0.9,3.71,-1.22,-1.71,25.2,18.4,6.7,-0.53,-1.12,26.67,33.33,4.08,2.0,0.0,0.0,1.0,-0.42,-1.22,27.59,26.09,6.38,4.0,0.0,0.0,1.08,-0.18,-0.95,27.69,23.4,5.85,9.0,0.0,0.0,1.07,,,,,
Tim Mayza,RP,FA,143.25,6.23,23.0,0.0,1.0,1.2,3.62,0.93,1.65,23.6,6.4,5.3,-0.55,1.24,0.0,0.0,4.0,1.0,0.0,0.0,2.0,,,0.0,0.0,3.03,2.0,0.0,0.0,1.33,0.47,0.87,20.37,0.0,7.63,8.0,0.0,0.0,1.17,-0.71,-0.97,25.4,6.8,10.6
Steven Okert,RP,FA,165.25,5.7,29.0,0.0,7.0,0.9,3.33,0.71,0.59,27.7,9.3,6.1,-0.56,0.28,10.53,14.29,3.7,3.0,0.0,2.0,1.22,-0.16,0.81,12.5,12.5,2.33,6.0,0.0,3.0,1.0,1.41,0.97,31.34,7.5,4.52,11.0,0.0,4.0,1.03,0.9,-0.17,32.8,6.9,9.1
Ryan Feltner,SP,FA,120.5,20.08,6.0,0.0,0.0,4.3,4.85,-0.75,-0.95,24.7,7.4,9.8,-0.56,-0.32,17.24,0.0,12.7,1.0,0.0,0.0,6.0,-0.56,-0.31,17.24,0.0,12.7,1.0,0.0,0.0,6.0,,,17.24,0.0,12.7,1.0,0.0,0.0,6.0,0.79,0.9,26.5,8.9,6.3
Gordon Graceffo,RP,FA,178.25,6.86,26.0,1.0,3.0,1.2,1.76,-1.67,-0.37,14.2,9.6,7.8,-0.57,-0.29,16.67,0.0,12.5,3.0,0.0,0.0,1.11,-1.15,-0.67,12.5,6.25,11.86,5.0,0.0,0.0,0.93,-1.15,-0.19,9.09,9.09,8.28,11.0,0.0,1.0,1.09,-0.58,-0.34,23.1,6.7,9.5
Beau Brieske,RP,FA,0.5,0.25,,,,,,,,,,,-0.57,-1.27,27.59,27.27,7.27,2.0,0.0,0.0,0.83,-0.62,-1.51,27.59,27.27,7.27,2.0,0.0,0.0,0.83,,,27.59,27.27,7.27,2.0,0.0,0.0,0.83,-0.99,-0.54,21.2,11.7,7.7
Brad Lord,RP,FA,236.0,13.11,17.0,0.0,5.0,2.2,2.68,0.07,0.51,23.1,4.6,8.2,-0.59,-0.9,23.08,16.67,9.38,2.0,0.0,0.0,1.67,-0.18,-0.51,24.32,5.56,11.39,3.0,0.0,1.0,2.11,0.14,0.08,23.01,2.0,9.86,7.0,0.0,3.0,2.1,-0.76,-0.24,21.3,7.9,8.8
Chase Silseth,RP,FA,135.75,5.22,26.0,0.0,5.0,0.8,1.74,0.76,-0.31,33.1,14.4,5.7,-0.6,0.16,11.11,0.0,10.0,2.0,0.0,0.0,1.17,-0.11,0.43,16.67,0.0,9.23,5.0,0.0,2.0,0.8,0.63,0.34,26.87,8.33,6.54,10.0,0.0,2.0,0.93,1.08,-0.33,34.9,12.2,7.1
Michael Lorenzen,SP,FA,190.75,14.67,13.0,0.0,0.0,4.4,7.22,-0.26,0.57,20.1,7.2,7.0,-0.62,-0.36,16.67,11.11,8.57,1.0,0.0,0.0,3.67,-0.6,-0.17,15.38,7.14,9.15,2.0,0.0,0.0,4.33,-0.45,-0.11,17.17,9.57,7.78,5.0,0.0,0.0,4.67,0.15,0.62,23.4,6.4,7.9
Andrew Alvarez,SP,FA,136.75,22.79,5.0,1.0,2.0,3.0,4.02,-0.12,-0.56,27.5,7.8,8.9,-0.64,0.05,11.76,13.33,5.41,2.0,0.0,0.0,3.83,-0.9,-0.46,13.95,14.29,7.61,3.0,0.0,1.0,3.0,-0.02,-0.57,26.44,10.42,9.18,5.0,1.0,2.0,3.2,-0.32,0.21,22.2,10.2,7.0
Zach Agnos,RP,FA,137.5,8.59,16.0,2.0,0.0,2.3,7.78,0.4,0.8,24.1,7.6,6.4,-0.64,-0.06,13.04,9.09,7.69,1.0,0.0,0.0,1.0,-0.15,0.23,17.95,7.14,7.24,3.0,0.0,0.0,2.67,-0.3,0.18,16.56,4.76,8.45,6.0,0.0,0.0,3.06,0.35,-0.26,29.4,11.7,7.2
Mike Paredes,RP,FA,16.75,16.75,,,,,,,,,,,-0.64,-0.39,16.67,17.65,6.15,1.0,0.0,0.0,3.67,-0.69,-0.44,16.67,17.65,6.15,1.0,0.0,0.0,3.67,,,16.67,17.65,6.15,1.0,0.0,0.0,3.67,,,,,
Troy Melton,RP,FA,108.5,36.17,2.0,0.0,0.0,6.1,1.42,-0.86,0.66,14.9,8.0,6.5,-0.7,-0.11,12.5,3.57,10.11,2.0,0.0,0.0,7.5,-0.32,0.31,14.94,8.0,6.55,3.0,0.0,0.0,6.89,-0.3,0.37,14.94,8.0,6.55,3.0,0.0,0.0,6.89,-1.11,-1.11,23.3,8.3,10.2
Steven Matz,RP,FA,227.75,22.78,10.0,0.0,0.0,4.6,5.48,-0.24,0.03,23.3,8.7,7.4,-0.7,-0.41,16.0,0.0,13.21,1.0,0.0,0.0,1.67,-0.93,-0.42,13.21,6.9,10.43,2.0,0.0,0.0,2.33,-0.71,-0.44,16.67,8.7,9.34,3.0,0.0,0.0,2.89,-0.77,0.23,18.8,3.6,9.8
Griffin Canning,SP,FA,109.25,18.21,6.0,0.0,0.0,4.5,7.16,0.08,0.16,25.1,12.5,5.6,-0.71,-0.11,12.5,9.52,7.79,1.0,0.0,0.0,5.0,-0.54,-0.28,17.24,11.11,8.05,2.0,0.0,0.0,5.83,-0.27,-0.02,18.75,11.88,6.62,5.0,0.0,0.0,4.53,0.27,0.38,25.5,10.4,6.6
Michael McGreevy,SP,FA,338.75,28.23,12.0,0.0,0.0,5.5,2.98,0.18,1.2,20.1,6.5,6.1,-0.71,-0.31,14.63,8.7,9.2,1.0,0.0,0.0,6.0,0.07,0.1,22.22,11.11,6.25,2.0,0.0,0.0,5.0,0.46,0.6,22.55,7.83,5.75,5.0,0.0,0.0,5.4,-0.4,0.67,19.2,5.0,8.4
Jaden Hill,RP,FA,163.0,6.79,24.0,0.0,10.0,0.9,3.43,0.49,-0.04,29.5,11.7,6.3,-0.71,-1.8,31.25,25.0,11.11,2.0,0.0,1.0,0.83,,,30.0,20.0,9.76,3.0,0.0,1.0,0.67,0.69,0.65,25.0,6.25,6.15,9.0,0.0,4.0,0.93,0.07,-0.02,26.1,9.3,7.8
Kevin Kelly,RP,FA,229.0,8.81,26.0,2.0,12.0,1.0,2.67,-1.41,-0.87,19.0,5.1,10.6,-0.73,0.37,6.67,0.0,8.82,2.0,0.0,1.0,1.17,-0.88,0.59,4.55,6.67,5.77,4.0,0.0,2.0,0.92,-1.44,-0.47,7.89,2.33,11.8,12.0,0.0,7.0,1.03,-1.48,-1.22,21.2,5.3,11.7
Brent Suter,RP,FA,156.75,6.82,23.0,0.0,3.0,1.4,4.09,-0.24,0.21,22.3,9.6,6.7,-0.78,-0.04,10.53,0.0,11.11,3.0,0.0,0.0,1.0,-0.94,0.29,6.52,3.57,8.42,5.0,0.0,1.0,1.4,-0.67,-0.03,13.68,7.69,8.16,10.0,0.0,1.0,1.23,-0.65,-0.11,21.4,6.2,9.3
Anthony Kay,SP,FA,282.0,23.5,12.0,0.0,0.0,4.8,3.77,-0.1,0.75,20.4,9.3,5.8,-0.79,-0.5,15.38,4.55,11.9,1.0,0.0,0.0,5.0,-0.1,0.1,19.77,4.35,8.99,2.0,0.0,0.0,5.5,0.1,0.43,19.53,7.76,6.42,5.0,0.0,0.0,5.47,,,,,
Caleb Kilian,RP,FA,197.5,7.9,25.0,3.0,3.0,1.0,3.71,-0.05,-0.37,27.0,12.5,6.6,-0.8,-0.29,12.9,13.33,7.27,3.0,0.0,0.0,0.78,-0.27,-0.22,20.41,8.33,8.89,5.0,1.0,0.0,1.07,-0.38,-0.24,19.15,12.5,7.18,10.0,2.0,1.0,1.07,,,,,
Brad Keller,RP,FA,234.0,9.0,26.0,3.0,9.0,1.0,3.51,-0.39,-0.15,23.1,7.6,8.2,-0.81,0.16,7.69,0.0,10.0,2.0,0.0,2.0,1.0,-0.65,0.26,10.81,10.0,5.95,5.0,0.0,5.0,1.0,-0.0,0.33,19.05,8.7,6.45,11.0,1.0,5.0,1.0,1.04,1.17,26.9,8.0,6.2
Clayton Beeter,RP,FA,146.25,9.14,15.0,4.0,2.0,1.0,2.3,-2.64,-3.1,21.6,18.2,9.4,-0.83,-0.55,15.38,22.22,5.26,3.0,2.0,0.0,1.22,-1.16,-1.56,20.59,20.0,10.47,6.0,2.0,0.0,1.11,-1.35,-1.85,20.59,20.0,10.47,6.0,2.0,0.0,1.11,0.28,-1.05,32.9,17.3,6.2
Ian Seymour,RP,FA,253.5,9.75,26.0,2.0,10.0,1.2,5.23,-0.08,-0.83,29.3,11.2,8.0,-0.83,-2.69,39.13,31.25,13.64,2.0,0.0,0.0,1.5,-0.71,-1.84,29.41,21.21,11.28,4.0,0.0,0.0,1.67,-0.16,-0.81,26.67,13.11,9.09,11.0,2.0,2.0,1.3,0.04,-0.24,27.0,7.9,8.8
Blas Castano,RP,FA,59.0,9.83,6.0,0.0,0.0,2.2,4.15,-0.98,-0.97,23.0,7.5,9.8,-0.84,-0.47,14.29,0.0,13.51,2.0,0.0,0.0,2.0,-0.28,-0.21,20.25,6.98,9.41,5.0,0.0,0.0,2.13,-0.21,-0.44,23.0,7.55,9.77,6.0,0.0,0.0,2.17,,,,,
Juan Mejia,RP,FA,185.75,7.43,25.0,3.0,4.0,1.1,5.79,0.15,-0.38,28.7,12.3,6.7,-0.86,-0.03,9.09,6.25,8.62,3.0,0.0,0.0,0.89,-0.77,-0.62,17.31,19.23,6.36,5.0,0.0,1.0,0.87,0.23,-0.12,25.71,17.31,4.98,11.0,2.0,2.0,0.97,0.74,0.07,30.4,9.6,7.5
Paul Blackburn,RP,FA,108.25,6.77,16.0,0.0,0.0,1.5,3.33,-0.84,0.36,16.7,10.6,6.0,-0.87,0.09,7.69,11.11,6.06,1.0,0.0,0.0,2.0,-0.8,-0.47,15.38,6.25,10.91,2.0,0.0,0.0,2.0,-0.77,-0.31,14.86,15.91,6.21,7.0,0.0,0.0,1.48,0.93,1.88,22.5,6.9,5.4
Hogan Harris,RP,FA,276.5,8.92,31.0,5.0,9.0,0.9,2.57,-2.11,-3.19,26.3,16.9,10.1,-0.88,-1.74,27.78,10.0,16.67,3.0,1.0,1.0,0.89,-1.01,-2.72,33.33,18.75,16.44,5.0,1.0,2.0,0.8,-1.1,-2.18,26.47,14.29,13.79,12.0,4.0,3.0,0.78,-1.53,-1.64,23.0,11.9,9.6
Tyler Wells,SP,FA,171.5,8.17,21.0,0.0,8.0,1.3,4.28,-0.48,-0.93,26.7,6.1,10.3,-0.89,-0.68,15.79,9.09,11.11,2.0,0.0,1.0,1.0,-0.29,0.07,17.5,4.76,8.97,4.0,0.0,2.0,1.25,-0.64,-0.78,20.48,7.89,10.9,7.0,0.0,3.0,1.29,-0.32,-0.03,23.4,2.4,10.8
Joel Peguero,RP,FA,45.5,4.14,11.0,0.0,1.0,1.0,2.38,-1.39,-0.67,18.1,8.3,8.9,-0.9,-0.98,19.05,9.09,12.82,2.0,0.0,1.0,1.0,-0.13,-0.01,20.45,9.09,7.59,4.0,0.0,1.0,1.08,-0.48,-0.26,18.09,8.16,8.88,11.0,0.0,1.0,1.03,-0.53,-0.08,22.1,9.3,7.9
Phil Maton,RP,FA,100.0,4.76,21.0,0.0,3.0,0.9,7.23,-0.19,-0.41,26.1,11.2,7.2,-0.91,0.72,0.0,0.0,6.9,2.0,0.0,0.0,0.83,-1.31,-0.64,10.0,15.0,8.14,5.0,0.0,0.0,0.93,0.19,0.2,22.5,10.2,6.38,12.0,0.0,2.0,0.94,0.95,-0.76,36.2,9.6,9.0
Miles Mikolas,SP,FA,175.25,13.48,13.0,0.0,0.0,4.3,6.39,-0.17,1.31,16.8,6.5,5.9,-0.91,-0.17,9.76,8.0,8.7,1.0,0.0,0.0,6.0,-0.51,0.54,10.1,3.39,7.34,3.0,0.0,0.0,4.89,-0.35,0.68,11.85,4.24,6.8,6.0,0.0,0.0,4.83,-1.22,0.06,16.5,5.5,9.3
Peter Lambert,SP,FA,261.25,32.66,8.0,0.0,0.0,5.6,3.77,-0.03,-0.17,26.1,11.1,6.8,-0.91,-0.6,14.63,13.64,8.89,1.0,0.0,0.0,5.0,-0.58,-0.25,16.47,15.22,6.22,2.0,0.0,0.0,5.0,-0.26,-0.12,19.57,11.29,7.19,5.0,0.0,0.0,6.0,,,,,
Ryan Zeferjahn,RP,FA,177.75,8.08,22.0,1.0,5.0,1.2,5.74,-0.31,-1.3,30.1,14.8,7.4,-0.91,-1.63,26.09,28.57,8.77,3.0,0.0,1.0,0.78,-1.46,-1.78,18.42,25.0,9.47,5.0,0.0,2.0,0.87,-0.74,-1.26,23.19,21.74,7.61,10.0,1.0,3.0,0.83,0.25,-0.59,30.3,13.3,7.1
Andrew Wantz,RP,FA,-3.0,-3.0,,,,,,,,,,,-0.94,0.01,7.41,18.18,3.7,1.0,0.0,0.0,1.67,-1.05,0.03,7.41,18.18,3.7,1.0,0.0,0.0,1.67,,,7.41,18.18,3.7,1.0,0.0,0.0,1.67,,,,,
Jack Kochanowicz,SP,FA,279.5,23.29,12.0,0.0,0.0,5.3,5.23,-0.56,-0.47,23.5,12.2,6.9,-0.96,-0.86,16.67,25.0,5.88,1.0,0.0,0.0,2.33,-0.07,-0.16,22.64,16.67,5.22,2.0,0.0,0.0,3.17,-0.13,-0.12,21.31,12.39,6.8,5.0,0.0,0.0,4.47,-1.18,-0.72,20.8,11.3,8.2
Matt Gage,RP,FA,175.75,6.06,29.0,1.0,5.0,0.8,2.63,-0.86,-1.0,24.1,12.7,7.7,-0.97,-0.95,17.65,18.18,9.09,2.0,0.0,0.0,0.83,-0.12,-0.43,24.39,8.7,9.72,5.0,0.0,0.0,0.93,-0.27,-0.09,19.32,8.7,8.05,13.0,1.0,1.0,0.77,0.13,0.65,23.1,8.8,6.8
Mitch Farris,SP,FA,112.0,11.2,10.0,0.0,0.0,2.3,3.04,0.03,-0.4,27.8,10.7,7.4,-0.99,0.15,5.0,17.65,3.12,1.0,0.0,0.0,4.0,-0.75,-0.57,17.07,19.35,6.03,3.0,0.0,0.0,2.22,-0.02,0.13,20.51,13.46,5.47,5.0,0.0,0.0,2.33,0.88,0.62,28.6,10.3,6.2
Ryan Borucki,RP,FA,89.5,4.26,21.0,0.0,1.0,1.1,4.94,0.49,0.19,28.2,8.7,7.1,-0.99,0.1,5.56,0.0,10.34,1.0,0.0,0.0,2.0,-0.87,-0.85,18.0,10.71,10.89,3.0,0.0,0.0,1.78,0.15,0.14,22.55,8.77,7.14,9.0,0.0,0.0,1.48,-0.5,-1.53,29.8,11.0,9.8
Keegan Akin,RP,FA,40.75,2.72,15.0,0.0,0.0,0.9,9.88,-0.24,0.12,22.8,7.6,7.7,-0.99,-0.47,11.76,14.29,7.89,2.0,0.0,0.0,0.83,-0.37,-0.17,18.6,13.04,6.74,5.0,0.0,0.0,1.0,0.02,0.18,20.65,10.64,6.32,11.0,0.0,0.0,0.91,-0.99,-1.4,25.6,12.3,9.0
Ryan Rolison,RP,FA,104.0,6.93,15.0,0.0,0.0,1.2,2.89,-2.54,-1.91,15.8,13.0,9.3,-1.0,-1.21,20.0,37.5,2.94,1.0,0.0,0.0,2.0,-1.32,-0.62,9.68,20.0,6.02,3.0,0.0,0.0,1.56,-1.17,-1.2,17.39,18.37,8.65,10.0,0.0,0.0,1.1,-1.82,-0.95,17.4,10.4,9.0
Edgardo Henriquez,RP,FA,141.0,6.71,21.0,0.0,4.0,1.0,3.27,-0.19,0.01,23.8,10.0,6.9,-1.01,-0.22,8.7,7.69,9.09,3.0,0.0,2.0,0.89,,,8.7,7.69,9.09,3.0,0.0,2.0,0.89,-0.28,-0.49,22.58,6.82,10.23,10.0,0.0,4.0,1.17,0.93,0.62,29.0,6.4,7.9
Scott Barlow,RP,FA,207.5,7.41,28.0,2.0,9.0,1.0,3.0,1.05,-0.36,35.7,13.9,6.0,-1.02,-1.33,21.05,38.46,3.23,3.0,1.0,1.0,0.67,-1.0,-1.62,23.33,31.58,6.02,5.0,2.0,1.0,0.73,0.87,0.11,31.82,16.0,4.62,13.0,2.0,3.0,0.87,-0.24,-1.36,30.8,14.9,7.8
Colin Rea,SP,FA,304.75,25.4,12.0,1.0,0.0,4.9,4.7,-0.19,0.34,22.0,7.8,7.2,-1.05,-1.11,17.95,13.04,11.96,1.0,0.0,0.0,5.33,-0.38,-0.77,24.1,12.0,10.0,2.0,0.0,0.0,6.17,-0.31,-0.1,18.91,9.57,7.76,5.0,0.0,0.0,5.33,-0.36,0.18,22.0,6.6,8.6
Jonathan Loaisiga,RP,FA,116.5,4.66,25.0,1.0,4.0,0.9,3.18,-0.69,-0.2,21.0,6.4,8.8,-1.07,-0.96,16.0,21.43,7.84,3.0,0.0,0.0,0.78,-1.37,-1.34,15.62,16.67,10.77,4.0,0.0,0.0,0.83,-0.87,-0.14,12.12,9.09,8.06,9.0,0.0,0.0,0.89,1.08,1.32,26.5,7.4,6.2
Spencer Miles,SP,FA,192.5,12.03,16.0,0.0,1.0,2.3,3.47,-0.58,-0.08,21.2,8.0,7.9,-1.09,-0.82,14.29,17.65,8.57,1.0,0.0,0.0,3.0,-0.46,-0.17,17.48,10.0,8.0,3.0,0.0,1.0,3.89,-0.5,-0.45,19.35,9.21,9.18,5.0,0.0,1.0,3.67,,,,,
Tony Santillan,RP,FA,181.0,7.24,25.0,2.0,11.0,0.9,5.56,-0.43,0.19,20.9,12.1,5.7,-1.12,0.41,0.0,12.5,3.7,2.0,0.0,1.0,0.83,-1.33,-0.36,7.14,16.67,6.15,4.0,0.0,1.0,0.92,-0.48,0.56,11.11,7.5,6.04,10.0,1.0,2.0,0.8,-0.02,-0.31,27.0,9.6,8.2
Bailey Ober,SP,FA,325.75,27.15,12.0,0.0,0.0,5.5,4.59,-0.87,-0.2,19.6,6.4,8.8,-1.13,-0.71,12.28,3.7,13.4,1.0,0.0,0.0,4.67,-0.31,0.2,16.04,2.04,9.5,2.0,0.0,0.0,4.83,-0.27,0.13,17.32,4.03,8.9,5.0,0.0,0.0,5.73,0.49,0.95,24.1,5.0,7.9
Tristan Beck,RP,FA,6.0,1.5,,,,,,,,,,,-1.13,-0.77,12.9,12.5,10.29,2.0,0.0,0.0,1.0,-1.26,-0.88,12.9,12.5,10.29,2.0,0.0,0.0,1.0,-0.54,-0.18,16.67,7.41,8.85,4.0,0.0,0.0,1.25,-0.29,0.11,22.9,6.9,8.6
Eduard Bazardo,RP,FA,214.5,7.4,28.0,0.0,11.0,1.0,2.0,-0.07,0.59,21.5,8.8,6.3,-1.16,0.35,0.0,10.0,5.0,2.0,0.0,2.0,1.33,-0.19,0.87,11.43,5.56,4.88,4.0,0.0,2.0,1.25,0.13,-0.09,24.21,9.62,7.69,11.0,0.0,6.0,1.03,-1.78,-1.29,19.4,8.6,10.4
Simeon Woods-Richardson,SP,FA,110.5,9.21,12.0,0.0,0.0,3.9,7.74,-1.71,-1.16,18.2,11.0,8.7,-1.19,-0.97,14.29,18.75,8.96,1.0,0.0,0.0,2.67,-1.1,-0.72,13.64,16.67,7.84,2.0,0.0,0.0,2.33,-1.11,-1.47,20.37,16.42,10.37,5.0,0.0,0.0,2.6,-0.93,-1.02,24.1,9.8,9.4
Richard Lovelady,RP,FA,196.25,7.85,25.0,4.0,4.0,1.0,3.12,-0.86,-1.05,24.4,15.6,6.6,-1.2,-0.21,5.56,21.43,3.64,2.0,0.0,0.0,1.33,-1.08,-0.5,11.9,17.24,6.6,6.0,1.0,1.0,0.89,-0.37,-0.4,20.69,17.54,5.96,12.0,3.0,2.0,0.97,0.11,-0.47,28.7,10.5,8.1
Bradgley Rodriguez,RP,FA,153.25,6.13,25.0,0.0,3.0,1.1,1.57,0.19,-0.54,29.9,7.7,8.9,-1.2,-1.39,18.75,20.0,10.81,2.0,0.0,0.0,1.0,-0.43,-0.69,22.64,15.38,8.26,5.0,0.0,0.0,1.0,0.44,-0.25,29.59,8.0,8.9,11.0,0.0,0.0,1.09,,,,,
Mark Leiter Jr.,RP,FA,161.0,6.19,26.0,4.0,2.0,0.9,5.47,1.04,1.32,26.3,7.4,5.5,-1.21,0.28,0.0,14.29,3.7,2.0,0.0,0.0,1.0,-1.14,-0.51,11.11,14.29,7.84,4.0,1.0,1.0,1.0,0.28,0.67,19.7,6.98,5.81,10.0,1.0,1.0,1.07,1.18,0.94,29.1,7.8,6.7
Michael Kelly,RP,FA,7.0,1.4,,,,,,,,,,,-1.22,-1.16,15.79,20.0,9.52,1.0,0.0,0.0,0.67,,,15.79,20.0,9.52,1.0,0.0,0.0,0.67,,,15.79,20.0,9.52,1.0,0.0,0.0,0.67,-1.67,-1.68,22.2,11.4,9.9
Travis Adams,RP,FA,67.75,8.47,8.0,1.0,0.0,1.4,8.18,-0.75,-1.74,29.1,9.8,10.3,-1.28,-0.36,5.88,0.0,12.9,2.0,0.0,0.0,1.0,-0.01,-0.45,26.19,12.0,8.51,5.0,1.0,0.0,1.07,-0.43,-0.8,23.26,9.8,10.27,8.0,1.0,0.0,1.38,0.37,0.5,25.6,10.8,6.2
Lucas Erceg,RP,FA,219.0,9.12,24.0,11.0,1.0,0.9,6.45,-1.67,-1.53,20.6,14.4,8.0,-1.32,-1.07,13.33,18.18,9.76,2.0,0.0,0.0,0.5,-0.73,-0.28,14.63,8.33,9.2,4.0,0.0,0.0,0.75,-0.31,-0.26,20.24,10.87,7.88,9.0,2.0,0.0,0.89,-0.21,-0.13,24.7,7.2,8.9
Gus Varland,RP,FA,179.75,7.49,23.0,4.0,6.0,1.0,4.09,-0.04,-0.11,25.7,10.1,7.1,-1.34,-2.16,25.0,50.0,3.33,2.0,0.0,0.0,0.67,-0.82,-0.13,12.0,17.65,4.69,5.0,0.0,1.0,0.8,-0.8,-0.71,17.91,17.07,7.28,10.0,1.0,2.0,0.93,,,,,
Brenan Hanifee,RP,FA,46.75,3.9,12.0,0.0,1.0,1.0,3.65,-1.83,-0.38,13.0,7.7,8.6,-1.38,-1.77,20.0,20.0,12.9,3.0,0.0,0.0,0.67,,,11.11,18.75,12.24,5.0,0.0,1.0,0.6,-1.8,-0.77,5.88,10.26,10.0,9.0,0.0,1.0,0.96,-1.54,-0.31,16.1,5.4,10.0
Sam Hentges,RP,FA,49.5,5.5,,,,,,,,,,,-1.48,-2.51,26.67,36.36,10.64,2.0,0.0,0.0,0.83,-1.01,-2.27,29.17,31.58,9.09,4.0,0.0,0.0,0.83,-0.87,-1.71,25.45,26.32,7.64,9.0,0.0,1.0,0.89,,,,,
Brandyn Garcia,RP,FA,94.5,6.75,14.0,0.0,5.0,0.9,0.75,-1.74,-1.58,20.3,4.7,12.1,-1.57,-0.94,7.69,0.0,16.13,3.0,0.0,1.0,1.0,-1.47,-0.88,10.0,0.0,15.38,6.0,0.0,3.0,0.78,-1.12,-1.35,19.23,5.41,13.95,13.0,0.0,5.0,0.77,-0.89,-0.58,22.1,12.1,7.6
Joel Kuhnel,RP,FA,159.0,6.91,23.0,4.0,3.0,1.0,3.04,-0.26,0.18,22.3,6.1,8.2,-1.65,-0.36,0.0,0.0,12.9,1.0,0.0,0.0,1.67,0.34,0.47,22.45,7.41,6.0,5.0,0.0,0.0,1.2,0.81,1.18,22.09,4.08,4.97,11.0,0.0,2.0,1.0,,,,,
Kody Funderburk,RP,FA,118.25,5.63,21.0,1.0,6.0,0.9,3.44,-2.49,-2.01,16.7,19.5,6.8,-1.69,-1.47,11.76,25.0,9.3,2.0,0.0,0.0,1.17,,,11.76,25.0,9.3,2.0,0.0,0.0,1.17,-0.66,-1.26,24.32,25.0,6.45,5.0,0.0,0.0,1.0,-1.31,-1.02,21.4,9.8,9.4
Matt Festa,RP,FA,188.25,7.24,26.0,1.0,7.0,1.0,4.5,0.53,0.12,28.9,7.1,7.9,-1.92,-2.14,15.38,14.29,17.24,2.0,0.0,0.0,0.83,-0.93,-0.75,16.22,14.29,8.97,5.0,0.0,1.0,1.0,0.1,-0.34,25.97,10.0,8.5,11.0,0.0,4.0,0.82,0.26,0.02,27.3,6.6,8.9
Tim Hill,RP,FA,133.0,4.75,28.0,0.0,8.0,0.8,4.24,-2.86,-1.76,12.4,6.0,11.9,-2.05,-1.31,4.17,7.69,15.22,2.0,0.0,0.0,1.0,-1.87,-1.17,7.14,12.0,11.9,5.0,0.0,0.0,0.73,-2.29,-1.5,5.95,7.69,13.69,13.0,0.0,3.0,0.72,-0.71,0.79,16.4,5.9,7.8
Hayden Juenger,RP,FA,-4.0,-4.0,,,,,,,,,,,-2.08,-1.55,6.25,28.57,8.33,1.0,0.0,0.0,1.0,,,6.25,28.57,8.33,1.0,0.0,0.0,1.0,,,6.25,28.57,8.33,1.0,0.0,0.0,1.0,,,,,
Mason Montgomery,RP,FA,179.75,7.82,23.0,0.0,7.0,1.0,3.91,-0.32,-1.8,32.8,10.3,10.2,-2.18,-2.08,10.53,18.18,15.38,2.0,0.0,1.0,1.17,-1.3,-1.51,18.18,10.53,14.1,4.0,0.0,2.0,1.25,-0.04,-0.94,29.33,7.69,11.56,9.0,0.0,3.0,1.07,0.33,-1.54,35.8,12.9,9.0
John Klein,RP,FA,11.25,3.75,,,,,,,,,,,-2.68,-2.46,6.67,30.0,12.82,1.0,0.0,0.0,2.0,,,6.67,30.0,12.82,1.0,0.0,0.0,2.0,,,9.09,25.0,10.0,2.0,0.0,0.0,1.67,,,,,
Chris Murphy,RP,FA,56.25,7.03,,,,,,,,,,,-3.26,-3.7,11.11,60.0,8.0,2.0,0.0,0.0,1.67,,,11.11,60.0,8.0,2.0,0.0,0.0,1.67,,,11.11,60.0,8.0,2.0,0.0,0.0,1.67,-0.64,-1.08,26.5,13.5,7.9
Josh White,RP,FA,-6.25,-6.25,,,,,,,,,,,-3.62,-3.23,0.0,50.0,9.3,1.0,0.0,0.0,0.67,,,0.0,50.0,9.3,1.0,0.0,0.0,0.67,,,0.0,50.0,9.3,1.0,0.0,0.0,0.67,,,,,
Blake Treinen,RP,FA,145.25,6.32,23.0,1.0,6.0,0.8,3.0,0.5,0.32,27.6,9.1,6.7,,,50.0,20.0,11.11,2.0,0.0,0.0,0.67,,,60.0,16.67,9.09,3.0,1.0,0.0,0.56,0.5,-0.15,29.41,12.12,7.02,10.0,1.0,1.0,0.8,-1.25,-1.75,25.6,14.7,8.6
Justin Slaten,RP,FA,89.25,8.11,11.0,0.0,6.0,0.9,3.6,0.22,-0.2,28.2,9.3,7.6,,,50.0,16.67,14.29,1.0,0.0,1.0,1.33,,,30.77,15.38,10.2,2.0,0.0,1.0,1.0,0.69,0.6,25.42,6.9,6.09,7.0,0.0,4.0,0.95,0.26,-0.1,27.9,7.3,8.8
Danny Coulombe,RP,FA,51.0,3.19,16.0,0.0,3.0,0.7,6.55,-0.36,0.54,19.5,12.2,5.0,,,50.0,33.33,5.56,2.0,0.0,0.0,0.5,-0.27,-0.85,26.32,23.08,5.88,4.0,0.0,0.0,0.75,,,26.32,23.08,5.88,4.0,0.0,0.0,0.75,0.41,0.15,27.7,10.2,7.1
Eric Cerantola,SP,FA,23.25,7.75,,,,,,,,,,,,,50.0,0.0,6.25,1.0,0.0,0.0,1.0,,,50.0,0.0,6.25,1.0,0.0,0.0,1.0,1.93,-0.28,48.39,22.22,3.8,3.0,0.0,0.0,1.33,,,,,
Cam Sanders,SP,FA,27.25,4.54,,,,,,,,,,,,,44.44,0.0,0.0,1.0,0.0,0.0,1.0,,,44.44,0.0,0.0,1.0,0.0,0.0,1.0,,,43.24,20.0,4.69,3.0,0.0,0.0,1.0,,,,,
Jake Bird,RP,FA,123.0,5.59,22.0,0.0,6.0,0.8,5.0,-0.16,-1.29,31.3,6.3,10.9,,,36.36,0.0,10.0,1.0,0.0,0.0,1.0,,,33.33,11.11,7.69,2.0,0.0,0.0,0.83,0.16,-1.11,33.33,6.67,12.6,9.0,0.0,2.0,0.74,-0.74,-1.54,28.1,10.1,10.2
Antonio Senzatela,SP,FA,248.75,14.63,17.0,3.0,2.0,2.0,1.3,0.46,0.57,25.9,7.7,6.8,,,33.33,16.67,5.88,1.0,0.0,0.0,1.67,0.22,0.33,22.22,11.76,4.92,3.0,0.0,0.0,1.44,0.58,0.74,22.97,8.33,5.06,7.0,1.0,1.0,1.76,-0.56,0.66,18.1,7.6,7.3
Kevin Ginkel,RP,FA,164.75,6.34,26.0,0.0,4.0,0.9,2.96,1.05,0.66,30.0,6.3,7.2,,,33.33,0.0,8.33,2.0,0.0,0.0,0.83,1.08,0.73,30.3,5.56,5.56,6.0,0.0,2.0,0.89,0.96,0.63,28.57,5.88,6.38,11.0,0.0,2.0,0.85,1.02,0.91,28.1,10.7,5.5
Jake Woodford,SP,FA,101.5,6.77,15.0,1.0,0.0,1.3,6.2,-0.14,0.55,21.2,7.3,7.0,,,33.33,0.0,4.76,2.0,0.0,0.0,0.67,-0.29,-0.04,18.52,21.05,2.86,3.0,0.0,0.0,1.0,-0.15,0.0,20.0,17.39,4.49,4.0,0.0,0.0,1.0,-1.0,0.38,16.4,7.6,7.8
Logan VanWey,RP,FA,23.75,7.92,,,,,,,,,,,,,33.33,0.0,0.0,1.0,0.0,0.0,1.0,,,33.33,0.0,0.0,1.0,0.0,0.0,1.0,,,31.58,0.0,0.0,3.0,0.0,0.0,1.0,-1.07,0.19,16.9,6.1,8.8
Gabe Speier,RP,FA,131.25,7.29,18.0,1.0,6.0,0.8,2.45,-1.17,-1.57,24.8,7.8,10.8,,,30.77,0.0,4.17,2.0,0.0,1.0,0.67,,,30.0,0.0,5.26,3.0,0.0,1.0,0.78,,,30.0,0.0,5.26,3.0,0.0,1.0,0.78,1.05,0.41,30.9,4.5,9.1
Eric Orze,RP,FA,188.0,7.83,23.0,1.0,6.0,1.2,3.95,0.01,0.17,24.5,11.0,6.2,,,30.0,0.0,0.0,2.0,0.0,0.0,1.5,0.19,0.32,21.88,4.55,7.89,5.0,0.0,2.0,1.27,0.12,0.43,19.72,9.8,5.68,10.0,0.0,2.0,1.3,-0.21,-0.58,27.0,10.7,8.2
Chad Patrick,SP,FA,264.25,18.88,14.0,2.0,2.0,3.3,2.54,0.41,0.4,26.4,9.7,6.3,,,28.57,0.0,6.25,1.0,0.0,0.0,1.0,0.38,-0.76,34.48,4.17,13.13,3.0,1.0,0.0,2.11,0.61,-0.16,30.83,3.92,10.05,7.0,2.0,2.0,2.1,0.05,0.45,23.5,8.0,7.5
Wandy Peralta,RP,FA,119.0,5.17,23.0,0.0,2.0,1.1,2.73,0.34,0.69,24.2,11.5,5.0,,,28.57,16.67,0.0,1.0,0.0,0.0,1.0,0.52,0.47,25.0,22.22,0.0,3.0,0.0,0.0,1.11,-0.26,0.18,17.14,15.91,4.38,8.0,0.0,1.0,1.29,1.06,0.79,29.0,9.6,6.2
Fernando Cruz,RP,FA,222.5,7.95,28.0,0.0,10.0,0.9,2.19,1.93,0.04,40.4,13.5,5.4,,,27.27,0.0,11.76,2.0,0.0,0.0,0.83,0.69,0.44,27.59,5.88,6.78,5.0,0.0,1.0,0.93,1.73,0.67,37.97,10.42,4.57,12.0,0.0,5.0,1.0,2.65,-0.39,46.5,12.0,7.3
Jacob Webb,RP,FA,173.75,6.95,25.0,1.0,3.0,1.0,2.55,1.23,0.34,33.2,8.5,6.9,,,25.0,25.0,0.0,1.0,0.0,1.0,1.0,1.77,1.24,35.14,6.67,2.7,4.0,0.0,1.0,1.0,1.47,0.75,33.9,4.26,6.5,11.0,0.0,3.0,1.09,0.93,0.89,27.6,7.1,7.1
Alex Hoppe,RP,FA,51.0,4.25,11.0,0.0,0.0,1.1,5.84,0.06,0.12,25.2,10.5,6.5,,,22.22,25.0,9.09,1.0,0.0,0.0,1.0,-0.89,-1.1,20.0,21.43,7.69,3.0,0.0,0.0,1.0,-0.26,0.1,17.81,7.5,7.74,8.0,0.0,0.0,1.08,,,,,
Brooks Raley,RP,FA,198.25,7.62,25.0,0.0,10.0,0.9,1.61,-0.43,-0.65,25.6,10.4,8.0,,,20.0,0.0,8.33,2.0,0.0,1.0,0.5,-0.27,0.06,17.86,10.53,6.67,5.0,0.0,3.0,0.8,-0.26,-0.32,21.25,12.77,7.39,11.0,0.0,5.0,0.88,-0.4,0.36,20.8,6.1,8.5
Taylor Rogers,RP,FA,150.75,5.8,25.0,2.0,6.0,0.8,4.15,-0.37,0.93,17.3,6.3,6.7,,,20.0,0.0,5.26,3.0,0.0,0.0,0.78,-0.42,0.42,12.5,0.0,9.26,6.0,1.0,1.0,0.67,-0.2,0.6,14.29,0.0,8.63,11.0,2.0,2.0,0.82,-1.2,-1.22,23.2,10.4,9.5
Ryan Watson,RP,FA,141.75,6.75,21.0,0.0,1.0,1.6,5.35,-0.54,-0.57,24.3,9.3,8.3,,,20.0,0.0,5.0,1.0,0.0,0.0,1.0,0.13,0.12,22.92,8.0,7.45,4.0,0.0,0.0,1.5,0.13,-0.0,23.58,10.91,6.9,7.0,0.0,0.0,1.86,,,,,
Yennier Cano,RP,FA,115.25,4.43,26.0,0.0,4.0,0.7,2.75,1.43,1.94,26.0,4.1,5.7,,,20.0,0.0,0.0,1.0,0.0,0.0,0.33,,,25.0,0.0,6.82,4.0,0.0,1.0,0.42,0.13,0.27,21.15,6.25,7.56,9.0,0.0,2.0,0.85,-0.19,0.13,23.5,9.6,7.4
Cody Laweryson,RP,FA,67.75,9.68,,,,,,,,,,,,,20.0,0.0,6.25,2.0,0.0,1.0,1.0,,,20.0,0.0,6.25,2.0,0.0,1.0,1.0,,,20.0,0.0,6.25,2.0,0.0,1.0,1.0,,,,,
Welinton Herrera,RP,FA,12.25,4.08,,,,,,,,,,,,,20.0,33.33,16.67,1.0,0.0,0.0,0.33,,,19.05,10.0,17.78,3.0,0.0,0.0,0.78,,,19.05,10.0,17.78,3.0,0.0,0.0,0.78,,,,,
Keaton Winn,RP,FA,195.25,7.81,25.0,0.0,11.0,1.0,2.45,0.44,0.57,25.7,8.2,6.6,,,18.18,0.0,5.56,1.0,0.0,1.0,1.33,0.04,0.49,18.18,5.26,6.78,3.0,0.0,1.0,1.44,0.41,0.47,23.08,6.98,6.58,10.0,0.0,4.0,1.1,1.69,1.33,30.8,4.8,7.3
Bryan Hudson,RP,FA,219.25,7.56,29.0,2.0,4.0,1.0,1.26,-0.32,-0.45,25.3,8.5,8.4,,,16.67,0.0,12.5,2.0,0.0,1.0,1.17,0.2,0.4,21.21,0.0,9.38,5.0,0.0,2.0,1.13,0.15,-0.18,25.3,4.08,10.06,12.0,1.0,2.0,1.06,-0.6,-1.1,26.9,17.3,6.3
Jose Alvarado,RP,FA,170.75,6.57,26.0,1.0,7.0,0.8,5.31,1.49,1.07,31.3,8.1,5.7,,,15.38,0.0,8.33,2.0,0.0,0.0,0.83,,,20.83,0.0,13.64,3.0,1.0,0.0,0.89,0.75,0.52,26.83,5.13,7.06,10.0,1.0,2.0,0.87,-0.03,0.19,24.3,6.1,8.8
Jordan Leasure,RP,FA,98.75,5.49,18.0,0.0,3.0,1.0,6.27,-0.04,-0.26,26.5,10.3,7.3,,,14.29,0.0,6.67,1.0,0.0,0.0,1.0,,,18.75,0.0,2.78,2.0,0.0,0.0,1.17,,,25.0,0.0,5.26,3.0,0.0,0.0,1.11,0.19,-0.97,31.9,11.2,8.7
Andrew Kittredge,RP,FA,57.75,4.12,14.0,0.0,2.0,0.8,6.94,0.07,0.26,24.5,8.9,6.9,,,12.5,0.0,0.0,1.0,0.0,1.0,1.0,,,23.33,15.38,6.12,4.0,0.0,1.0,0.83,0.18,0.35,21.21,11.11,5.51,10.0,0.0,1.0,0.83,1.59,1.37,29.8,5.3,7.0
Cameron Weston,SP,FA,5.75,5.75,,,,,,,,,,,,,12.5,33.33,17.65,1.0,0.0,0.0,1.0,,,12.5,33.33,17.65,1.0,0.0,0.0,1.0,,,12.5,33.33,17.65,1.0,0.0,0.0,1.0,,,,,
Jack Dreyer,RP,FA,148.75,7.08,21.0,0.0,3.0,1.1,2.78,0.83,0.95,26.7,6.7,6.5,,,11.11,0.0,16.67,1.0,0.0,0.0,1.0,,,11.11,0.0,16.67,1.0,0.0,0.0,1.0,0.09,0.27,20.75,3.57,8.57,6.0,0.0,0.0,1.22,-0.15,-0.44,26.7,7.8,9.2
Matt Strahm,RP,FA,138.0,7.67,18.0,0.0,9.0,1.0,4.15,-1.72,-1.95,22.5,9.3,10.9,,,11.11,0.0,15.38,1.0,0.0,1.0,1.0,,,11.11,0.0,15.38,1.0,0.0,1.0,1.0,,,20.0,5.88,6.67,4.0,0.0,1.0,0.92,-0.04,0.28,23.8,7.8,7.9
Albert Suarez,RP,FA,101.75,12.72,8.0,1.0,0.0,2.5,2.61,-0.16,0.67,20.4,11.6,5.0,,,11.11,20.0,5.26,1.0,0.0,0.0,1.0,0.02,1.27,10.71,5.0,3.23,2.0,0.0,0.0,2.5,,,10.71,5.0,3.23,2.0,0.0,0.0,2.5,1.17,1.9,24.1,4.5,6.4
Chris Martin,RP,FA,37.5,3.12,12.0,0.0,1.0,0.8,7.84,-1.73,-1.29,18.8,4.1,11.8,,,11.11,20.0,11.11,1.0,0.0,0.0,1.0,-2.35,-1.41,2.78,10.0,13.85,4.0,0.0,0.0,1.0,,,2.78,10.0,13.85,4.0,0.0,0.0,1.0,0.73,1.74,21.8,4.0,6.9
Luis Severino,SP,FA,329.0,27.42,12.0,0.0,0.0,5.2,4.16,-0.91,-0.87,23.0,11.4,8.0,,,10.0,0.0,8.7,1.0,0.0,0.0,1.0,0.67,0.97,22.39,0.0,6.67,2.0,0.0,0.0,4.0,-0.19,0.09,18.78,7.34,7.86,5.0,0.0,0.0,4.87,-0.37,0.89,18.3,7.1,7.1
Drew Sommers,SP,FA,11.75,5.88,,,,,,,,,,,,,9.09,25.0,4.35,2.0,0.0,1.0,0.5,,,9.09,25.0,4.35,2.0,0.0,1.0,0.5,,,9.09,25.0,4.35,2.0,0.0,1.0,0.5,,,,,
Daniel Lynch,RP,FA,193.75,8.42,23.0,1.0,7.0,1.0,1.93,1.36,0.44,33.7,8.3,6.8,,,0.0,20.0,0.0,1.0,0.0,1.0,0.67,,,29.41,9.09,6.06,3.0,0.0,2.0,0.78,0.07,-0.67,28.4,11.11,9.3,10.0,0.0,4.0,0.97,-0.25,0.27,22.3,9.0,7.4
Tobias Myers,RP,FA,160.0,8.0,20.0,1.0,3.0,1.7,4.05,-1.52,-0.95,18.6,5.2,10.7,,,0.0,0.0,10.0,1.0,0.0,0.0,1.0,-0.45,0.49,11.43,5.26,6.78,4.0,0.0,1.0,1.08,-1.26,-0.97,14.29,5.88,12.35,10.0,1.0,1.0,1.13,-0.04,0.74,21.4,6.8,7.5
Grant Anderson,RP,FA,141.0,5.88,24.0,0.0,5.0,1.0,2.59,-1.02,-0.98,22.7,9.0,9.2,,,0.0,0.0,4.76,2.0,0.0,0.0,1.0,-1.39,-0.88,11.11,7.14,12.5,4.0,0.0,0.0,1.17,-0.42,-0.26,18.75,8.0,8.91,6.0,0.0,0.0,1.22,0.23,-0.72,30.9,9.7,8.9
Grant Wolfram,RP,FA,126.0,6.63,19.0,0.0,5.0,0.8,4.02,0.79,0.78,27.3,1.4,9.0,,,0.0,0.0,11.76,1.0,0.0,0.0,1.0,,,17.65,0.0,11.11,3.0,0.0,0.0,0.89,,,22.58,0.0,10.17,5.0,0.0,2.0,0.8,-0.37,-0.55,25.7,11.3,7.9
Hunter Bigge,RP,FA,95.5,5.31,18.0,0.0,5.0,1.1,6.98,-0.1,-0.24,25.9,16.5,4.7,,,0.0,66.67,7.69,1.0,0.0,0.0,0.0,,,7.69,36.36,5.0,3.0,0.0,0.0,0.56,-0.39,-0.45,20.83,16.67,6.45,9.0,0.0,1.0,1.04,0.46,0.16,28.0,8.3,7.9
Kirby Yates,RP,FA,50.0,5.56,,,,,,,,,,,,,0.0,0.0,20.0,1.0,0.0,0.0,1.0,-0.7,-0.46,16.67,11.76,8.62,4.0,1.0,0.0,1.0,-0.29,-0.55,22.86,10.81,8.97,9.0,1.0,0.0,0.93,1.61,0.34,35.3,10.1,6.8
TJ Shook,RP,FA,2.75,2.75,,,,,,,,,,,,,0.0,0.0,10.0,1.0,0.0,0.0,1.0,,,0.0,0.0,10.0,1.0,0.0,0.0,1.0,,,0.0,0.0,10.0,1.0,0.0,0.0,1.0,,,,,
Kris Bubic,SP,FA,294.5,32.72,9.0,0.0,0.0,5.6,4.11,-0.55,-0.92,26.1,12.6,7.6,,,,,,,,,,,,,,,,,,,-1.26,-1.16,15.85,15.91,9.39,2.0,0.0,0.0,4.83,0.87,0.57,28.8,8.2,7.2
Erik Sabrowski,RP,FA,283.0,11.32,25.0,0.0,17.0,0.8,1.71,-0.17,-2.18,36.1,15.7,8.7,,,,,,,,,,,,,,,,,,,-0.06,-1.77,36.0,26.92,7.63,8.0,0.0,5.0,0.79,0.36,-1.96,38.1,17.4,7.8
Carmen Mlodzinski,RP,FA,271.5,24.68,11.0,0.0,0.0,5.0,3.76,-0.03,0.84,20.5,8.4,6.0,,,,,,,,,,0.01,-0.02,22.5,13.64,5.81,1.0,0.0,0.0,5.0,-0.14,0.72,14.09,8.33,5.14,4.0,0.0,0.0,5.25,0.17,0.73,23.0,6.4,7.7
Jake Irvin,SP,FA,259.5,23.59,11.0,0.0,0.0,4.7,5.23,-0.4,-0.64,25.7,9.6,8.3,,,,,,,,,,1.04,0.79,29.27,6.25,5.0,1.0,0.0,0.0,5.0,0.2,0.21,22.64,9.46,6.63,4.0,0.0,0.0,4.25,-1.31,-0.41,18.2,7.9,9.1
Aaron Civale,SP,FA,255.5,23.23,11.0,0.0,0.0,5.0,4.2,-0.43,0.59,18.7,6.9,7.1,,,,,,,,,,0.42,1.12,17.65,4.55,4.11,1.0,0.0,0.0,4.0,0.03,0.65,16.78,7.95,5.54,4.0,0.0,0.0,4.75,-0.16,0.49,21.8,7.6,7.6
Tyler Mahle,SP,FA,245.25,22.3,11.0,0.0,0.0,5.1,6.04,-0.32,0.53,19.9,9.6,6.1,,,,,,,,,,-1.34,-0.46,7.89,15.0,7.32,1.0,0.0,0.0,5.0,-0.06,0.43,17.5,6.52,6.9,4.0,0.0,0.0,5.17,0.65,1.35,23.2,8.4,5.7
Walker Buehler,SP,FA,245.0,22.27,11.0,0.0,0.0,4.7,4.88,-1.11,-0.54,19.6,8.2,8.7,,,,,,,,,,-0.08,0.04,20.63,10.0,6.99,2.0,0.0,0.0,5.17,-0.81,-0.48,15.79,5.66,10.6,5.0,0.0,0.0,5.33,-1.16,-0.39,19.2,10.6,7.9
Graham Ashcraft,RP,FA,219.75,8.45,26.0,1.0,10.0,1.0,3.33,0.25,-0.91,32.4,14.7,6.7,,,,,,,,,,,,31.58,0.0,2.38,2.0,0.0,1.0,1.33,0.66,-0.25,32.35,10.26,8.07,9.0,0.0,3.0,1.04,0.95,0.48,29.8,8.8,7.1
Lance McCullers Jr.,SP,FA,198.0,24.75,8.0,0.0,0.0,4.9,6.86,-0.07,-0.54,27.8,12.8,6.8,,,,,,,,,,,,,,,,,,,0.66,0.65,24.62,12.82,3.75,2.0,0.0,0.0,4.0,-0.6,-0.75,25.1,14.2,7.0
Jesse Scholtens,RP,FA,188.5,20.94,9.0,0.0,0.0,4.1,3.82,0.15,1.32,19.3,6.7,5.8,,,,,,,,,,,,5.56,0.0,6.67,1.0,0.0,0.0,1.33,-0.3,0.28,15.7,7.14,7.2,4.0,0.0,0.0,3.75,,,,,
Garrett Whitlock,RP,FA,187.0,9.35,20.0,0.0,9.0,1.0,3.2,0.51,0.11,28.8,7.4,7.8,,,,,,,,,,,,28.57,0.0,14.29,1.0,0.0,0.0,0.33,,,38.46,0.0,9.23,6.0,0.0,3.0,0.89,1.35,0.46,32.8,8.2,7.4
Andrew Nardi,RP,FA,177.5,7.1,25.0,0.0,8.0,0.9,5.16,0.29,-0.49,30.4,11.1,7.4,,,,,,,,,,0.91,0.72,28.0,0.0,7.84,4.0,0.0,2.0,0.92,0.39,0.25,24.68,4.55,8.28,11.0,0.0,4.0,0.97,,,,,
Connor Phillips,RP,FA,170.75,6.83,25.0,1.0,5.0,1.1,5.53,-1.32,-2.15,26.8,21.1,6.4,,,,,,,,,,,,40.0,33.33,3.57,1.0,0.0,0.0,1.0,-0.3,-0.38,21.43,17.65,5.85,8.0,0.0,2.0,1.25,1.63,-0.05,37.4,12.2,6.6
PJ Poulin,RP,FA,163.0,6.52,25.0,2.0,4.0,1.0,3.28,-1.84,-0.94,16.0,15.1,6.6,,,,,,,,,,,,7.69,20.0,4.76,2.0,0.0,0.0,1.5,-1.05,-0.31,11.32,21.88,4.03,8.0,2.0,1.0,0.92,-0.41,-0.78,26.6,11.8,8.1
Kenley Jansen,RP,FA,158.5,8.81,18.0,7.0,1.0,0.8,4.8,-0.39,-1.34,29.7,14.5,7.6,,,,,,,,,,,,14.29,33.33,3.03,2.0,0.0,0.0,0.83,0.39,-0.44,30.43,16.0,6.67,7.0,1.0,1.0,0.95,-0.96,-1.39,25.8,8.1,10.8
Pierce Johnson,RP,FA,153.25,6.39,24.0,1.0,4.0,0.9,3.27,-0.87,-1.08,24.4,8.7,9.5,,,,,,,,,,,,25.0,0.0,3.12,2.0,0.0,0.0,1.33,-0.26,-0.62,23.94,11.43,9.03,9.0,1.0,2.0,1.0,0.34,0.34,26.2,8.0,7.7
Cole Winn,RP,FA,151.75,6.9,22.0,1.0,5.0,0.9,5.59,0.64,0.31,28.7,7.9,7.2,,,,,,,,,,,,0.0,0.0,6.25,1.0,0.0,0.0,0.33,0.18,-0.1,25.0,3.45,10.0,7.0,0.0,1.0,0.81,-0.59,-0.31,22.9,10.5,7.8
Matthew Boyd,SP,FA,147.25,29.45,5.0,0.0,0.0,4.8,6.0,2.09,1.95,31.2,6.0,4.9,,,,,,,,,,,,,,,,,,,,,,,,,,,,-0.07,0.37,23.1,5.8,8.6
Ron Marinaccio,RP,FA,144.25,7.21,20.0,0.0,1.0,1.6,4.06,0.88,1.02,26.7,7.1,6.2,,,,,,,,,,-0.33,0.18,16.0,6.67,7.69,2.0,0.0,0.0,2.0,0.6,0.74,23.16,6.52,5.7,8.0,0.0,0.0,1.54,1.66,1.53,29.5,9.5,4.9
Brant Hurter,RP,FA,143.25,6.82,21.0,0.0,1.0,1.2,2.84,-1.23,-0.88,20.5,11.9,7.8,,,,,,,,,,,,18.18,16.67,19.05,1.0,0.0,0.0,1.33,-1.41,-1.59,17.65,24.24,7.94,7.0,0.0,0.0,1.05,-0.29,-0.5,26.0,9.7,8.5
Yusei Kikuchi,SP,FA,140.75,20.11,7.0,0.0,0.0,4.4,5.81,-0.28,-0.49,25.9,9.9,7.9,,,,,,,,,,,,,,,,,,,,,,,,,,,,-0.53,-0.37,23.6,9.6,8.3
Jose Quintana,SP,FA,136.5,15.17,9.0,0.0,0.0,4.6,5.27,-0.14,0.57,21.1,9.4,6.1,,,,,,,,,,,,26.32,0.0,2.94,1.0,0.0,0.0,1.33,0.1,0.38,19.85,7.89,6.55,4.0,0.0,0.0,4.17,-0.52,0.66,18.4,9.0,6.7
Emilio Pagan,RP,FA,125.5,8.37,15.0,6.0,0.0,0.9,6.43,0.36,0.5,25.4,9.7,6.1,,,,,,,,,,,,,,,,,,,,,,,0.0,1.0,0.0,0.0,0.0,0.79,0.38,29.2,8.1,7.6
German Marquez,SP,FA,117.25,19.54,6.0,0.0,0.0,4.9,5.76,-1.27,-0.75,19.5,9.4,8.6,,,,,,,,,,,,,,,,,,,,,,,,,,,,-1.09,-0.18,18.6,8.1,8.6
Justin Lawrence,RP,FA,116.75,4.86,23.0,0.0,2.0,1.0,5.32,-1.22,-1.49,23.9,11.3,9.2,,,,,,,,,,-0.61,-1.09,23.81,26.67,5.56,3.0,0.0,0.0,1.22,-0.88,-1.01,19.4,16.67,8.55,9.0,0.0,0.0,0.89,0.31,-0.35,29.5,11.6,7.4
Isaac Mattson,RP,FA,113.75,5.42,21.0,0.0,7.0,0.9,4.12,-1.08,-0.52,19.7,11.5,7.3,,,,,,,,,,,,,,,,,,,,,16.67,6.67,3.12,4.0,0.0,1.0,0.75,-0.63,-0.42,23.2,9.6,8.4
Tommy Nance,RP,FA,112.5,5.62,20.0,0.0,1.0,1.0,3.86,0.47,0.52,26.2,9.4,6.2,,,,,,,,,,,,,,,,,,,,,29.03,10.53,7.25,4.0,0.0,0.0,1.17,0.51,0.86,24.7,5.6,7.8
Connor Brogdon,RP,FA,110.25,7.35,15.0,1.0,4.0,1.0,5.28,2.05,2.7,26.7,4.5,4.1,,,,,,,,,,,,,,,,,,,,,6.25,14.29,5.56,1.0,0.0,1.0,1.33,0.53,-0.01,29.3,9.0,7.9
Brandon Williamson,SP,FA,109.5,18.25,6.0,0.0,0.0,4.7,6.11,0.4,0.8,24.1,15.6,3.1,,,,,,,,,,,,,,,,,,,,,,,,,,,,,,,,
Nick Mears,RP,FA,106.75,5.08,21.0,0.0,5.0,0.9,5.12,-0.85,-0.02,18.7,13.3,5.6,,,,,,,,,,,,15.79,27.27,2.17,2.0,0.0,0.0,0.83,-0.4,0.5,12.7,11.11,4.93,8.0,0.0,1.0,0.96,0.23,0.42,25.0,6.3,8.3
Peyton Pallette,RP,FA,105.75,6.61,16.0,0.0,1.0,1.3,5.23,-0.38,-1.09,28.4,16.5,6.3,,,,,,,,,,,,0.0,50.0,6.9,1.0,0.0,0.0,1.0,-0.28,-0.62,23.64,16.67,7.09,5.0,0.0,0.0,1.2,,,,,
Victor Vodnik,RP,FA,105.5,5.86,18.0,4.0,0.0,1.0,8.0,0.31,-0.15,28.7,14.4,5.4,,,,,,,,,,,,,,,,,,,1.23,0.57,32.43,20.83,1.1,5.0,0.0,0.0,0.87,0.2,0.08,26.5,12.1,6.4
Ryan Weiss,SP,FA,104.25,11.58,9.0,0.0,0.0,2.9,7.62,-0.75,-0.77,23.7,15.3,6.2,,,,,,,,,,,,,,,,,,,,,,,,,,,,,,,,
Cody Bolton,SP,FA,103.25,12.91,8.0,1.0,0.0,2.5,5.4,-1.32,-0.85,19.6,14.7,6.6,,,,,,,,,,,,,,,,,,,-0.82,-0.39,14.86,12.82,7.64,3.0,0.0,0.0,2.78,,,,,
Matt Svanson,RP,FA,101.0,4.21,24.0,0.0,1.0,1.0,8.77,-1.37,-1.04,20.2,11.9,8.1,,,,,,,,,,,,21.43,11.11,9.09,2.0,0.0,0.0,1.17,-0.46,-0.93,24.0,7.89,11.49,8.0,0.0,0.0,1.0,-0.26,0.11,23.1,8.5,7.9
Jimmy Herget,RP,FA,100.0,6.67,15.0,1.0,3.0,1.1,5.06,-0.36,-1.27,29.5,5.7,11.1,,,,,,,,,,,,,,,,,,,,,25.0,10.0,9.52,2.0,0.0,0.0,1.0,-0.19,-0.53,26.9,7.5,9.5
Javier Assad,SP,FA,99.75,12.47,8.0,0.0,0.0,3.2,5.88,-1.3,-0.01,15.1,6.5,8.4,,,,,,,,,,,,,,,,,,,-1.04,-0.53,13.33,4.17,11.34,3.0,0.0,0.0,2.33,-0.58,0.94,16.5,7.8,6.7
Joe Mantiply,RP,FA,96.0,5.65,17.0,0.0,0.0,1.0,2.04,-0.66,0.61,16.8,5.6,7.6,,,,,,,,,,,,,,,,,,,,,12.0,6.67,11.48,4.0,0.0,0.0,1.0,,,,,
Justin Topa,RP,FA,95.5,4.15,23.0,2.0,4.0,0.8,8.05,-1.94,-0.74,14.1,12.0,7.5,,,,,,,,,,,,,,,,,,,-0.65,-0.52,18.18,20.0,5.5,4.0,0.0,1.0,0.92,-1.08,-0.06,18.1,6.7,9.0
Ryan Walker,RP,FA,94.25,5.89,16.0,3.0,2.0,0.9,6.46,-2.28,-1.64,16.4,13.7,8.5,,,,,,,,,,,,,,,,,,,,,11.76,23.08,5.45,2.0,0.0,0.0,0.83,-0.85,-0.42,21.6,6.8,9.6
Mason Englert,RP,FA,91.5,8.32,10.0,1.0,0.0,1.6,5.63,-0.18,0.15,23.1,5.5,8.5,,,,,,,,,,,,,,,,,,,,,32.0,0.0,8.7,2.0,0.0,0.0,4.17,0.59,0.9,25.1,5.9,7.6
Jordan Hicks,RP,FA,91.25,4.56,20.0,1.0,3.0,0.9,5.6,-2.34,-2.01,17.9,19.5,6.8,,,,,,,,,,,,,,,,,,,0.54,-0.91,36.36,23.81,5.56,5.0,0.0,1.0,0.8,-0.47,-0.18,23.1,10.2,7.7
Dietrich Enns,RP,FA,91.0,7.0,13.0,0.0,0.0,1.2,3.94,-1.15,-1.23,23.1,15.7,6.9,,,,,,,,,,,,7.14,0.0,4.35,2.0,0.0,0.0,1.17,-0.76,-0.09,13.1,11.63,6.96,8.0,0.0,0.0,1.25,0.21,-0.03,27.2,7.5,8.6
Kendry Rojas,SP,FA,89.75,17.95,5.0,0.0,1.0,2.8,1.26,-0.03,-0.75,29.3,16.4,5.7,,,,,,,,,,,,33.33,8.33,0.0,1.0,0.0,1.0,3.0,1.0,0.5,30.12,13.21,4.17,4.0,0.0,1.0,3.08,,,,,
Burch Smith,RP,FA,88.75,6.83,13.0,0.0,0.0,1.3,3.18,0.21,0.79,22.7,9.6,5.6,,,,,,,,,,,,16.67,20.0,0.0,1.0,0.0,0.0,0.67,-0.07,0.49,16.9,10.53,5.19,8.0,0.0,0.0,1.08,,,,,
Cole Sands,RP,FA,88.0,7.33,12.0,1.0,3.0,0.9,4.63,0.49,0.88,24.4,8.0,6.1,,,,,,,,,,,,,,,,,,,,,,,,,,,,0.38,1.17,22.2,6.4,6.9
Jonathan Bowlan,RP,FA,87.5,5.15,17.0,0.0,1.0,1.0,4.67,1.54,1.24,30.7,5.6,6.4,,,,,,,,,,,,7.69,0.0,6.67,2.0,0.0,1.0,1.0,0.98,0.42,30.65,3.03,8.2,8.0,0.0,1.0,1.08,1.91,1.06,33.7,9.4,5.8
Matt Waldron,SP,FA,85.0,14.17,6.0,0.0,0.0,3.8,8.49,-0.36,0.85,17.8,6.4,6.8,,,,,,,,,,,,,,,,,,,0.2,0.33,21.62,4.88,7.84,3.0,0.0,0.0,3.22,,,,,
Osvaldo Bido,RP,FA,84.75,7.7,11.0,1.0,0.0,1.7,6.27,-0.59,-0.49,23.4,12.3,6.9,,,,,,,,,,,,,,,,,,,,,35.29,0.0,7.41,1.0,0.0,0.0,2.33,-0.97,-1.25,25.0,9.6,9.9
Zack Kelly,RP,FA,84.25,4.96,17.0,0.0,3.0,0.9,3.31,-0.59,-0.07,21.1,9.9,7.1,,,,,,,,,,,,,,,,,,,-1.14,-0.74,13.89,15.0,8.14,5.0,0.0,0.0,0.73,0.55,1.2,23.3,7.9,6.2
Aaron Bummer,RP,FA,82.0,4.32,19.0,0.0,4.0,0.8,7.63,-1.07,-1.12,23.1,13.0,7.8,,,,,,,,,,,,,,,,,,,,,25.0,27.78,7.69,3.0,0.0,0.0,1.11,0.31,0.94,22.9,7.6,6.8
Cade Povich,SP,FA,79.5,19.88,4.0,0.0,0.0,4.8,5.12,0.07,-0.03,26.1,8.5,7.6,,,,,,,,,,,,,,,,,,,,,14.29,14.29,9.3,1.0,0.0,0.0,3.0,-0.47,-0.4,24.2,8.8,8.7
Joe Boyle,SP,FA,78.75,26.25,3.0,0.0,0.0,5.1,5.17,0.17,0.05,26.4,9.1,7.2,,,,,,,,,,,,,,,,,,,,,,,,,,,,-0.38,-1.2,29.0,12.4,8.6
Kyle Hart,RP,FA,77.5,6.46,12.0,0.0,4.0,1.3,5.4,-0.84,0.28,17.2,8.8,6.9,,,,,,,,,,,,,,,,,,,,,,,,,,,,-0.34,0.62,19.9,7.3,7.5
David Morgan,RP,FA,76.0,6.91,11.0,0.0,0.0,1.2,6.08,-1.06,-2.19,29.1,16.2,8.5,,,,,,,,,,,,,,,,,,,,,,,,,,,,-0.54,-0.75,25.5,11.9,8.0
Craig Kimbrel,RP,FA,75.25,5.02,15.0,0.0,1.0,1.1,5.63,0.81,1.07,25.9,8.8,5.4,,,,,,,,,,,,22.22,0.0,20.0,1.0,0.0,0.0,1.0,0.55,0.58,23.81,7.89,5.81,7.0,0.0,0.0,1.24,-0.27,-1.22,29.8,14.3,7.8
Jordan Romano,RP,FA,74.75,6.8,,,,,,,,,,,,,,,,,,,,,,,,,,,,,,,,,,,,,,0.35,-0.14,28.7,9.1,8.1
Dean Kremer,SP,FA,74.5,37.25,2.0,0.0,0.0,5.5,4.09,1.9,0.91,35.4,4.7,7.4,,,,,,,,,,,,,,,,,,,,,,,,,,,,0.28,0.89,22.9,6.4,7.4
Blade Tidwell,SP,FA,72.75,9.09,8.0,1.0,1.0,1.5,3.0,1.6,1.28,31.0,6.4,6.0,,,,,,,,,,,,,,,,,,,,,,,,,,,,-1.03,-0.31,19.7,12.8,6.8
Elvis Alvarado,RP,FA,67.5,6.75,,,,,,,,,,,,,,,,,,,,,,,,,,,,,,,,,,,,,,0.94,-0.28,33.7,12.0,7.1
Jose Franco,SP,FA,67.0,7.44,9.0,0.0,1.0,1.8,5.4,-2.21,-2.41,21.2,17.7,8.3,,,,,,,,,,0.17,-0.95,33.33,25.0,5.56,1.0,0.0,0.0,2.0,-0.55,-1.33,26.19,24.0,7.07,3.0,0.0,0.0,1.67,,,,,
Shaun Anderson,RP,FA,65.75,7.31,9.0,0.0,0.0,1.8,5.94,-1.06,-1.42,24.8,11.0,9.2,,,,,,,,,,,,,,,,,,,,,,,,,,,,-0.9,-0.91,23.8,5.4,11.1
Jason Alexander,SP,FA,65.75,16.44,4.0,0.0,0.0,4.5,9.33,-1.33,-0.99,20.3,9.5,9.0,,,,,,,,,,-0.65,-0.37,16.67,7.41,10.0,1.0,0.0,0.0,6.0,-0.29,-0.16,19.51,6.85,8.96,3.0,0.0,0.0,5.44,0.05,0.25,24.6,7.7,8.0
Cole Wilcox,SP,FA,61.75,5.61,11.0,0.0,0.0,1.2,5.4,-2.04,-3.76,30.0,17.1,11.1,,,,,,,,,,,,,,,,,,,,,,,,,,,,,,,,
Taijuan Walker,SP,FA,61.25,12.25,5.0,0.0,0.0,4.4,9.13,-0.9,0.26,16.8,9.6,6.6,,,,,,,,,,,,,,,,,,,,,,,,,,,,-0.62,0.5,18.5,7.8,7.5
Angel Zerpa,RP,FA,60.0,5.0,12.0,2.0,2.0,1.0,6.39,-2.12,-1.66,17.8,10.9,9.7,,,,,,,,,,,,,,,,,,,,,,,,,,,,-1.42,-0.21,16.4,8.0,8.7
Luis Mey,RP,FA,59.75,9.96,,,,,,,,,,,,,,,,,,,,,,,,,,,,,1.06,-1.03,43.9,18.52,7.96,4.0,0.0,1.0,1.33,-1.4,-1.97,25.6,17.7,7.7
Max Scherzer,SP,FA,56.5,11.3,5.0,0.0,0.0,3.6,9.64,-1.41,0.07,13.8,9.5,7.0,,,,,,,,,,,,,,,,,,,,,,,,,,,,-0.5,-0.32,23.6,6.4,9.6
Lucas Sims,RP,FA,54.0,6.0,9.0,0.0,2.0,1.1,4.5,-2.37,-2.71,21.6,15.2,9.9,,,,,,,,,,,,,,,,,,,,,,,,,,,,-0.42,-2.49,35.3,19.4,7.9
Andrew Hoffmann,RP,FA,53.0,6.62,8.0,0.0,0.0,1.4,7.71,-1.03,-0.35,19.1,13.6,6.1,,,,,,,,,,,,,,,,,,,,,,,,,,,,-0.07,-1.22,31.3,16.4,6.9
Riley Martin,RP,FA,49.25,6.16,,,,,,,,,,,,,,,,,,,,,,,,,,,,,,,,,,,,,,,,,,
Carl Edwards Jr.,RP,FA,47.25,23.62,,,,,,,,,,,,,,,,,,,,,,,,,,,,,,,,,,,,,,,,,,
Kyle Backhus,RP,FA,46.0,4.6,,,,,,,,,,,,,,,,,,,,,,,,,,,,,,,,,,,,,,-1.57,-1.46,21.8,7.0,11.4
Garrett Acton,RP,FA,43.75,10.94,,,,,,,,,,,,,,,,,,,,,,,,,,,,,,,,,,,,,,,,,,
Robert Garcia,RP,FA,39.5,4.39,,,,,,,,,,,,,,,,,,,,,,,,,,,,,,,,,,,,,,0.09,-0.48,28.6,8.2,9.1
Nick Davila,RP,FA,37.75,5.39,,,,,,,,,,,,,,,,,,,,,,33.33,40.0,8.33,1.0,0.0,0.0,1.0,-0.99,-0.56,14.29,20.0,5.66,6.0,0.0,1.0,1.06,,,,,
Joel Payamps,RP,FA,37.25,3.1,,,,,,,,,,,,,,,,,,,,,,,,,,,,,,,,,,,,,,1.18,1.74,25.0,7.7,5.3
Josh Ekness,RP,FA,35.75,5.96,,,,,,,,,,,,,,,,,,,,,,,,,,,,,-1.3,-1.43,17.65,26.32,6.59,5.0,1.0,0.0,0.87,,,,,
Jake Bennett,SP,FA,35.25,17.62,2.0,0.0,0.0,5.0,4.35,-1.01,0.07,17.0,9.5,7.0,,,,,,,,,,,,,,,,,,,-0.88,-0.16,12.2,9.09,8.14,1.0,0.0,0.0,5.33,,,,,
Hunter Barco,RP,FA,33.75,6.75,5.0,0.0,1.0,2.2,7.71,-1.89,-0.87,15.2,15.0,6.5,,,,,,,,,,,,,,,,,,,,,,,,,,,,,,,,
Jack Anderson,RP,FA,33.5,11.17,,,,,,,,,,,,,,,,,,,,,,,,,,,,,,,,,,,,,,,,,,
Zak Kent,RP,FA,33.25,5.54,,,,,,,,,,,,,,,,,,,,,,,,,,,,,0.38,0.73,20.41,0.0,8.14,4.0,0.0,0.0,1.42,-0.71,-0.47,22.9,10.5,8.1
Zach Pop,RP,FA,32.0,4.57,,,,,,,,,,,,,,,,,,,,,,,,,,,,,,,,,,,,,,,,,,
Valente Bellozo,SP,FA,31.75,10.58,3.0,0.0,0.0,3.4,7.59,-0.87,-2.0,29.5,14.6,8.8,,,,,,,,,,,,,,,,,,,,,,,,,,,,-0.81,-0.1,20.2,6.6,9.1
Kyle Nicolas,RP,FA,31.75,4.54,,,,,,,,,,,,,,,,,,,,,,,,,,,,,,,,,,,,,,0.71,0.23,29.4,10.8,6.7
Logan Allen,SP,FA,31.5,31.5,,,,,,,,,,,,,,,,,,,,-0.36,-0.11,18.18,5.26,9.64,1.0,0.0,0.0,4.0,-0.42,-0.18,18.18,5.26,9.64,1.0,0.0,0.0,4.0,-0.13,0.78,20.6,9.2,6.4
Colton Gordon,SP,FA,31.0,7.75,,,,,,,,,,,,,,,,,,,,,,,,,,,,,,,,,,,,,,-0.84,0.29,18.0,5.0,9.1
Ken Waldichuk,SP,FA,31.0,6.2,,,,,,,,,,,,,,,,,,,,,,,,,,,,,,,,,,,,,,,,,,
Jose Urquidy,SP,FA,30.75,6.15,,,,,,,,,,,,,,,,,,,,,,,,,,,,,,,,,,,,,,,,,,
Yerry De Los Santos,RP,FA,30.25,15.12,,,,,,,,,,,,,,,,,,,,,,,,,,,,,,,25.93,8.33,12.96,1.0,0.0,0.0,3.33,-0.83,-0.61,22.7,10.6,8.3
Domingo Gonzalez,SP,FA,30.0,7.5,,,,,,,,,,,,,,,,,,,,,,,,,,,,,-0.08,0.2,19.15,12.5,5.56,4.0,0.0,0.0,1.42,,,,,
Cameron Foster,RP,FA,29.75,4.96,,,,,,,,,,,,,,,,,,,,,,,,,,,,,,,6.67,20.0,8.57,1.0,0.0,0.0,1.33,,,,,
Shane Smith,SP,FA,28.75,9.58,,,,,,,,,,,,,,,,,,,,,,,,,,,,,,,,,,,,,,-0.4,-0.98,27.7,9.4,9.5
Robert Gasser,SP,FA,28.75,14.38,,,,,,,,,,,,,,,,,,,,-0.47,-0.93,24.24,19.05,7.87,1.0,0.0,0.0,4.33,-0.56,-0.43,18.57,14.63,7.14,2.0,0.0,0.0,4.17,,,,,
Zach Eflin,SP,FA,28.5,28.5,,,,,,,,,,,,,,,,,,,,,,,,,,,,,,,,,,,,,,0.44,1.58,20.5,4.2,7.1
Carter Baumler,RP,FA,28.5,7.12,,,,,,,,,,,,,,,,,,,,,,,,,,,,,,,,,,,,,,,,,,
Carlos Carrasco,SP,FA,28.5,7.12,,,,,,,,,,,,,,,,,,,,0.57,1.65,14.71,0.0,3.45,2.0,0.0,0.0,2.5,,,14.71,0.0,3.45,2.0,0.0,0.0,2.5,0.18,0.84,22.5,8.0,6.8
Kolby Allard,RP,FA,28.25,7.06,,,,,,,,,,,,,,,,,,,,,,,,,,,,,,,,,,,,,,-0.95,-0.17,19.6,5.3,9.8
Christian Roa,RP,FA,27.75,3.96,,,,,,,,,,,,,,,,,,,,,,,,,,,,,,,,,,,,,,,,,,
Paul Gervase,RP,FA,26.25,13.12,,,,,,,,,,,,,,,,,,,,,,30.0,12.5,9.52,1.0,0.0,0.0,2.0,,,27.27,9.09,2.82,2.0,0.0,0.0,2.5,,,,,
Jayden Murray,RP,FA,25.25,3.61,7.0,0.0,0.0,1.6,7.15,-0.63,0.53,17.4,13.2,4.6,,,,,,,,,,,,,,,,,,,-1.04,0.55,4.17,8.0,5.88,3.0,0.0,0.0,1.78,-0.6,-0.05,21.5,6.4,9.1
Corbin Martin,RP,FA,24.5,3.5,,,,,,,,,,,,,,,,,,,,,,,,,,,,,,,0.0,0.0,9.09,1.0,0.0,0.0,0.0,1.46,0.95,31.1,10.1,5.7
Tayler Saucedo,RP,FA,24.5,6.12,,,,,,,,,,,,,,,,,,,,,,33.33,0.0,20.0,2.0,0.0,2.0,0.5,,,36.36,0.0,16.67,3.0,0.0,2.0,0.44,-0.97,-0.91,23.3,9.1,9.5
Jared Koenig,RP,FA,23.75,7.92,,,,,,,,,,,,,,,,,,,,,,,,,,,,,,,,,,,,,,-0.55,-0.25,22.9,7.5,9.0
Brian Fitzpatrick,RP,FA,23.5,5.88,,,,,,,,,,,,,,,,,,,,,,,,,,,,,,,21.05,11.11,14.29,1.0,0.0,0.0,2.0,,,,,
Jared Shuster,RP,FA,22.75,5.69,,,,,,,,,,,,,,,,,,,,,,,,,,,,,,,14.29,0.0,3.03,1.0,0.0,0.0,2.0,0.41,0.91,23.8,6.1,7.5
Taylor Rashi,RP,FA,22.0,7.33,,,,,,,,,,,,,,,,,,,,,,,,,,,,,,,,,,,,,,0.44,-0.12,29.3,11.1,7.2
Luis Curvelo,RP,FA,22.0,5.5,,,,,,,,,,,,,,,,,,,,,,,,,,,,,,,,,,,,,,-0.26,0.24,22.4,11.9,6.2
Josh Walker,RP,FA,21.75,7.25,,,,,,,,,,,,,,,,,,,,,,,,,,,,,,,30.0,12.5,11.59,3.0,0.0,0.0,1.33,,,,,
Chase Solesky,SP,FA,21.25,21.25,,,,,,,,,,,,,,,,,,,,,,,,,,,,,,,4.55,5.88,5.17,1.0,0.0,1.0,3.0,,,,,
Alan Rangel,RP,FA,21.25,21.25,,,,,,,,,,,,,,,,,,,,,,,,,,,,,,,,,,,,,,-0.97,0.25,17.3,13.0,5.7
Brock Stewart,RP,FA,20.75,10.38,,,,,,,,,,,,,,,,,,,,,,,,,,,,,,,45.45,14.29,0.0,2.0,0.0,1.0,1.0,0.8,0.02,31.1,8.2,8.2
Chase Petty,SP,FA,20.75,10.38,2.0,0.0,0.0,5.1,5.91,-1.87,-0.64,14.1,6.7,9.5,,,,,,,,,,-1.67,-1.08,9.09,4.55,14.52,1.0,0.0,0.0,5.0,,,9.09,4.55,14.52,1.0,0.0,0.0,5.0,,,,,
Lazaro Estrada,RP,FA,20.5,20.5,,,,,,,,,,,,,,,,,,,,,,,,,,,,,,,,,,,,,,,,,,
Joey Gerber,RP,FA,20.25,20.25,,,,,,,,,,,,,,,,,,,,,,,,,,,,,,,,,,,,,,,,,,
Jake Eder,SP,FA,20.0,5.0,,,,,,,,,,,,,,,,,,,,,,,,,,,,,,,,,,,,,,-0.89,-1.38,26.2,11.5,9.3
Jonathan Pintaro,SP,FA,19.75,9.88,,,,,,,,,,,,,,,,,,,,0.5,0.44,25.0,8.33,5.77,2.0,0.0,0.0,1.83,,,25.0,8.33,5.77,2.0,0.0,0.0,1.83,,,,,
Julian Fernandez,RP,FA,17.75,5.92,,,,,,,,,,,,,,,,,,,,,,,,,,,,,,,,,,,,,,,,,,
Alek Jacob,RP,FA,17.75,8.88,,,,,,,,,,,,,,,,,,,,,,,,,,,,,,,50.0,33.33,0.0,1.0,0.0,0.0,0.0,-1.3,-0.99,21.3,9.2,9.6
J.P. France,RP,FA,17.25,5.75,,,,,,,,,,,,,,,,,,,,,,,,,,,,,,,,,,,,,,,,,,
Alek Manoah,SP,FA,17.0,5.67,,,,,,,,,,,,,,,,,,,,,,,,,,,,,-0.5,-0.09,16.39,20.51,3.7,3.0,0.0,0.0,2.44,,,,,
Nick Sandlin,RP,FA,16.5,2.06,,,,,,,,,,,,,,,,,,,,,,,,,,,,,,,,,,,,,,1.25,-0.24,35.7,11.6,7.2
Yovanny Cruz,RP,FA,15.75,7.88,,,,,,,,,,,,,,,,,,,,,,16.67,0.0,0.0,1.0,0.0,0.0,0.33,,,20.0,0.0,0.0,2.0,0.0,0.0,1.17,,,,,
Dax Fulton,SP,FA,15.75,15.75,,,,,,,,,,,,,,,,,,,,,,,,,,,,,,,26.09,12.5,7.81,1.0,0.0,0.0,4.0,,,,,
Seth Johnson,RP,FA,15.0,5.0,,,,,,,,,,,,,,,,,,,,,,,,,,,,,,,,,,,,,,0.39,0.1,27.8,7.4,8.4
Ty Blach,SP,FA,14.75,14.75,,,,,,,,,,,,,,,,,,,,,,,,,,,,,,,21.43,0.0,6.67,1.0,0.0,0.0,3.0,,,,,
Hunter Harvey,RP,FA,14.5,3.62,,,,,,,,,,,,,,,,,,,,,,,,,,,,,,,,,,,,,,1.85,1.58,30.6,2.6,7.8
Franco Aleman,RP,FA,14.0,7.0,,,,,,,,,,,,,,,,,,,,,,,,,,,,,,,19.23,9.09,7.69,2.0,0.0,1.0,1.33,,,,,
Bennett Sousa,RP,FA,14.0,2.8,,,,,,,,,,,,,,,,,,,,,,,,,,,,,,,,,,,,,,1.04,-0.75,36.8,7.5,9.9
George Klassen,SP,FA,13.75,6.88,,,,,,,,,,,,,,,,,,,,,,,,,,,,,,,,,,,,,,,,,,
Brooks Kriske,RP,FA,13.25,6.62,,,,,,,,,,,,,,,,,,,,,,,,,,,,,,,22.22,0.0,0.0,2.0,0.0,0.0,1.33,-2.16,-2.63,23.6,17.0,9.2
Charlie Barnes,SP,FA,12.75,4.25,,,,,,,,,,,,,,,,,,,,,,,,,,,,,,,14.29,12.5,12.0,2.0,0.0,0.0,1.0,,,,,
Angel Chivilli,RP,FA,12.75,6.38,,,,,,,,,,,,,,,,,,,,,,,,,,,,,,,,,,,,,,1.28,0.97,29.7,8.4,6.4
Roddery Munoz,RP,FA,12.75,4.25,,,,,,,,,,,,,,,,,,,,,,,,,,,,,,,,,,,,,,-0.56,-1.78,30.7,17.6,7.4
Cody Ponce,SP,FA,12.5,12.5,,,,,,,,,,,,,,,,,,,,,,,,,,,,,,,,,,,,,,,,,,
Andre Granillo,RP,FA,11.75,1.47,,,,,,,,,,,,,,,,,,,,,,,,,,,,,,,20.0,0.0,15.15,1.0,0.0,0.0,2.0,0.22,-0.85,31.5,7.7,10.0
Ben Casparius,RP,FA,11.5,2.3,,,,,,,,,,,,,,,,,,,,,,,,,,,,,,,,,,,,,,0.91,0.86,27.6,6.3,7.5
Josh Simpson,RP,FA,11.25,3.75,,,,,,,,,,,,,,,,,,,,,,,,,,,,,,,25.0,10.0,5.0,3.0,0.0,0.0,0.78,-1.36,-2.01,26.1,14.6,9.1
Tanner Andrews,RP,FA,11.25,5.62,,,,,,,,,,,,,,,,,,,,,,22.22,18.18,0.0,2.0,0.0,0.0,1.5,,,22.22,18.18,0.0,2.0,0.0,0.0,1.5,,,,,
Gregory Santos,RP,FA,11.0,3.67,,,,,,,,,,,,,,,,,,,,,,,,,,,,,,,3.45,6.25,5.0,2.0,0.0,0.0,1.67,,,,,
Tyler Schweitzer,RP,FA,11.0,2.75,,,,,,,,,,,,,,,,,,,,,,,,,,,,,,,33.33,15.38,2.0,3.0,0.0,1.0,0.89,,,,,
Yacksel Rios,RP,FA,11.0,11.0,,,,,,,,,,,,,,,,,,,,,,,,,,,,,,,,,,,,,,,,,,
Chris Devenski,RP,FA,10.75,3.58,,,,,,,,,,,,,,,,,,,,,,,,,,,,,,,,,,,,,,-0.48,0.03,21.9,7.7,8.4
Zach Thornton,SP,FA,10.5,10.5,,,,,,,,,,,,,,,,,,,,,,,,,,,,,-1.51,-1.46,15.38,10.53,12.5,1.0,0.0,0.0,4.33,,,,,
Johan Oviedo,SP,FA,10.25,10.25,,,,,,,,,,,,,,,,,,,,,,,,,,,,,,,,,,,,,,0.04,-0.8,29.9,13.5,7.4
Vince Velasquez,SP,FA,9.75,9.75,,,,,,,,,,,,,,,,,,,,,,,,,,,,,,,,,,,,,,,,,,
Daniel Duarte,RP,FA,9.75,9.75,,,,,,,,,,,,,,,,,,,,,,,,,,,,,,,16.67,0.0,7.14,1.0,0.0,0.0,2.33,,,,,
Kervin Castro,RP,FA,9.5,9.5,,,,,,,,,,,,,,,,,,,,,,,,,,,,,,,6.67,0.0,6.9,1.0,0.0,0.0,2.0,,,,,
Brycen Mautz,SP,FA,9.5,9.5,,,,,,,,,,,,,,,,,,,,-0.54,-0.29,17.39,14.29,6.78,1.0,0.0,0.0,3.0,,,17.39,14.29,6.78,1.0,0.0,0.0,3.0,,,,,
Joey Lucchesi,RP,FA,9.25,1.85,,,,,,,,,,,,,,,,,,,,,,,,,,,,,,,,,,,,,,-0.98,-0.21,19.6,7.3,9.0
Tyler Uberstine,SP,FA,9.0,9.0,,,,,,,,,,,,,,,,,,,,,,,,,,,,,,,,,,,,,,,,,,
Easton McGee,SP,FA,8.5,4.25,,,,,,,,,,,,,,,,,,,,,,,,,,,,,,,,,,,,,,-1.33,-0.62,19.2,8.1,9.4
Jose Butto,RP,FA,8.5,2.83,,,,,,,,,,,,,,,,,,,,,,,,,,,,,,,,,,,,,,0.97,0.72,28.8,11.3,5.6
Braxton Garrett,SP,FA,8.25,4.12,,,,,,,,,,,,,,,,,,,,,,,,,,,,,-1.75,-2.56,21.57,28.57,10.0,2.0,0.0,0.0,2.17,,,,,
Mason Barnett,SP,FA,8.25,8.25,,,,,,,,,,,,,,,,,,,,,,,,,,,,,,,,,,,,,,-0.68,-0.11,21.2,10.6,7.4
Brady Basso,RP,FA,8.0,2.67,,,,,,,,,,,,,,,,,,,,,,,,,,,,,,,,,,,,,,-1.73,-1.37,20.2,16.1,7.3
Luis Morales,SP,FA,7.75,2.58,,,,,,,,,,,,,,,,,,,,,,,,,,,,,,,,,,,,,,0.15,0.6,23.5,9.0,6.8
Rolddy Munoz,SP,FA,7.5,7.5,,,,,,,,,,,,,,,,,,,,,,,,,,,,,,,,,,,,,,,,,,
Brendan Beck,SP,FA,6.75,6.75,,,,,,,,,,,,,,,,,,,,,,,,,,,,,,,17.65,23.08,3.85,1.0,0.0,0.0,3.0,,,,,
Chris Roycroft,RP,FA,6.75,1.35,,,,,,,,,,,,,,,,,,,,,,,,,,,,,,,,,,,,,,-1.16,-0.81,21.4,11.9,8.1
Mitch Spence,RP,FA,6.75,6.75,,,,,,,,,,,,,,,,,,,,,,,,,,,,,,,,,,,,,,0.46,0.61,25.7,6.9,7.7
Cristian Javier,SP,FA,6.5,2.17,,,,,,,,,,,,,,,,,,,,,,,,,,,,,,,,,,,,,,-0.08,0.18,24.0,9.6,7.3
Doug Nikhazy,SP,FA,6.25,6.25,,,,,,,,,,,,,,,,,,,,,,,,,,,,,,,,,,,,,,,,,,
Jonathan Heasley,RP,FA,6.0,6.0,,,,,,,,,,,,,,,,,,,,-1.21,-0.26,7.89,0.0,12.5,1.0,0.0,0.0,4.0,,,7.89,0.0,12.5,1.0,0.0,0.0,4.0,,,,,
Chayce McDermott,RP,FA,5.75,5.75,,,,,,,,,,,,,,,,,,,,,,,,,,,,,,,28.57,0.0,12.5,1.0,0.0,0.0,1.0,,,,,
Anthony Molina,RP,FA,5.75,5.75,,,,,,,,,,,,,,,,,,,,,,,,,,,,,,,,,,,,,,0.98,1.62,24.2,3.8,7.2
Hunter Stratton,RP,FA,5.75,5.75,,,,,,,,,,,,,,,,,,,,,,,,,,,,,,,,,,,,,,-0.5,0.26,20.6,7.9,7.9
Victor Mederos,SP,FA,5.75,5.75,,,,,,,,,,,,,,,,,,,,,,,,,,,,,,,0.0,16.67,4.0,1.0,0.0,0.0,2.0,-1.95,-2.11,22.4,14.8,9.2
Philip Abner,RP,FA,5.5,5.5,,,,,,,,,,,,,,,,,,,,,,,,,,,,,,,,,,,,,,,,,,
Bailey Falter,SP,FA,5.5,1.1,,,,,,,,,,,,,,,,,,,,,,8.0,0.0,11.11,1.0,0.0,0.0,2.33,-0.87,-0.06,11.54,10.81,7.14,3.0,0.0,0.0,2.11,-1.34,-0.42,18.1,8.9,8.7
Chase Lee,RP,FA,5.5,1.83,,,,,,,,,,,,,,,,,,,,,,0.0,28.57,9.09,1.0,0.0,0.0,1.67,,,12.5,40.0,8.57,2.0,0.0,0.0,1.0,-0.08,0.74,21.1,6.1,7.8
Wyatt Mills,RP,FA,4.5,1.12,,,,,,,,,,,,,,,,,,,,,,,,,,,,,-1.56,-1.95,18.75,33.33,5.95,4.0,0.0,0.0,0.83,,,,,
Ryan Johnson,SP,FA,4.5,1.12,,,,,,,,,,,,,,,,,,,,,,,,,,,,,-0.88,-0.89,18.37,11.54,10.0,3.0,0.0,0.0,1.67,0.62,0.44,27.7,6.9,8.0
Joe Ross,SP,FA,4.25,1.42,,,,,,,,,,,,,,,,,,,,,,,,,,,,,,,,,,,,,,-0.09,0.48,22.4,7.9,7.5
Nick Raquet,SP,FA,3.75,1.25,,,,,,,,,,,,,,,,,,,,,,,,,,,,,,,,,,,,,,,,,,
Lou Trivino,RP,FA,3.75,1.88,,,,,,,,,,,,,,,,,,,,,,,,,,,,,,,33.33,0.0,9.68,1.0,0.0,0.0,2.33,-0.21,-0.21,25.1,8.7,8.4
Luke Little,RP,FA,3.5,3.5,,,,,,,,,,,,,,,,,,,,,,,,,,,,,,,,,,,,,,,,,,
Duncan Davitt,SP,FA,2.75,2.75,,,,,,,,,,,,,,,,,,,,,,,,,,,,,,,,,,,,,,,,,,
Jose Espada,RP,FA,2.5,2.5,,,,,,,,,,,,,,,,,,,,,,,,,,,,,,,,,,,,,,,,,,
Gavin Hollowell,RP,FA,2.5,2.5,,,,,,,,,,,,,,,,,,,,,,,,,,,,,,,14.29,36.36,2.04,1.0,0.0,0.0,1.67,,,,,
Josh Fleming,RP,FA,2.0,2.0,,,,,,,,,,,,,,,,,,,,,,,,,,,,,,,,,,,,,,,,,,
Dylan Smith,RP,FA,1.75,1.75,,,,,,,,,,,,,,,,,,,,,,,,,,,,,,,0.0,33.33,11.11,1.0,0.0,0.0,0.67,-1.63,-2.0,24.1,10.4,10.9
Tyler Gilbert,RP,FA,0.25,0.12,,,,,,,,,,,,,,,,,,,,,,,,,,,,,,,,,,,,,,-0.32,-0.59,26.2,11.2,8.0
Justin Verlander,SP,FA,0.0,0.0,,,,,,,,,,,,,,,,,,,,,,,,,,,,,,,,,,,,,,-0.11,-0.02,24.8,7.9,8.4
Ian Hamilton,RP,FA,-1.0,-1.0,,,,,,,,,,,,,,,,,,,,,,,,,,,,,,,,,,,,,,-0.3,-0.87,27.8,13.3,7.6
Sammy Peralta,RP,FA,-2.0,-2.0,,,,,,,,,,,,,,,,,,,,,,,,,,,,,,,0.0,28.57,8.7,1.0,0.0,0.0,0.67,-1.94,-2.04,22.1,11.5,10.5
Tyler Ferguson,RP,FA,-2.0,-2.0,,,,,,,,,,,,,,,,,,,,,,,,,,,,,,,23.08,0.0,3.85,1.0,0.0,0.0,1.33,-0.72,-1.1,26.0,13.8,7.8
Riley Cornelio,SP,FA,-2.0,-2.0,,,,,,,,,,,,,,,,,,,,,,,,,,,,,,,,,,,,,,,,,,
Yaramil Hiraldo,RP,FA,-2.25,-0.75,,,,,,,,,,,,,,,,,,,,,,,,,,,,,,,,,,,,,,1.29,-0.47,37.1,10.7,8.0
Jedixson Paez,SP,FA,-4.75,-1.58,,,,,,,,,,,,,,,,,,,,,,,,,,,,,,,,,,,,,,,,,,
Brendon Little,RP,FA,-5.25,-1.05,,,,,,,,,,,,,,,,,,,,,,,,,,,,,,,,,,,,,,2.46,-0.07,43.5,15.3,5.3
Jackson Rutledge,RP,FA,-6.0,-6.0,,,,,,,,,,,,,,,,,,,,,,,,,,,,,,,,,,,,,,0.84,1.21,25.3,7.6,6.3
Jonathan Cannon,SP,FA,-6.25,-6.25,,,,,,,,,,,,,,,,,,,,,,,,,,,,,,,,,,,,,,-1.0,-0.59,21.4,8.2,9.3
Aaron Brooks,SP,FA,-11.25,-11.25,,,,,,,,,,,,,,,,,,,,,,,,,,,,,,,16.67,50.0,5.88,1.0,0.0,0.0,0.33,,,,,
