"last_name, first_name",player_id,year,ab,barrel_batted_rate,oz_swing_percent,meatball_swing_percent,last_name,first_name,oz_take,oz_take_std,meatball_swing_std,batters_eye_score,barrel_std,hitter_score,player_name,player_name_standard
"Hinds, Rece",677956,2026,63,0.0,39.5,83.3,Hinds,Rece,60.5,-1.25,0.97,-0.22,-1.77,-1.32,Rece Hinds,rece hinds
"Sheets, Gavin",657757,2026,356,6.9,31.0,63.4,Sheets,Gavin,69.0,0.05,-1.35,-1.0,-0.13,-0.75,Gavin Sheets,gavin sheets
"Alexander, Blaze",677942,2026,261,6.6,30.2,86.1,Alexander,Blaze,69.8,0.17,1.29,1.12,-0.2,0.61,Blaze Alexander,blaze alexander
"Williams, Alika",675961,2026,215,1.2,37.1,74.2,Williams,Alika,62.9,-0.88,-0.1,-0.75,-1.48,-1.49,Alika Williams,alika williams
"Rodriguez, Jesus",683679,2026,51,2.3,34.8,76.2,Rodriguez,Jesus,65.2,-0.53,0.14,-0.3,-1.22,-1.02,Jesus Rodriguez,jesus rodriguez
"Wynns, Austin",642851,2026,82,3.3,40.5,75.0,Wynns,Austin,59.5,-1.4,-0.0,-1.07,-0.99,-1.37,Austin Wynns,austin wynns
"Gasper, Mickey",681508,2026,191,10.4,21.0,64.1,Gasper,Mickey,79.0,1.57,-1.27,0.23,0.7,0.62,Mickey Gasper,mickey gasper
"Narváez, Carlos",665966,2026,248,6.6,32.3,73.4,Narváez,Carlos,67.7,-0.15,-0.19,-0.26,-0.2,-0.31,Carlos Narváez,carlos narvaez
"Lopez, Nicky",670032,2026,233,0.0,34.1,85.7,Lopez,Nicky,65.9,-0.43,1.25,0.63,-1.77,-0.76,Nicky Lopez,nicky lopez
"Crawford, Justin",702222,2026,417,2.0,37.7,78.2,Crawford,Justin,62.3,-0.97,0.37,-0.46,-1.29,-1.17,Justin Crawford,justin crawford
"Rushing, Dalton",687221,2026,221,12.1,30.5,80.7,Rushing,Dalton,69.5,0.12,0.66,0.6,1.1,1.13,Dalton Rushing,dalton rushing
"Robles, Victor",645302,2026,133,1.7,36.1,97.6,Robles,Victor,63.9,-0.73,2.63,1.45,-1.36,0.06,Victor Robles,victor robles
"d'Arnaud, Travis",518595,2026,76,9.6,33.3,76.7,d'Arnaud,Travis,66.7,-0.3,0.2,-0.08,0.51,0.28,Travis d'Arnaud,travis darnaud
"Jung, Josh",673962,2026,398,7.2,29.3,72.7,Jung,Josh,70.7,0.31,-0.27,0.03,-0.06,-0.02,Josh Jung,josh jung
"Carroll, Corbin",682998,2026,574,12.4,29.7,76.7,Carroll,Corbin,70.3,0.25,0.2,0.34,1.17,1.01,Corbin Carroll,corbin carroll
"Thompson, Sterlin",694514,2026,69,6.3,29.5,95.8,Thompson,Sterlin,70.5,0.28,2.42,2.06,-0.27,1.19,Sterlin Thompson,sterlin thompson
"Hernández, Heriberto",681715,2026,440,12.3,23.8,84.6,Hernández,Heriberto,76.2,1.15,1.12,1.73,1.15,1.92,Heriberto Hernández,heriberto hernandez
"Arroyo, Edwin",695490,2026,148,2.7,39.7,81.3,Arroyo,Edwin,60.3,-1.28,0.73,-0.42,-1.13,-1.03,Edwin Arroyo,edwin arroyo
"Rave, John",670231,2026,138,10.8,27.0,75.0,Rave,John,73.0,0.66,-0.0,0.5,0.79,0.86,John Rave,john rave
"Brito, Juan",682877,2026,99,6.6,32.3,71.0,Brito,Juan,67.7,-0.15,-0.47,-0.47,-0.2,-0.45,Juan Brito,juan brito
"Duran, Ezequiel",677649,2026,532,6.0,35.6,74.9,Duran,Ezequiel,64.4,-0.65,-0.01,-0.51,-0.35,-0.57,Ezequiel Duran,ezequiel duran
"Trammell, Taylor",666211,2026,250,12.3,28.5,79.6,Trammell,Taylor,71.5,0.43,0.53,0.73,1.15,1.26,Taylor Trammell,taylor trammell
"Smith, Dominic",642086,2026,264,5.4,31.6,81.4,Smith,Dominic,68.4,-0.04,0.74,0.53,-0.49,0.03,Dominic Smith,dominic smith
"Rodriguez, Emmanuel",691181,2026,45,20.7,33.3,72.7,Rodriguez,Emmanuel,66.7,-0.3,-0.27,-0.44,3.14,1.8,Emmanuel Rodriguez,emmanuel rodriguez
"Short, Zack",670097,2026,50,5.9,27.1,84.6,Short,Zack,72.9,0.64,1.12,1.34,-0.37,0.65,Zack Short,zack short
"Lowe, Brandon",664040,2026,579,12.3,33.7,80.5,Lowe,Brandon,66.3,-0.36,0.64,0.21,1.15,0.91,Brandon Lowe,brandon lowe
"Genao, Angel",694197,2026,123,4.9,27.1,72.5,Genao,Angel,72.9,0.64,-0.29,0.27,-0.61,-0.23,Angel Genao,angel genao
"Smith, Pavin",656976,2026,102,5.1,27.2,75.0,Smith,Pavin,72.8,0.63,-0.0,0.48,-0.56,-0.05,Pavin Smith,pavin smith
"Malgeri, Ben",701162,2026,117,7.2,24.2,81.0,Malgeri,Ben,75.8,1.08,0.7,1.36,-0.06,0.87,Ben Malgeri,ben malgeri
"Rojas, Miguel",500743,2026,220,4.9,32.8,69.8,Rojas,Miguel,67.2,-0.23,-0.61,-0.64,-0.61,-0.83,Miguel Rojas,miguel rojas
"Triolo, Jared",669707,2026,321,2.4,25.6,79.8,Triolo,Jared,74.4,0.87,0.56,1.09,-1.2,-0.07,Jared Triolo,jared triolo
"Refsnyder, Rob",608701,2026,114,8.6,25.7,81.1,Refsnyder,Rob,74.3,0.86,0.71,1.19,0.27,0.98,Rob Refsnyder,rob refsnyder
"Mesa Jr., Victor",683748,2026,226,11.2,34.6,86.7,Mesa Jr.,Victor,65.4,-0.5,1.36,0.66,0.89,1.03,Victor Mesa Jr.,victor mesa
"Garcia, Jhostynxon",691373,2026,49,3.1,46.4,75.0,Garcia,Jhostynxon,53.6,-2.3,-0.0,-1.76,-1.03,-1.86,Jhostynxon Garcia,jhostynxon garcia
"Ward, Taylor",621493,2026,497,5.2,14.9,63.1,Ward,Taylor,85.1,2.5,-1.39,0.85,-0.54,0.21,Taylor Ward,taylor ward
"Lewis, Royce",668904,2026,455,10.5,33.2,81.3,Lewis,Royce,66.8,-0.29,0.73,0.34,0.72,0.71,Royce Lewis,royce lewis
"Thomas, Lane",657041,2026,326,6.4,20.6,72.2,Thomas,Lane,79.4,1.63,-0.33,1.0,-0.25,0.5,Lane Thomas,lane thomas
"Ramírez, Agustín",682663,2026,218,4.4,29.1,84.3,Ramírez,Agustín,70.9,0.34,1.08,1.08,-0.72,0.24,Agustín Ramírez,agustin ramirez
"Peters, Tristan",671976,2026,432,5.5,32.6,84.3,Peters,Tristan,67.4,-0.2,1.08,0.68,-0.46,0.14,Tristan Peters,tristan peters
"Huff, Sam",669087,2026,33,14.3,44.8,100.0,Huff,Sam,55.2,-2.06,2.91,0.65,1.62,1.52,Sam Huff,sam huff
"Rumfield, TJ",681198,2026,546,5.0,30.4,82.2,Rumfield,TJ,69.6,0.14,0.84,0.74,-0.58,0.11,TJ Rumfield,tj rumfield
"Soto, Juan",665742,2026,391,14.1,20.8,75.4,Soto,Juan,79.2,1.6,0.04,1.26,1.57,1.89,Juan Soto,juan soto
"Smith, Josh",669701,2026,207,6.5,34.3,72.9,Smith,Josh,65.7,-0.46,-0.25,-0.54,-0.23,-0.51,Josh Smith,josh smith
"Hoerner, Nico",663538,2026,626,1.4,33.6,67.9,Hoerner,Nico,66.4,-0.35,-0.83,-0.9,-1.44,-1.56,Nico Hoerner,nico hoerner
"Grisham, Trent",663757,2026,418,9.6,19.2,71.8,Grisham,Trent,80.8,1.85,-0.38,1.12,0.51,1.09,Trent Grisham,trent grisham
"Hill, Derek",656537,2026,199,10.6,34.6,78.0,Hill,Derek,65.4,-0.5,0.35,-0.12,0.74,0.42,Derek Hill,derek hill
"Caglianone, Jac",695506,2026,504,13.2,39.4,79.7,Caglianone,Jac,60.6,-1.23,0.55,-0.52,1.36,0.56,Jac Caglianone,jac caglianone
"Gilbert, Drew",687551,2026,338,5.9,25.4,68.8,Gilbert,Drew,74.6,0.9,-0.73,0.13,-0.37,-0.16,Drew Gilbert,drew gilbert
"Lombard Jr., George",806146,2026,152,8.2,27.2,77.8,Lombard Jr.,George,72.8,0.63,0.32,0.73,0.18,0.6,George Lombard Jr.,george lombard
"Antonacci, Sam",803011,2026,473,5.1,21.7,76.4,Antonacci,Sam,78.3,1.47,0.16,1.24,-0.56,0.45,Sam Antonacci,sam antonacci
"Workman, Gage",669398,2026,41,20.8,42.5,84.6,Workman,Gage,57.5,-1.71,1.12,-0.45,3.16,1.81,Gage Workman,gage workman
"Cowser, Colton",681297,2026,341,9.4,29.6,68.1,Cowser,Colton,70.4,0.26,-0.81,-0.42,0.46,0.03,Colton Cowser,colton cowser
"Duran, Jarren",680776,2026,549,9.2,34.4,71.1,Duran,Jarren,65.6,-0.47,-0.46,-0.71,0.41,-0.2,Jarren Duran,jarren duran
"Edwards, Xavier",669364,2026,518,3.2,24.4,74.9,Edwards,Xavier,75.6,1.05,-0.01,0.79,-1.01,-0.14,Xavier Edwards,xavier edwards
"Lindor, Francisco",596019,2026,410,8.9,29.9,76.9,Lindor,Francisco,70.1,0.22,0.22,0.33,0.34,0.45,Francisco Lindor,francisco lindor
"Cavanaugh, Drew",701852,2026,138,4.3,27.4,83.7,Cavanaugh,Drew,72.6,0.6,1.01,1.23,-0.75,0.32,Drew Cavanaugh,drew cavanaugh
"Langeliers, Shea",669127,2026,418,13.5,33.1,77.9,Langeliers,Shea,66.9,-0.27,0.34,0.05,1.43,0.99,Shea Langeliers,shea langeliers
"Meidroth, Chase",805367,2026,564,4.7,28.9,61.5,Meidroth,Chase,71.1,0.37,-1.58,-0.92,-0.65,-1.05,Chase Meidroth,chase meidroth
"Kelenic, Jarred",672284,2026,73,19.0,29.4,68.0,Kelenic,Jarred,70.6,0.29,-0.82,-0.4,2.74,1.56,Jarred Kelenic,jarred kelenic
"Flores Jr., Rafael",804668,2026,144,15.0,27.6,70.0,Flores Jr.,Rafael,72.4,0.57,-0.59,-0.01,1.79,1.18,Rafael Flores Jr.,rafael flores
"Ozuna, Marcell",542303,2026,251,7.7,26.7,62.2,Ozuna,Marcell,73.3,0.7,-1.49,-0.6,0.06,-0.36,Marcell Ozuna,marcell ozuna
"Call, Alex",669743,2026,160,1.6,24.3,70.8,Call,Alex,75.7,1.07,-0.49,0.44,-1.39,-0.63,Alex Call,alex call
"Moncada, Yoán",660162,2026,111,7.7,21.1,50.0,Moncada,Yoán,78.9,1.56,-2.92,-1.04,0.06,-0.65,Yoán Moncada,yoan moncada
"Trevino, Jose",624431,2026,152,2.4,37.6,60.9,Trevino,Jose,62.4,-0.96,-1.65,-1.99,-1.2,-2.12,Jose Trevino,jose trevino
"Lee, Hao-Yu",701678,2026,323,8.7,29.1,75.0,Lee,Hao-Yu,70.9,0.34,-0.0,0.26,0.29,0.37,Hao-Yu Lee,hao yu lee
"Yorke, Nick",694377,2026,104,5.0,31.8,77.4,Yorke,Nick,68.2,-0.07,0.28,0.16,-0.58,-0.28,Nick Yorke,nick yorke
"Jansen, Danny",643376,2026,190,5.7,22.6,62.7,Jansen,Danny,77.4,1.33,-1.44,-0.08,-0.42,-0.33,Danny Jansen,danny jansen
"Nuñez, Nasim",683083,2026,426,0.9,26.0,84.0,Nuñez,Nasim,74.0,0.81,1.05,1.42,-1.55,-0.09,Nasim Nuñez,nasim nunez
"Isbel, Kyle",664728,2026,290,2.6,35.7,66.3,Isbel,Kyle,64.3,-0.67,-1.02,-1.29,-1.15,-1.63,Kyle Isbel,kyle isbel
"Horwitz, Spencer",687462,2026,379,5.8,24.8,66.4,Horwitz,Spencer,75.2,0.99,-1.0,-0.01,-0.39,-0.27,Spencer Horwitz,spencer horwitz
"Bregman, Alex",608324,2026,604,6.1,23.4,66.2,Bregman,Alex,76.6,1.21,-1.03,0.14,-0.32,-0.12,Alex Bregman,alex bregman
"Giménez, Andrés",665926,2026,463,3.5,43.9,78.1,Giménez,Andrés,56.1,-1.92,0.36,-1.19,-0.94,-1.42,Andrés Giménez,andres gimenez
"Abrams, CJ",682928,2026,571,10.5,36.8,69.9,Abrams,CJ,63.2,-0.84,-0.6,-1.09,0.72,-0.25,CJ Abrams,cj abrams
"Mitchell, Garrett",669003,2026,457,11.5,22.8,76.5,Mitchell,Garrett,77.2,1.3,0.17,1.12,0.96,1.39,Garrett Mitchell,garrett mitchell
"Naylor, Josh",647304,2026,589,4.5,38.2,80.4,Naylor,Josh,61.8,-1.05,0.63,-0.32,-0.7,-0.68,Josh Naylor,josh naylor
"Massey, Michael",686681,2026,419,6.3,38.8,76.0,Massey,Michael,61.2,-1.14,0.11,-0.78,-0.27,-0.71,Michael Massey,michael massey
"García Jr., Luis",671277,2026,516,12.2,38.4,78.6,García Jr.,Luis,61.6,-1.08,0.42,-0.51,1.12,0.41,Luis García Jr.,luis garcia
"Rogers, Jake",668670,2026,143,9.4,25.6,72.9,Rogers,Jake,74.4,0.87,-0.25,0.48,0.46,0.62,Jake Rogers,jake rogers
"Muncy, Max",571970,2026,485,12.7,25.9,75.0,Muncy,Max,74.1,0.83,-0.0,0.63,1.24,1.25,Max Muncy,max muncy
"Lowe, Josh",666139,2026,307,9.1,36.0,83.8,Lowe,Josh,64.0,-0.71,1.02,0.24,0.39,0.42,Josh Lowe,josh lowe
"Smith, Cam",701358,2026,503,11.4,29.8,78.7,Smith,Cam,70.2,0.23,0.43,0.5,0.93,0.96,Cam Smith,cam smith
"Jiménez, Eloy",650391,2026,31,4.0,39.2,100.0,Jiménez,Eloy,60.8,-1.2,2.91,1.3,-0.82,0.32,Eloy Jiménez,eloy jimenez
"Gelof, Zack",680869,2026,386,10.9,24.8,79.3,Gelof,Zack,75.2,0.99,0.5,1.14,0.82,1.3,Zack Gelof,zack gelof
"Outman, James",681546,2026,157,7.0,30.2,88.6,Outman,James,69.8,0.17,1.58,1.34,-0.11,0.82,James Outman,james outman
"Kelly, Carson",608348,2026,380,5.2,25.2,78.4,Kelly,Carson,74.8,0.93,0.39,1.01,-0.54,0.32,Carson Kelly,carson kelly
"Sosa, Edmundo",624641,2026,227,7.3,52.6,70.1,Sosa,Edmundo,47.4,-3.25,-0.57,-2.91,-0.04,-1.97,Edmundo Sosa,edmundo sosa
"Schmitt, Casey",669477,2026,387,12.3,36.5,81.7,Schmitt,Casey,63.5,-0.79,0.78,-0.01,1.15,0.76,Casey Schmitt,casey schmitt
"Julien, Edouard",666397,2026,236,7.3,18.6,77.6,Julien,Edouard,81.4,1.94,0.3,1.71,-0.04,1.11,Edouard Julien,edouard julien
"Perkins, Blake",663368,2026,89,4.4,28.9,67.5,Perkins,Blake,71.1,0.37,-0.88,-0.39,-0.72,-0.74,Blake Perkins,blake perkins
"Scott II, Victor",687363,2026,166,1.6,22.6,86.8,Scott II,Victor,77.4,1.33,1.37,2.06,-1.39,0.45,Victor Scott II,victor scott
"Pasquantino, Vinnie",686469,2026,414,9.0,30.5,78.3,Pasquantino,Vinnie,69.5,0.12,0.38,0.39,0.37,0.5,Vinnie Pasquantino,vinnie pasquantino
"García, Adolis",666969,2026,231,9.3,29.8,74.1,García,Adolis,70.2,0.23,-0.11,0.09,0.44,0.35,Adolis García,adolis garcia
"Vargas, Miguel",678246,2026,586,13.1,21.1,75.6,Vargas,Miguel,78.9,1.56,0.07,1.24,1.34,1.72,Miguel Vargas,miguel vargas
"Fortes, Nick",663743,2026,294,2.4,37.0,66.7,Fortes,Nick,63.0,-0.87,-0.97,-1.4,-1.2,-1.73,Nick Fortes,nick fortes
"Semien, Marcus",543760,2026,490,5.9,27.0,78.7,Semien,Marcus,73.0,0.66,0.43,0.83,-0.37,0.31,Marcus Semien,marcus semien
"Wade Jr., LaMonte",664774,2026,126,3.3,21.0,77.4,Wade Jr.,LaMonte,79.0,1.57,0.28,1.41,-0.99,0.28,LaMonte Wade Jr.,lamonte wade
"Marte, Starling",516782,2026,153,9.6,35.3,79.2,Marte,Starling,64.7,-0.61,0.49,-0.09,0.51,0.28,Starling Marte,starling marte
"Harper, Bryce",547180,2026,567,10.3,32.5,79.3,Harper,Bryce,67.5,-0.18,0.5,0.24,0.67,0.61,Bryce Harper,bryce harper
"Shewmake, Braden",669699,2026,85,6.9,52.6,73.9,Shewmake,Braden,47.4,-3.25,-0.13,-2.57,-0.13,-1.81,Braden Shewmake,braden shewmake
"Raleigh, Cal",663728,2026,442,14.4,35.8,85.9,Raleigh,Cal,64.2,-0.68,1.27,0.45,1.65,1.39,Cal Raleigh,cal raleigh
"Tromp, Chadwick",644433,2026,49,0.0,45.6,63.6,Tromp,Chadwick,54.4,-2.18,-1.33,-2.68,-1.77,-2.96,Chadwick Tromp,chadwick tromp
"Edman, Tommy",669242,2026,284,5.5,30.9,68.2,Edman,Tommy,69.1,0.06,-0.8,-0.56,-0.46,-0.68,Tommy Edman,tommy edman
"Witt Jr., Bobby",677951,2026,550,11.5,33.7,77.5,Witt Jr.,Bobby,66.3,-0.36,0.29,-0.06,0.96,0.6,Bobby Witt Jr.,bobby witt
"Mack, Joe",691788,2026,303,8.4,28.1,79.1,Mack,Joe,71.9,0.49,0.48,0.74,0.22,0.64,Joe Mack,joe mack
"Varsho, Daulton",662139,2026,484,6.9,36.5,80.9,Varsho,Daulton,63.5,-0.79,0.69,-0.08,-0.13,-0.14,Daulton Varsho,daulton varsho
"Burger, Jake",669394,2026,547,12.2,35.4,71.7,Burger,Jake,64.6,-0.62,-0.39,-0.77,1.12,0.24,Jake Burger,jake burger
"Muncy, Max",691777,2026,256,10.7,33.2,79.5,Muncy,Max,66.8,-0.29,0.52,0.18,0.77,0.63,Max Muncy,max muncy
"Ortiz, Abimelec",694673,2026,125,7.8,37.3,67.6,Ortiz,Abimelec,62.7,-0.91,-0.87,-1.36,0.08,-0.85,Abimelec Ortiz,abimelec ortiz
"Happ, Ian",664023,2026,541,11.2,23.6,72.5,Happ,Ian,76.4,1.18,-0.29,0.67,0.89,1.04,Ian Happ,ian happ
"Arias, Gabriel",672356,2026,139,10.1,38.4,75.6,Arias,Gabriel,61.6,-1.08,0.07,-0.77,0.63,-0.1,Gabriel Arias,gabriel arias
"Swanson, Dansby",621020,2026,425,7.3,26.5,83.7,Swanson,Dansby,73.5,0.73,1.01,1.33,-0.04,0.86,Dansby Swanson,dansby swanson
"Stott, Bryson",681082,2026,529,6.0,30.2,62.2,Stott,Bryson,69.8,0.17,-1.49,-1.01,-0.35,-0.9,Bryson Stott,bryson stott
"Beck, Jordan",687597,2026,161,3.8,38.5,82.9,Beck,Jordan,61.5,-1.1,0.92,-0.13,-0.87,-0.67,Jordan Beck,jordan beck
"Bader, Harrison",664056,2026,106,8.2,38.7,66.7,Bader,Harrison,61.3,-1.13,-0.97,-1.6,0.18,-0.95,Harrison Bader,harrison bader
"Mauricio, Ronny",677595,2026,52,9.1,53.8,75.0,Mauricio,Ronny,46.2,-3.43,-0.0,-2.62,0.39,-1.49,Ronny Mauricio,ronny mauricio
"Steer, Spencer",668715,2026,340,12.4,26.2,70.1,Steer,Spencer,73.8,0.78,-0.57,0.16,1.17,0.89,Spencer Steer,spencer steer
"Garver, Mitch",641598,2026,126,9.1,24.9,66.7,Garver,Mitch,75.1,0.98,-0.97,0.01,0.39,0.26,Mitch Garver,mitch garver
"Wilson, Jacob",805779,2026,320,2.5,42.3,82.9,Wilson,Jacob,57.7,-1.68,0.92,-0.58,-1.18,-1.17,Jacob Wilson,jacob wilson
"Clemens, Kody",665019,2026,523,11.3,32.5,74.6,Clemens,Kody,67.5,-0.18,-0.05,-0.18,0.91,0.49,Kody Clemens,kody clemens
"Moore, Christian",695681,2026,129,9.8,32.3,68.2,Moore,Christian,67.7,-0.15,-0.8,-0.72,0.56,-0.11,Christian Moore,christian moore
"Kim, Hyeseong",808975,2026,116,3.4,29.2,67.6,Kim,Hyeseong,70.8,0.32,-0.87,-0.41,-0.96,-0.92,Hyeseong Kim,hyeseong kim
"Bart, Joey",663698,2026,112,7.7,32.8,66.7,Bart,Joey,67.2,-0.23,-0.97,-0.91,0.06,-0.57,Joey Bart,joey bart
"Freeland, Alex",690976,2026,231,6.2,21.7,65.8,Freeland,Alex,78.3,1.47,-1.07,0.3,-0.3,-0.0,Alex Freeland,alex freeland
"Jarvis, Jim",805347,2026,111,3.3,28.0,79.4,Jarvis,Jim,72.0,0.51,0.51,0.78,-0.99,-0.14,Jim Jarvis,jim jarvis
"Ramírez, José",608070,2026,468,4.2,28.5,76.8,Ramírez,José,71.5,0.43,0.21,0.49,-0.77,-0.19,José Ramírez,jose ramirez
"Vázquez, Christian",543877,2026,242,2.1,36.5,64.6,Vázquez,Christian,63.5,-0.79,-1.21,-1.53,-1.27,-1.87,Christian Vázquez,christian vazquez
"Thomas, Alek",677950,2026,113,7.1,41.6,80.8,Thomas,Alek,58.4,-1.57,0.67,-0.68,-0.08,-0.51,Alek Thomas,alek thomas
"Machado, Manny",592518,2026,582,9.6,30.5,83.1,Machado,Manny,69.5,0.12,0.94,0.81,0.51,0.88,Manny Machado,manny machado
"Caminero, Junior",691406,2026,611,12.9,30.6,72.8,Caminero,Junior,69.4,0.11,-0.26,-0.11,1.29,0.78,Junior Caminero,junior caminero
"Siri, Jose",642350,2026,222,13.0,40.8,67.7,Siri,Jose,59.2,-1.45,-0.85,-1.75,1.31,-0.29,Jose Siri,jose siri
"De La Cruz, Bryan",650559,2026,73,5.2,33.9,86.1,De La Cruz,Bryan,66.1,-0.39,1.29,0.68,-0.54,0.1,Bryan De La Cruz,bryan de la cruz
"Tucker, Kyle",663656,2026,532,6.5,24.0,85.8,Tucker,Kyle,76.0,1.12,1.26,1.81,-0.23,1.06,Kyle Tucker,kyle tucker
"Johnston, Troy",687859,2026,393,2.2,35.9,79.3,Johnston,Troy,64.1,-0.7,0.5,-0.15,-1.25,-0.93,Troy Johnston,troy johnston
"Conine, Griffin",665052,2026,276,15.3,33.4,73.8,Conine,Griffin,66.6,-0.32,-0.14,-0.35,1.86,1.01,Griffin Conine,griffin conine
"Neto, Zach",687263,2026,613,11.7,37.2,74.9,Neto,Zach,62.8,-0.9,-0.01,-0.7,1.01,0.21,Zach Neto,zach neto
"Robert Jr., Luis",673357,2026,204,9.9,32.7,81.1,Robert Jr.,Luis,67.3,-0.21,0.71,0.38,0.58,0.64,Luis Robert Jr.,luis robert
"Maile, Luke",571912,2026,41,3.7,30.6,46.2,Maile,Luke,69.4,0.11,-3.36,-2.48,-0.89,-2.25,Luke Maile,luke maile
"Castellanos, Nick",592206,2026,115,8.4,40.2,78.1,Castellanos,Nick,59.8,-1.36,0.36,-0.76,0.22,-0.36,Nick Castellanos,nick castellanos
"Vientos, Mark",668901,2026,269,9.9,35.1,77.3,Vientos,Mark,64.9,-0.58,0.27,-0.24,0.58,0.23,Mark Vientos,mark vientos
"Sánchez, Gary",596142,2026,219,8.0,22.4,56.8,Sánchez,Gary,77.6,1.36,-2.12,-0.58,0.13,-0.3,Gary Sánchez,gary sanchez
"Conforto, Michael",624424,2026,266,11.6,27.5,74.4,Conforto,Michael,72.5,0.58,-0.07,0.39,0.98,0.91,Michael Conforto,michael conforto
"Tatis Jr., Fernando",665487,2026,622,12.8,26.5,76.4,Tatis Jr.,Fernando,73.5,0.73,0.16,0.68,1.27,1.3,Fernando Tatis Jr.,fernando tatis
"Freeman, Freddie",518692,2026,576,8.1,29.3,87.4,Freeman,Freddie,70.7,0.31,1.44,1.34,0.15,0.99,Freddie Freeman,freddie freeman
"Rodríguez, Héctor",699302,2026,136,7.2,42.9,88.6,Rodríguez,Héctor,57.1,-1.77,1.58,-0.14,-0.06,-0.13,Héctor Rodríguez,hector rodriguez
"Groover, LuJames",694410,2026,48,11.1,19.8,77.8,Groover,LuJames,80.2,1.76,0.32,1.59,0.86,1.63,LuJames Groover,lujames groover
"Romo, Drew",691011,2026,177,6.0,34.5,78.0,Romo,Drew,65.5,-0.49,0.35,-0.11,-0.35,-0.3,Drew Romo,drew romo
"Mead, Curtis",678554,2026,285,10.9,25.1,62.6,Mead,Curtis,74.9,0.95,-1.45,-0.38,0.82,0.29,Curtis Mead,curtis mead
"Jackson, Alex",656577,2026,69,2.2,41.0,68.2,Jackson,Alex,59.0,-1.48,-0.8,-1.73,-1.25,-1.99,Alex Jackson,alex jackson
"Young, Jared",676724,2026,308,7.7,27.5,80.2,Young,Jared,72.5,0.58,0.6,0.9,0.06,0.64,Jared Young,jared young
"Fulford, Braxton",690924,2026,74,7.1,28.6,77.8,Fulford,Braxton,71.4,0.41,0.32,0.56,-0.08,0.32,Braxton Fulford,braxton fulford
"Ewing, A.J.",805999,2026,430,7.0,26.6,78.6,Ewing,A.J.,73.4,0.72,0.42,0.87,-0.11,0.51,A.J. Ewing,aj ewing
"Meadows, Parker",678009,2026,36,3.8,27.9,57.1,Meadows,Parker,72.1,0.52,-2.09,-1.2,-0.87,-1.38,Parker Meadows,parker meadows
"Amador, Adael",691182,2026,76,7.6,23.3,87.9,Amador,Adael,76.7,1.22,1.5,2.08,0.03,1.41,Adael Amador,adael amador
"Torkelson, Spencer",679529,2026,522,12.3,21.7,76.3,Torkelson,Spencer,78.3,1.47,0.15,1.23,1.15,1.59,Spencer Torkelson,spencer torkelson
"Hamilton, David",666152,2026,333,3.1,29.5,67.0,Hamilton,David,70.5,0.28,-0.94,-0.5,-1.03,-1.02,David Hamilton,david hamilton
"Caissie, Owen",683357,2026,291,14.2,30.0,72.5,Caissie,Owen,70.0,0.2,-0.29,-0.07,1.6,1.02,Owen Caissie,owen caissie
"Paredes, Isaac",670623,2026,554,4.9,26.8,68.3,Paredes,Isaac,73.2,0.69,-0.78,-0.07,-0.61,-0.45,Isaac Paredes,isaac paredes
"Whitcomb, Shay",694376,2026,112,11.4,34.9,72.3,Whitcomb,Shay,65.1,-0.55,-0.32,-0.66,0.93,0.18,Shay Whitcomb,shay whitcomb
"Davis, Henry",680779,2026,253,8.7,32.2,86.0,Davis,Henry,67.8,-0.14,1.28,0.87,0.29,0.78,Henry Davis,henry davis
"Taylor, Samad",669392,2026,149,3.7,30.3,54.0,Taylor,Samad,69.7,0.15,-2.45,-1.75,-0.89,-1.76,Samad Taylor,samad taylor
"Judge, Aaron",592450,2026,237,20.9,26.4,73.8,Judge,Aaron,73.6,0.75,-0.14,0.46,3.19,2.43,Aaron Judge,aaron judge
"Friedl, TJ",670770,2026,239,2.9,24.1,75.6,Friedl,TJ,75.9,1.1,0.07,0.89,-1.08,-0.13,TJ Friedl,tj friedl
"Navarreto, Brian",640459,2026,50,5.9,38.7,92.3,Navarreto,Brian,61.3,-1.13,2.02,0.68,-0.37,0.21,Brian Navarreto,brian navarreto
"McGonigle, Kevin",805808,2026,597,7.2,19.4,76.4,McGonigle,Kevin,80.6,1.82,0.16,1.51,-0.06,0.97,Kevin McGonigle,kevin mcgonigle
"Laureano, Ramón",657656,2026,182,14.3,32.7,80.0,Laureano,Ramón,67.3,-0.21,0.58,0.28,1.62,1.27,Ramón Laureano,ramon laureano
"Culpepper, Kaelen",701785,2026,109,3.6,43.0,77.5,Culpepper,Kaelen,57.0,-1.78,0.29,-1.14,-0.91,-1.37,Kaelen Culpepper,kaelen culpepper
"Ward, Ryan",669899,2026,55,10.8,32.1,75.0,Ward,Ryan,67.9,-0.12,-0.0,-0.09,0.79,0.47,Ryan Ward,ryan ward
"Adell, Jo",666176,2026,595,8.7,35.3,81.9,Adell,Jo,64.7,-0.61,0.8,0.15,0.29,0.3,Jo Adell,jo adell
"Crews, Dylan",686611,2026,397,9.5,32.1,82.7,Crews,Dylan,67.9,-0.12,0.9,0.59,0.48,0.72,Dylan Crews,dylan crews
"Naylor, Bo",666310,2026,91,11.9,26.7,72.2,Naylor,Bo,73.3,0.7,-0.33,0.29,1.05,0.89,Bo Naylor,bo naylor
"Goldschmidt, Paul",502671,2026,345,9.9,32.2,78.9,Goldschmidt,Paul,67.8,-0.14,0.45,0.24,0.58,0.55,Paul Goldschmidt,paul goldschmidt
"Susac, Daniel",691740,2026,144,5.3,41.8,81.8,Susac,Daniel,58.2,-1.6,0.79,-0.62,-0.51,-0.75,Daniel Susac,daniel susac
"Burleson, Alec",676475,2026,601,11.1,38.0,85.9,Burleson,Alec,62.0,-1.02,1.27,0.19,0.86,0.7,Alec Burleson,alec burleson
"Schneemann, Daniel",682177,2026,258,7.5,33.3,82.6,Schneemann,Daniel,66.7,-0.3,0.88,0.44,0.01,0.3,Daniel Schneemann,daniel schneemann
"Henderson, Gunnar",683002,2026,623,7.7,30.4,65.7,Henderson,Gunnar,69.6,0.14,-1.09,-0.72,0.06,-0.44,Gunnar Henderson,gunnar henderson
"Haggerty, Sam",664059,2026,44,0.0,33.8,90.0,Haggerty,Sam,66.2,-0.38,1.75,1.04,-1.77,-0.48,Sam Haggerty,sam haggerty
"Pratt, Cooper",806198,2026,221,3.3,29.5,75.9,Pratt,Cooper,70.5,0.28,0.1,0.29,-0.99,-0.46,Cooper Pratt,cooper pratt
"Bichette, Bo",666182,2026,629,6.5,40.8,72.4,Bichette,Bo,59.2,-1.45,-0.31,-1.34,-0.23,-1.04,Bo Bichette,bo bichette
"Gonzalez, Romy",663853,2026,65,4.4,32.9,79.3,Gonzalez,Romy,67.1,-0.24,0.5,0.2,-0.72,-0.35,Romy Gonzalez,romy gonzalez
"Velázquez, Nelson",676369,2026,100,14.1,31.6,66.7,Velázquez,Nelson,68.4,-0.04,-0.97,-0.77,1.57,0.53,Nelson Velázquez,nelson velazquez
"Kuroda-Grauer, Joshua",811965,2026,66,1.8,40.3,70.0,Kuroda-Grauer,Joshua,59.7,-1.37,-0.59,-1.49,-1.34,-1.89,Joshua Kuroda-Grauer,joshua kuroda grauer
"Nimmo, Brandon",607043,2026,584,9.1,29.0,81.4,Nimmo,Brandon,71.0,0.35,0.74,0.84,0.39,0.82,Brandon Nimmo,brandon nimmo
"Sullivan, Brett",664954,2026,215,3.9,33.4,77.4,Sullivan,Brett,66.6,-0.32,0.28,-0.03,-0.84,-0.58,Brett Sullivan,brett sullivan
"Freeman, Cody",683227,2026,83,1.4,28.0,58.6,Freeman,Cody,72.0,0.51,-1.91,-1.07,-1.44,-1.67,Cody Freeman,cody freeman
"Castro, Willi",650489,2026,427,8.0,37.7,85.4,Castro,Willi,62.3,-0.97,1.21,0.18,0.13,0.21,Willi Castro,willi castro
"Hoskins, Rhys",656555,2026,263,12.6,22.2,77.1,Hoskins,Rhys,77.8,1.39,0.24,1.24,1.22,1.64,Rhys Hoskins,rhys hoskins
"Bateman, Brett",703520,2026,151,1.7,28.7,61.1,Bateman,Brett,71.3,0.4,-1.62,-0.93,-1.36,-1.53,Brett Bateman,brett bateman
"Stephenson, Tyler",663886,2026,407,12.1,22.2,85.6,Stephenson,Tyler,77.8,1.39,1.23,2.0,1.1,2.07,Tyler Stephenson,tyler stephenson
"Lile, Daylen",695734,2026,594,9.7,38.4,84.2,Lile,Daylen,61.6,-1.08,1.07,-0.01,0.53,0.35,Daylen Lile,daylen lile
"Chisholm Jr., Jazz",665862,2026,471,8.2,29.4,78.5,Chisholm Jr.,Jazz,70.6,0.29,0.41,0.53,0.18,0.47,Jazz Chisholm Jr.,jazz chisholm
"Morabito, Nick",703492,2026,41,0.0,33.7,66.7,Morabito,Nick,66.3,-0.36,-0.97,-1.02,-1.77,-1.86,Nick Morabito,nick morabito
"Perdomo, Geraldo",672695,2026,556,3.1,21.0,62.3,Perdomo,Geraldo,79.0,1.57,-1.48,0.07,-1.03,-0.64,Geraldo Perdomo,geraldo perdomo
"Beavers, Dylan",687637,2026,324,8.4,23.8,74.8,Beavers,Dylan,76.2,1.15,-0.03,0.85,0.22,0.72,Dylan Beavers,dylan beavers
"Murphy, Sean",669221,2026,106,8.6,34.6,73.3,Murphy,Sean,65.4,-0.5,-0.2,-0.54,0.27,-0.18,Sean Murphy,sean murphy
"Walker, Christian",572233,2026,564,9.5,31.5,80.5,Walker,Christian,68.5,-0.03,0.64,0.47,0.48,0.63,Christian Walker,christian walker
"O'Hoppe, Logan",681351,2026,252,9.1,34.8,76.1,O'Hoppe,Logan,65.2,-0.53,0.13,-0.31,0.39,0.05,Logan O'Hoppe,logan ohoppe
"Pauley, Graham",688363,2026,138,6.7,31.1,82.7,Pauley,Graham,68.9,0.03,0.9,0.71,-0.18,0.35,Graham Pauley,graham pauley
"Contreras, Willson",575929,2026,446,13.4,34.1,70.0,Contreras,Willson,65.9,-0.43,-0.59,-0.77,1.41,0.43,Willson Contreras,willson contreras
"Loperfido, Joey",694388,2026,103,6.8,29.8,80.6,Loperfido,Joey,70.2,0.23,0.65,0.67,-0.16,0.34,Joey Loperfido,joey loperfido
"Guerrero Jr., Vladimir",665489,2026,538,6.9,30.4,77.2,Guerrero Jr.,Vladimir,69.6,0.14,0.25,0.3,-0.13,0.11,Vladimir Guerrero Jr.,vladimir guerrero
"Griffin, Konnor",804606,2026,304,6.3,37.6,73.6,Griffin,Konnor,62.4,-0.96,-0.17,-0.86,-0.27,-0.75,Konnor Griffin,konnor griffin
"Schwarber, Kyle",656941,2026,573,15.6,25.9,78.0,Schwarber,Kyle,74.1,0.83,0.35,0.89,1.93,1.88,Kyle Schwarber,kyle schwarber
"Moniak, Mickey",666160,2026,401,9.7,43.9,86.6,Moniak,Mickey,56.1,-1.92,1.35,-0.43,0.53,0.07,Mickey Moniak,mickey moniak
"Schanuel, Nolan",694384,2026,392,2.4,27.2,65.8,Schanuel,Nolan,72.8,0.63,-1.07,-0.34,-1.2,-1.03,Nolan Schanuel,nolan schanuel
"Bolte, Henry",703607,2026,408,8.2,28.6,87.2,Bolte,Henry,71.4,0.41,1.42,1.4,0.18,1.05,Henry Bolte,henry bolte
"Carter, Evan",694497,2026,386,4.9,21.5,74.3,Carter,Evan,78.5,1.5,-0.08,1.08,-0.61,0.31,Evan Carter,evan carter
"Volpe, Anthony",683011,2026,220,4.9,25.7,76.9,Volpe,Anthony,74.3,0.86,0.22,0.82,-0.61,0.14,Anthony Volpe,anthony volpe
"House, Brady",691781,2026,314,9.7,34.1,75.9,House,Brady,65.9,-0.43,0.1,-0.25,0.53,0.19,Brady House,brady house
"Gorman, Nolan",669357,2026,261,10.0,31.5,81.6,Gorman,Nolan,68.5,-0.03,0.77,0.56,0.6,0.78,Nolan Gorman,nolan gorman
"Torres, Gleyber",650402,2026,358,6.1,18.9,77.4,Torres,Gleyber,81.1,1.89,0.28,1.66,-0.32,0.89,Gleyber Torres,gleyber torres
"Del Castillo, Adrian",680728,2026,179,6.3,29.8,79.7,Del Castillo,Adrian,70.2,0.23,0.55,0.59,-0.27,0.21,Adrian Del Castillo,adrian del castillo
"Bellinger, Cody",641355,2026,496,6.6,30.3,74.8,Bellinger,Cody,69.7,0.15,-0.03,0.1,-0.2,-0.07,Cody Bellinger,cody bellinger
"Chapman, Matt",656305,2026,307,6.6,26.4,70.3,Chapman,Matt,73.6,0.75,-0.55,0.15,-0.2,-0.03,Matt Chapman,matt chapman
"Acuña, Luisangel",682668,2026,205,3.0,34.3,83.3,Acuña,Luisangel,65.7,-0.46,0.97,0.39,-1.06,-0.45,Luisangel Acuña,luisangel acuna
"Yoshida, Masataka",807799,2026,263,3.4,28.1,67.6,Yoshida,Masataka,71.9,0.49,-0.87,-0.29,-0.96,-0.83,Masataka Yoshida,masataka yoshida
"Marsh, Brandon",669016,2026,519,8.1,36.4,84.8,Marsh,Brandon,63.6,-0.78,1.14,0.28,0.15,0.29,Brandon Marsh,brandon marsh
"Piñango, Yohendrick",682818,2026,169,8.0,35.2,76.8,Piñango,Yohendrick,64.8,-0.59,0.21,-0.29,0.13,-0.11,Yohendrick Piñango,yohendrick pinango
"Durán, Rodolfo",660710,2026,82,8.5,31.9,68.8,Durán,Rodolfo,68.1,-0.09,-0.73,-0.62,0.25,-0.25,Rodolfo Durán,rodolfo duran
"Bowen, Jase",687749,2026,93,9.3,44.2,62.5,Bowen,Jase,55.8,-1.97,-1.46,-2.61,0.44,-1.45,Jase Bowen,jase bowen
"Baty, Brett",683146,2026,412,10.2,28.9,77.5,Baty,Brett,71.1,0.37,0.29,0.5,0.65,0.77,Brett Baty,brett baty
"Bogaerts, Xander",593428,2026,518,5.6,23.0,76.3,Bogaerts,Xander,77.0,1.27,0.15,1.08,-0.44,0.43,Xander Bogaerts,xander bogaerts
"McCarthy, Jake",664983,2026,540,5.5,37.7,89.0,McCarthy,Jake,62.3,-0.97,1.63,0.5,-0.46,0.02,Jake McCarthy,jake mccarthy
"Fry, David",681807,2026,180,6.6,27.5,67.6,Fry,David,72.5,0.58,-0.87,-0.22,-0.2,-0.28,David Fry,david fry
"Hayes, Ke'Bryan",663647,2026,227,6.9,30.9,67.6,Hayes,Ke'Bryan,69.1,0.06,-0.87,-0.61,-0.13,-0.5,Ke'Bryan Hayes,kebryan hayes
"Franklin, Christian",681047,2026,50,8.6,21.6,75.0,Franklin,Christian,78.4,1.48,-0.0,1.13,0.27,0.93,Christian Franklin,christian franklin
"Misner, Kameron",670224,2026,41,0.0,30.1,70.0,Misner,Kameron,69.9,0.18,-0.59,-0.31,-1.77,-1.38,Kameron Misner,kameron misner
"Crooks, Jimmy",699625,2026,134,11.6,36.3,73.5,Crooks,Jimmy,63.7,-0.76,-0.18,-0.71,0.98,0.18,Jimmy Crooks,jimmy crooks
"Jensen, Carter",695600,2026,523,12.0,24.2,75.1,Jensen,Carter,75.8,1.08,0.01,0.83,1.08,1.27,Carter Jensen,carter jensen
"Kreidler, Ryan",668952,2026,243,8.2,28.3,85.7,Kreidler,Ryan,71.7,0.46,1.25,1.3,0.18,0.98,Ryan Kreidler,ryan kreidler
"Wiemer, Joey",686894,2026,70,10.0,26.3,71.4,Wiemer,Joey,73.7,0.76,-0.42,0.26,0.6,0.58,Joey Wiemer,joey wiemer
"Rodríguez, Julio",677594,2026,591,8.9,38.5,66.2,Rodríguez,Julio,61.5,-1.1,-1.03,-1.62,0.34,-0.85,Julio Rodríguez,julio rodriguez
"Jackson, Jeremiah",669236,2026,277,8.0,36.8,79.1,Jackson,Jeremiah,63.2,-0.84,0.48,-0.28,0.13,-0.1,Jeremiah Jackson,jeremiah jackson
"Trout, Mike",545361,2026,509,16.1,20.6,69.1,Trout,Mike,79.4,1.63,-0.69,0.72,2.05,1.85,Mike Trout,mike trout
"Callahan, Brett",814430,2026,69,11.1,40.2,100.0,Callahan,Brett,59.8,-1.36,2.91,1.19,0.86,1.37,Brett Callahan,brett callahan
"Cole, Zach",805904,2026,51,16.7,28.2,71.4,Cole,Zach,71.8,0.47,-0.42,0.04,2.19,1.49,Zach Cole,zach cole
"Marchán, Rafael",665561,2026,91,2.6,33.3,72.4,Marchán,Rafael,66.7,-0.3,-0.31,-0.46,-1.15,-1.08,Rafael Marchán,rafael marchan
"Arenado, Nolan",571448,2026,527,7.1,32.0,67.6,Arenado,Nolan,68.0,-0.1,-0.87,-0.74,-0.08,-0.55,Nolan Arenado,nolan arenado
"Higashioka, Kyle",543309,2026,165,8.5,31.1,69.1,Higashioka,Kyle,68.9,0.03,-0.69,-0.5,0.25,-0.17,Kyle Higashioka,kyle higashioka
"Montgomery, Braden",695731,2026,318,4.4,27.3,86.4,Montgomery,Braden,72.7,0.61,1.33,1.48,-0.72,0.5,Braden Montgomery,braden montgomery
"Prieto, César",693409,2026,34,3.4,35.7,80.0,Prieto,César,64.3,-0.67,0.58,-0.07,-0.96,-0.69,César Prieto,cesar prieto
"Sanoja, Javier",691594,2026,453,2.7,39.4,71.9,Sanoja,Javier,60.6,-1.23,-0.36,-1.22,-1.13,-1.56,Javier Sanoja,javier sanoja
"Benge, Carson",701807,2026,585,7.5,27.9,77.5,Benge,Carson,72.1,0.52,0.29,0.62,0.01,0.42,Carson Benge,carson benge
"Song, Sung-Mun",823550,2026,128,3.9,23.8,83.3,Song,Sung-Mun,76.2,1.15,0.97,1.61,-0.84,0.51,Sung-Mun Song,sung mun song
"Spence, Lucas",828599,2026,48,13.8,29.5,90.0,Spence,Lucas,70.5,0.28,1.75,1.54,1.5,2.03,Lucas Spence,lucas spence
"McLain, Matt",680574,2026,431,9.1,26.7,65.1,McLain,Matt,73.3,0.7,-1.16,-0.35,0.39,0.03,Matt McLain,matt mclain
"Heineman, Tyler",623168,2026,174,0.6,43.0,78.4,Heineman,Tyler,57.0,-1.78,0.39,-1.06,-1.63,-1.79,Tyler Heineman,tyler heineman
"Alonso, Pete",624413,2026,602,15.3,26.6,72.4,Alonso,Pete,73.4,0.72,-0.31,0.32,1.86,1.45,Pete Alonso,pete alonso
"Loftin, Nick",679845,2026,371,4.2,25.4,70.5,Loftin,Nick,74.6,0.9,-0.53,0.29,-0.77,-0.32,Nick Loftin,nick loftin
"Murakami, Munetaka",808959,2026,445,20.2,22.1,72.8,Murakami,Munetaka,77.9,1.4,-0.26,0.87,3.02,2.6,Munetaka Murakami,munetaka murakami
"India, Jonathan",663697,2026,48,5.7,17.9,80.0,India,Jonathan,82.1,2.05,0.58,2.0,-0.42,1.06,Jonathan India,jonathan india
"Rodden, Brock",801126,2026,61,5.3,31.9,88.2,Rodden,Brock,68.1,-0.09,1.54,1.1,-0.51,0.4,Brock Rodden,brock rodden
"Greene, Riley",682985,2026,503,14.9,25.9,80.3,Greene,Riley,74.1,0.83,0.62,1.1,1.76,1.91,Riley Greene,riley greene
"Olson, Matt",621566,2026,619,14.3,27.7,75.7,Olson,Matt,72.3,0.55,0.08,0.48,1.62,1.4,Matt Olson,matt olson
"Rice, Ben",700250,2026,573,14.3,24.5,80.1,Rice,Ben,75.5,1.04,0.59,1.24,1.62,1.91,Ben Rice,ben rice
"Teel, Kyle",691019,2026,115,11.8,31.3,55.3,Teel,Kyle,68.7,0.0,-2.3,-1.75,1.03,-0.48,Kyle Teel,kyle teel
"Bazzana, Travis",683953,2026,441,5.0,26.9,77.9,Bazzana,Travis,73.1,0.67,0.34,0.77,-0.58,0.12,Travis Bazzana,travis bazzana
"Bell, Josh",605137,2026,562,9.5,29.7,83.2,Bell,Josh,70.3,0.25,0.95,0.92,0.48,0.93,Josh Bell,josh bell
"Emerson, Colt",806068,2026,221,5.0,38.9,71.2,Emerson,Colt,61.1,-1.16,-0.45,-1.22,-0.58,-1.2,Colt Emerson,colt emerson
"Harris, Brett",695391,2026,39,4.2,22.5,46.2,Harris,Brett,77.5,1.34,-3.36,-1.54,-0.77,-1.54,Brett Harris,brett harris
"Andujar, Miguel",609280,2026,239,4.5,40.8,67.6,Andujar,Miguel,59.2,-1.45,-0.87,-1.76,-0.7,-1.64,Miguel Andujar,miguel andujar
"Encarnacion, Jerar",666464,2026,34,7.7,43.4,37.5,Encarnacion,Jerar,56.6,-1.84,-4.38,-4.74,0.06,-3.13,Jerar Encarnacion,jerar encarnacion
"Simpson, Chandler",802415,2026,571,0.0,31.2,71.3,Simpson,Chandler,68.8,0.02,-0.43,-0.32,-1.77,-1.39,Chandler Simpson,chandler simpson
"Butler, Lawrence",671732,2026,466,8.8,24.6,74.5,Butler,Lawrence,75.4,1.02,-0.06,0.73,0.32,0.7,Lawrence Butler,lawrence butler
"Wallner, Matt",670242,2026,120,10.4,31.6,75.8,Wallner,Matt,68.4,-0.04,0.09,0.04,0.7,0.49,Matt Wallner,matt wallner
"Doyle, Brenton",686668,2026,204,6.9,35.2,82.2,Doyle,Brenton,64.8,-0.59,0.84,0.19,-0.13,0.04,Brenton Doyle,brenton doyle
"Rengifo, Luis",650859,2026,312,4.1,30.6,76.2,Rengifo,Luis,69.4,0.11,0.14,0.19,-0.8,-0.41,Luis Rengifo,luis rengifo
"Clarke, Denzel",672016,2026,73,2.1,25.7,64.0,Clarke,Denzel,74.3,0.86,-1.28,-0.33,-1.27,-1.07,Denzel Clarke,denzel clarke
"Herrera, Iván",671056,2026,598,6.0,28.4,67.6,Herrera,Iván,71.6,0.44,-0.87,-0.32,-0.35,-0.44,Iván Herrera,ivan herrera
"Jones, Jahmai",663330,2026,158,11.0,29.6,81.0,Jones,Jahmai,70.4,0.26,0.7,0.73,0.84,1.05,Jahmai Jones,jahmai jones
"Fermín, José",665877,2026,322,2.1,22.4,66.4,Fermín,José,77.6,1.36,-1.0,0.27,-1.27,-0.67,José Fermín,jose fermin
"Cook, Billy",695257,2026,51,0.0,39.7,85.7,Cook,Billy,60.3,-1.28,1.25,-0.03,-1.77,-1.2,Billy Cook,billy cook
"Suzuki, Seiya",673548,2026,545,10.7,22.5,70.7,Suzuki,Seiya,77.5,1.34,-0.5,0.64,0.77,0.94,Seiya Suzuki,seiya suzuki
"Rodríguez, Endy",682848,2026,135,10.6,26.1,76.5,Rodríguez,Endy,73.9,0.79,0.17,0.74,0.74,0.99,Endy Rodríguez,endy rodriguez
"Schneider, Davis",676914,2026,121,11.1,20.6,69.8,Schneider,Davis,79.4,1.63,-0.61,0.78,0.86,1.1,Davis Schneider,davis schneider
"Serven, Brian",661531,2026,78,8.8,31.8,72.7,Serven,Brian,68.2,-0.07,-0.27,-0.26,0.32,0.04,Brian Serven,brian serven
"Foscue, Justin",679822,2026,223,10.4,27.4,66.2,Foscue,Justin,72.6,0.6,-1.03,-0.33,0.7,0.25,Justin Foscue,justin foscue
"Stanton, Giancarlo",519317,2026,90,18.0,30.3,61.5,Stanton,Giancarlo,69.7,0.15,-1.58,-1.08,2.5,0.94,Giancarlo Stanton,giancarlo stanton
"Yelich, Christian",592885,2026,436,9.4,24.5,78.3,Yelich,Christian,75.5,1.04,0.38,1.08,0.46,1.03,Christian Yelich,christian yelich
"Díaz, Yandy",650490,2026,610,7.2,29.1,63.6,Díaz,Yandy,70.9,0.34,-1.33,-0.76,-0.06,-0.55,Yandy Díaz,yandy diaz
"Realmuto, J.T.",592663,2026,408,5.4,29.8,76.8,Realmuto,J.T.,70.2,0.23,0.21,0.33,-0.49,-0.1,J.T. Realmuto,jt realmuto
"Lara, Luis",800325,2026,187,3.5,24.5,68.1,Lara,Luis,75.5,1.04,-0.81,0.18,-0.94,-0.51,Luis Lara,luis lara
"Eldridge, Bryce",805811,2026,386,11.5,24.6,73.8,Eldridge,Bryce,75.4,1.02,-0.14,0.67,0.96,1.09,Bryce Eldridge,bryce eldridge
"Fraley, Jake",641584,2026,88,8.5,22.6,75.0,Fraley,Jake,77.4,1.33,-0.0,1.01,0.25,0.84,Jake Fraley,jake fraley
"Tolbert, Tyler",686475,2026,126,2.9,26.6,83.7,Tolbert,Tyler,73.4,0.72,1.01,1.32,-1.08,0.16,Tyler Tolbert,tyler tolbert
"Springer, George",543807,2026,460,6.5,25.3,83.3,Springer,George,74.7,0.92,0.97,1.44,-0.23,0.81,George Springer,george springer
"Peña, Jeremy",665161,2026,436,6.8,39.0,74.8,Peña,Jeremy,61.0,-1.17,-0.03,-0.91,-0.16,-0.71,Jeremy Peña,jeremy pena
"Smith, Will",669257,2026,232,12.5,20.7,68.3,Smith,Will,79.3,1.62,-0.78,0.64,1.2,1.22,Will Smith,will smith
"Soler, Jorge",624585,2026,316,10.9,27.4,77.1,Soler,Jorge,72.6,0.6,0.24,0.64,0.82,0.97,Jorge Soler,jorge soler
"Sosa, Lenyn",672820,2026,113,5.6,50.0,46.4,Sosa,Lenyn,50.0,-2.85,-3.34,-4.72,-0.44,-3.44,Lenyn Sosa,lenyn sosa
"Hicks, Liam",689414,2026,469,3.8,26.6,67.8,Hicks,Liam,73.4,0.72,-0.84,-0.09,-0.87,-0.64,Liam Hicks,liam hicks
"Peraza, Oswald",672724,2026,337,6.1,38.4,78.6,Peraza,Oswald,61.6,-1.08,0.42,-0.51,-0.32,-0.55,Oswald Peraza,oswald peraza
"Cauley, Cam",695508,2026,58,0.0,28.3,60.9,Cauley,Cam,71.7,0.46,-1.65,-0.91,-1.77,-1.78,Cam Cauley,cam cauley
"Valdez, Esmerlyn",699013,2026,241,19.9,21.0,76.5,Valdez,Esmerlyn,79.0,1.57,0.17,1.33,2.95,2.85,Esmerlyn Valdez,esmerlyn valdez
"Montes, Lazaro",703155,2026,49,16.0,26.3,83.3,Montes,Lazaro,73.7,0.76,0.97,1.32,2.02,2.23,Lazaro Montes,lazaro montes
"Matthews, Brice",694728,2026,214,8.5,25.5,75.0,Matthews,Brice,74.5,0.89,-0.0,0.67,0.25,0.61,Brice Matthews,brice matthews
"Vargas, Ildemaro",545121,2026,451,3.2,39.0,70.8,Vargas,Ildemaro,61.0,-1.17,-0.49,-1.27,-1.01,-1.52,Ildemaro Vargas,ildemaro vargas
"Arcia, Orlando",606115,2026,48,2.5,34.8,83.3,Arcia,Orlando,65.2,-0.53,0.97,0.33,-1.18,-0.56,Orlando Arcia,orlando arcia
"Harris, Dustin",687957,2026,123,1.9,32.4,69.0,Harris,Dustin,67.6,-0.17,-0.7,-0.66,-1.32,-1.32,Dustin Harris,dustin harris
"Turang, Brice",668930,2026,575,7.5,24.9,69.1,Turang,Brice,75.1,0.98,-0.69,0.22,0.01,0.15,Brice Turang,brice turang
"Wagner, Will",695238,2026,35,0.0,24.0,60.0,Wagner,Will,76.0,1.12,-1.75,-0.49,-1.77,-1.5,Will Wagner,will wagner
"Rivero, Sebastián",665861,2026,52,0.0,44.7,66.7,Rivero,Sebastián,55.3,-2.04,-0.97,-2.3,-1.77,-2.71,Sebastián Rivero,sebastian rivero
"Williams, Carson",700246,2026,37,4.0,39.7,91.7,Williams,Carson,60.3,-1.28,1.95,0.51,-0.82,-0.21,Carson Williams,carson williams
"Martin, Austin",668885,2026,298,3.0,18.1,79.6,Martin,Austin,81.9,2.01,0.53,1.94,-1.06,0.59,Austin Martin,austin martin
"Stowers, Kyle",669065,2026,447,12.8,33.7,83.4,Stowers,Kyle,66.3,-0.36,0.98,0.47,1.27,1.16,Kyle Stowers,kyle stowers
"Vierling, Matt",663837,2026,266,5.0,32.4,74.0,Vierling,Matt,67.6,-0.17,-0.12,-0.22,-0.58,-0.53,Matt Vierling,matt vierling
"Roden, Alan",702176,2026,77,4.4,25.9,65.4,Roden,Alan,74.1,0.83,-1.12,-0.23,-0.72,-0.63,Alan Roden,alan roden
"Valencia, Eduardo",680664,2026,120,15.4,35.7,73.5,Valencia,Eduardo,64.3,-0.67,-0.18,-0.65,1.88,0.83,Eduardo Valencia,eduardo valencia
"León, Sandy",506702,2026,44,0.0,40.0,71.4,León,Sandy,60.0,-1.32,-0.42,-1.33,-1.77,-2.07,Sandy León,sandy leon
"Rojas, Josh",668942,2026,101,1.1,31.3,92.0,Rojas,Josh,68.7,0.0,1.98,1.51,-1.51,0.0,Josh Rojas,josh rojas
"Dunn, Blake",694362,2026,142,2.9,28.7,70.2,Dunn,Blake,71.3,0.4,-0.56,-0.12,-1.08,-0.8,Blake Dunn,blake dunn
"McCann, James",543510,2026,148,9.9,40.3,72.1,McCann,James,59.7,-1.37,-0.34,-1.3,0.58,-0.48,James McCann,james mccann
"Encarnacion-Strand, Christian",687952,2026,195,14.0,46.4,80.7,Encarnacion-Strand,Christian,53.6,-2.3,0.66,-1.25,1.55,0.2,Christian Encarnacion-Strand,christian encarnacion strand
"Ohtani, Shohei",660271,2026,515,16.6,30.0,78.2,Ohtani,Shohei,70.0,0.2,0.37,0.44,2.17,1.74,Shohei Ohtani,shohei ohtani
"Sogard, Nick",686765,2026,236,4.8,24.7,62.1,Sogard,Nick,75.3,1.01,-1.51,-0.38,-0.63,-0.67,Nick Sogard,nick sogard
"Tawa, Tim",694374,2026,305,10.9,31.6,72.1,Tawa,Tim,68.4,-0.04,-0.34,-0.29,0.82,0.35,Tim Tawa,tim tawa
"Schuemann, Max",680474,2026,72,9.8,21.9,86.2,Schuemann,Max,78.1,1.44,1.3,2.09,0.56,1.76,Max Schuemann,max schuemann
"Hernández, Teoscar",606192,2026,436,10.5,30.9,74.8,Hernández,Teoscar,69.1,0.06,-0.03,0.03,0.72,0.5,Teoscar Hernández,teoscar hernandez
"Helman, Michael",680737,2026,30,0.0,43.3,93.8,Helman,Michael,56.7,-1.83,2.19,0.28,-1.77,-0.99,Michael Helman,michael helman
"Walker, Jordan",691023,2026,601,13.4,35.9,76.8,Walker,Jordan,64.1,-0.7,0.21,-0.37,1.41,0.69,Jordan Walker,jordan walker
"Wisdom, Patrick",621550,2026,47,19.2,40.4,72.7,Wisdom,Patrick,59.6,-1.39,-0.27,-1.26,2.78,1.01,Patrick Wisdom,patrick wisdom
"Meyers, Jake",676694,2026,141,6.3,32.6,80.0,Meyers,Jake,67.4,-0.2,0.58,0.29,-0.27,0.01,Jake Meyers,jake meyers
"Harris II, Michael",671739,2026,586,10.2,45.1,77.0,Harris II,Michael,54.9,-2.1,0.23,-1.43,0.65,-0.52,Michael Harris II,michael harris
"Basallo, Samuel",694212,2026,360,12.1,39.9,65.9,Basallo,Samuel,60.1,-1.31,-1.06,-1.81,1.1,-0.47,Samuel Basallo,samuel basallo
"Kiner-Falefa, Isiah",643396,2026,161,2.2,31.8,64.7,Kiner-Falefa,Isiah,68.2,-0.07,-1.2,-0.97,-1.25,-1.48,Isiah Kiner-Falefa,isiah kiner falefa
"Dubón, Mauricio",643289,2026,568,3.8,37.7,84.7,Dubón,Mauricio,62.3,-0.97,1.13,0.12,-0.87,-0.5,Mauricio Dubón,mauricio dubon
"Carpenter, Kerry",681481,2026,231,9.6,36.3,74.1,Carpenter,Kerry,63.7,-0.76,-0.11,-0.66,0.51,-0.1,Kerry Carpenter,kerry carpenter
"Feduccia, Hunter",676439,2026,212,7.6,24.8,68.4,Feduccia,Hunter,75.2,0.99,-0.77,0.17,0.03,0.14,Hunter Feduccia,hunter feduccia
"Marte, Noelvi",682622,2026,190,5.1,41.2,78.0,Marte,Noelvi,58.8,-1.51,0.35,-0.88,-0.56,-0.96,Noelvi Marte,noelvi marte
"Langford, Wyatt",694671,2026,402,8.1,26.3,79.8,Langford,Wyatt,73.7,0.76,0.56,1.01,0.15,0.77,Wyatt Langford,wyatt langford
"Walton, Donovan",622268,2026,224,4.9,28.7,91.9,Walton,Donovan,71.3,0.4,1.97,1.81,-0.61,0.8,Donovan Walton,donovan walton
"Alvarez, Yordan",670541,2026,557,16.0,28.9,68.5,Alvarez,Yordan,71.1,0.37,-0.76,-0.3,2.02,1.15,Yordan Alvarez,yordan alvarez
"Reynolds, Bryan",668804,2026,590,11.3,24.6,81.7,Reynolds,Bryan,75.4,1.02,0.78,1.38,0.91,1.52,Bryan Reynolds,bryan reynolds
"Jeffers, Ryan",680777,2026,314,10.4,26.3,68.2,Jeffers,Ryan,73.7,0.76,-0.8,-0.02,0.7,0.45,Ryan Jeffers,ryan jeffers
"Lowe, Nathaniel",663993,2026,374,8.7,27.5,71.9,Lowe,Nathaniel,72.5,0.58,-0.36,0.17,0.29,0.31,Nathaniel Lowe,nathaniel lowe
"Bericoto, Victor",682674,2026,106,13.2,42.9,80.0,Bericoto,Victor,57.1,-1.77,0.58,-0.9,1.36,0.3,Victor Bericoto,victor bericoto
"Haase, Eric",606992,2026,74,16.3,36.3,63.3,Haase,Eric,63.7,-0.76,-1.37,-1.62,2.1,0.32,Eric Haase,eric haase
"Tovar, Ezequiel",678662,2026,458,6.8,43.8,87.4,Tovar,Ezequiel,56.2,-1.9,1.44,-0.35,-0.16,-0.34,Ezequiel Tovar,ezequiel tovar
"Urías, Ramón",602104,2026,86,10.1,25.8,73.9,Urías,Ramón,74.2,0.84,-0.13,0.54,0.63,0.78,Ramón Urías,ramon urias
"Koss, Christian",683766,2026,195,4.1,39.2,75.0,Koss,Christian,60.8,-1.2,-0.0,-0.92,-0.8,-1.14,Christian Koss,christian koss
"Fermin, Freddy",666023,2026,228,3.9,34.1,81.7,Fermin,Freddy,65.9,-0.43,0.78,0.27,-0.84,-0.38,Freddy Fermin,freddy fermin
"Slater, Austin",596103,2026,65,2.3,28.7,72.0,Slater,Austin,71.3,0.4,-0.35,0.04,-1.22,-0.79,Austin Slater,austin slater
"Albies, Ozzie",645277,2026,609,3.9,38.2,87.3,Albies,Ozzie,61.8,-1.05,1.43,0.29,-0.84,-0.37,Ozzie Albies,ozzie albies
"Gonzales, Nick",693304,2026,547,3.1,31.2,82.7,Gonzales,Nick,68.8,0.02,0.9,0.7,-1.03,-0.22,Nick Gonzales,nick gonzales
"Pereda, Jhonny",640902,2026,87,2.9,24.6,77.8,Pereda,Jhonny,75.4,1.02,0.32,1.03,-1.08,-0.03,Jhonny Pereda,jhonny pereda
"Ramírez, Pedro",699393,2026,237,4.2,32.6,76.9,Ramírez,Pedro,67.4,-0.2,0.22,0.02,-0.77,-0.5,Pedro Ramírez,pedro ramirez
"Clement, Ernie",676391,2026,584,2.1,44.5,83.2,Clement,Ernie,55.5,-2.01,0.95,-0.81,-1.27,-1.38,Ernie Clement,ernie clement
"Joe, Connor",656582,2026,39,8.3,24.3,81.8,Joe,Connor,75.7,1.07,0.79,1.42,0.2,1.08,Connor Joe,connor joe
"Moreno, Gabriel",672515,2026,470,7.8,28.7,58.6,Moreno,Gabriel,71.3,0.4,-1.91,-1.16,0.08,-0.72,Gabriel Moreno,gabriel moreno
"Arozarena, Randy",668227,2026,564,8.0,30.4,76.3,Arozarena,Randy,69.6,0.14,0.15,0.22,0.13,0.23,Randy Arozarena,randy arozarena
"Frelick, Sal",686217,2026,336,2.3,24.7,59.7,Frelick,Sal,75.3,1.01,-1.79,-0.59,-1.22,-1.21,Sal Frelick,sal frelick
"Myers, Dane",667472,2026,292,4.9,25.2,65.5,Myers,Dane,74.8,0.93,-1.11,-0.14,-0.61,-0.49,Dane Myers,dane myers
"Holliday, Jackson",702616,2026,315,6.4,26.8,79.3,Holliday,Jackson,73.2,0.69,0.5,0.91,-0.25,0.44,Jackson Holliday,jackson holliday
"Riley, Austin",663586,2026,558,12.6,32.5,80.0,Riley,Austin,67.5,-0.18,0.58,0.31,1.22,1.02,Austin Riley,austin riley
"Ortiz, Joey",687401,2026,371,4.0,32.8,67.2,Ortiz,Joey,67.2,-0.23,-0.91,-0.87,-0.82,-1.13,Joey Ortiz,joey ortiz
"Ruiz, Keibert",660688,2026,329,4.7,38.7,69.7,Ruiz,Keibert,61.3,-1.13,-0.62,-1.33,-0.65,-1.32,Keibert Ruiz,keibert ruiz
"White, Eli",642201,2026,191,6.2,32.7,77.8,White,Eli,67.3,-0.21,0.32,0.09,-0.3,-0.14,Eli White,eli white
"Baldwin, Drake",686948,2026,544,12.8,34.4,78.9,Baldwin,Drake,65.6,-0.47,0.45,-0.01,1.27,0.84,Drake Baldwin,drake baldwin
"Crawford, J.P.",641487,2026,404,6.1,19.5,72.2,Crawford,J.P.,80.5,1.8,-0.33,1.12,-0.32,0.53,J.P. Crawford,jp crawford
"Delgado, Raynel",669384,2026,37,3.2,29.9,86.7,Delgado,Raynel,70.1,0.22,1.36,1.2,-1.01,0.13,Raynel Delgado,raynel delgado
"Urías, Luis",649966,2026,52,7.0,31.4,93.3,Urías,Luis,68.6,-0.01,2.13,1.62,-0.11,1.01,Luis Urías,luis urias
"Taveras, Leody",665750,2026,429,4.1,32.0,82.9,Taveras,Leody,68.0,-0.1,0.92,0.62,-0.8,-0.12,Leody Taveras,leody taveras
"Reyes, Felix",694025,2026,38,6.9,52.9,60.0,Reyes,Felix,47.1,-3.29,-1.75,-3.85,-0.13,-2.65,Felix Reyes,felix reyes
"Madrigal, Nick",663611,2026,54,0.0,30.4,83.3,Madrigal,Nick,69.6,0.14,0.97,0.84,-1.77,-0.62,Nick Madrigal,nick madrigal
"Vaughn, Andrew",683734,2026,288,5.1,23.5,65.1,Vaughn,Andrew,76.5,1.19,-1.16,0.03,-0.56,-0.36,Andrew Vaughn,andrew vaughn
"Morel, Christopher",666624,2026,98,3.2,34.7,68.0,Morel,Christopher,65.3,-0.52,-0.82,-1.02,-1.01,-1.35,Christopher Morel,christopher morel
"Bohm, Alec",664761,2026,561,6.1,26.2,74.2,Bohm,Alec,73.8,0.78,-0.1,0.52,-0.32,0.13,Alec Bohm,alec bohm
"O'Neill, Tyler",641933,2026,231,8.8,27.9,70.0,O'Neill,Tyler,72.1,0.52,-0.59,-0.05,0.32,0.18,Tyler O'Neill,tyler oneill
"McMahon, Ryan",641857,2026,328,9.0,28.2,75.7,McMahon,Ryan,71.8,0.47,0.08,0.42,0.37,0.53,Ryan McMahon,ryan mcmahon
"Kirk, Alejandro",672386,2026,273,3.8,28.7,67.3,Kirk,Alejandro,71.3,0.4,-0.9,-0.38,-0.87,-0.83,Alejandro Kirk,alejandro kirk
"Straw, Myles",664702,2026,292,2.7,23.1,69.0,Straw,Myles,76.9,1.25,-0.7,0.42,-1.13,-0.47,Myles Straw,myles straw
"DeLuca, Jonny",676356,2026,342,3.0,36.4,72.9,DeLuca,Jonny,63.6,-0.78,-0.25,-0.78,-1.06,-1.22,Jonny DeLuca,jonny deluca
"Stewart, Sal",701398,2026,614,12.4,31.9,77.1,Stewart,Sal,68.1,-0.09,0.24,0.12,1.17,0.86,Sal Stewart,sal stewart
"Seager, Corey",608369,2026,375,14.5,28.6,92.9,Seager,Corey,71.4,0.41,2.09,1.91,1.67,2.38,Corey Seager,corey seager
"Fernandez, Jose",699912,2026,203,3.8,36.3,62.7,Fernandez,Jose,63.7,-0.76,-1.44,-1.68,-0.87,-1.7,Jose Fernandez,jose fernandez
"Shaw, Matt",807713,2026,171,4.3,32.6,67.9,Shaw,Matt,67.4,-0.2,-0.83,-0.78,-0.75,-1.02,Matt Shaw,matt shaw
"Lopez, Otto",672640,2026,622,6.1,31.1,72.5,Lopez,Otto,68.9,0.03,-0.29,-0.2,-0.32,-0.35,Otto Lopez,otto lopez
"Polanco, Jorge",593871,2026,135,4.0,30.1,61.5,Polanco,Jorge,69.9,0.18,-1.58,-1.06,-0.82,-1.25,Jorge Polanco,jorge polanco
"Sánchez, Ali",645305,2026,86,3.2,34.6,85.2,Sánchez,Ali,65.4,-0.5,1.19,0.52,-1.01,-0.32,Ali Sánchez,ali sanchez
"Winn, Masyn",691026,2026,470,3.3,24.0,62.1,Winn,Masyn,76.0,1.12,-1.51,-0.3,-0.99,-0.86,Masyn Winn,masyn winn
"Ford, Harry",695670,2026,97,10.1,18.8,85.3,Ford,Harry,81.2,1.91,1.2,2.37,0.63,2.0,Harry Ford,harry ford
"Soderstrom, Tyler",691016,2026,396,9.5,25.9,81.9,Soderstrom,Tyler,74.1,0.83,0.8,1.24,0.48,1.15,Tyler Soderstrom,tyler soderstrom
"De La Cruz, Elly",682829,2026,551,16.5,25.1,65.6,De La Cruz,Elly,74.9,0.95,-1.1,-0.12,2.14,1.35,Elly De La Cruz,elly de la cruz
"Donovan, Brendan",680977,2026,137,2.7,25.3,72.5,Donovan,Brendan,74.7,0.92,-0.29,0.48,-1.13,-0.44,Brendan Donovan,brendan donovan
"Freeman, Tyler",671289,2026,255,1.3,30.2,87.0,Freeman,Tyler,69.8,0.17,1.4,1.2,-1.46,-0.18,Tyler Freeman,tyler freeman
"Sánchez, Jesús",660821,2026,284,10.8,38.0,78.9,Sánchez,Jesús,62.0,-1.02,0.45,-0.43,0.79,0.24,Jesús Sánchez,jesus sanchez
"Stubbs, Garrett",596117,2026,58,0.0,38.5,84.6,Stubbs,Garrett,61.5,-1.1,1.12,0.02,-1.77,-1.17,Garrett Stubbs,garrett stubbs
"Busch, Michael",683737,2026,597,9.2,25.1,76.4,Busch,Michael,74.9,0.95,0.16,0.85,0.41,0.84,Michael Busch,michael busch
"Melendez, MJ",669004,2026,120,11.1,29.5,78.9,Melendez,MJ,70.5,0.28,0.45,0.56,0.86,0.95,MJ Melendez,mj melendez
"Monasterio, Andruw",655316,2026,310,6.5,26.6,76.9,Monasterio,Andruw,73.4,0.72,0.22,0.72,-0.23,0.33,Andruw Monasterio,andruw monasterio
"Jenkins, Walker",805805,2026,76,8.5,25.2,70.0,Jenkins,Walker,74.8,0.93,-0.59,0.26,0.25,0.34,Walker Jenkins,walker jenkins
"Benson, Will",666181,2026,96,12.7,22.1,90.6,Benson,Will,77.9,1.4,1.82,2.46,1.24,2.47,Will Benson,will benson
"Callihan, Tyler",682997,2026,95,6.8,33.5,82.9,Callihan,Tyler,66.5,-0.33,0.92,0.45,-0.16,0.19,Tyler Callihan,tyler callihan
"Larnach, Trevor",663616,2026,383,7.5,29.7,67.7,Larnach,Trevor,70.3,0.25,-0.85,-0.46,0.01,-0.3,Trevor Larnach,trevor larnach
"Jiménez, Leo",677870,2026,166,3.9,26.2,59.2,Jiménez,Leo,73.8,0.78,-1.84,-0.81,-0.84,-1.1,Leo Jiménez,leo jimenez
"Aranda, Jonathan",666018,2026,574,10.0,29.2,73.1,Aranda,Jonathan,70.8,0.32,-0.22,0.08,0.6,0.45,Jonathan Aranda,jonathan aranda
"Bernal, Leo",699024,2026,89,9.0,30.6,66.7,Bernal,Leo,69.4,0.11,-0.97,-0.66,0.37,-0.19,Leo Bernal,leo bernal
"Hicklen, Brewer",676551,2026,35,10.5,28.3,63.6,Hicklen,Brewer,71.7,0.46,-1.33,-0.67,0.72,0.04,Brewer Hicklen,brewer hicklen
"Campusano, Luis",669134,2026,213,8.1,29.1,83.5,Campusano,Luis,70.9,0.34,0.99,1.01,0.15,0.78,Luis Campusano,luis campusano
"Waldschmidt, Ryan",814439,2026,250,6.5,25.0,72.1,Waldschmidt,Ryan,75.0,0.96,-0.34,0.47,-0.23,0.17,Ryan Waldschmidt,ryan waldschmidt
"McCutchen, Andrew",457705,2026,73,5.8,20.5,81.5,McCutchen,Andrew,79.5,1.65,0.76,1.83,-0.39,0.96,Andrew McCutchen,andrew mccutchen
"Kepler, Max",596146,2026,132,7.8,37.3,87.5,Kepler,Max,62.7,-0.91,1.46,0.41,0.08,0.33,Max Kepler,max kepler
"Basabe, Osleivis",678545,2026,128,6.9,34.5,73.2,Basabe,Osleivis,65.5,-0.49,-0.21,-0.53,-0.13,-0.44,Osleivis Basabe,osleivis basabe
"Wells, Austin",669224,2026,334,7.7,28.0,74.8,Wells,Austin,72.0,0.51,-0.03,0.37,0.06,0.28,Austin Wells,austin wells
"Veen, Zac",691728,2026,69,7.5,41.8,100.0,Veen,Zac,58.2,-1.6,2.91,1.0,0.01,0.68,Zac Veen,zac veen
"Wong, Connor",657136,2026,209,4.5,31.8,75.7,Wong,Connor,68.2,-0.07,0.08,0.0,-0.7,-0.46,Connor Wong,connor wong
"Salas, Ethan",806956,2026,35,3.8,32.8,80.0,Salas,Ethan,67.2,-0.23,0.58,0.27,-0.87,-0.4,Ethan Salas,ethan salas
"Grichuk, Randal",545341,2026,258,11.0,36.1,75.7,Grichuk,Randal,63.9,-0.73,0.08,-0.5,0.84,0.23,Randal Grichuk,randal grichuk
"Mateo, Jorge",622761,2026,202,7.4,44.1,70.4,Mateo,Jorge,55.9,-1.95,-0.54,-1.9,-0.01,-1.27,Jorge Mateo,jorge mateo
"Barrosa, Jorge",678489,2026,143,4.7,29.6,61.4,Barrosa,Jorge,70.4,0.26,-1.59,-1.01,-0.65,-1.11,Jorge Barrosa,jorge barrosa
"Pages, Andy",681624,2026,505,7.8,31.7,73.3,Pages,Andy,68.3,-0.06,-0.2,-0.2,0.08,-0.08,Andy Pages,andy pages
"Jorge, Carlos",699115,2026,39,7.4,38.4,75.0,Jorge,Carlos,61.6,-1.08,-0.0,-0.83,-0.01,-0.56,Carlos Jorge,carlos jorge
"Young, Cole",702284,2026,572,5.1,30.9,66.2,Young,Cole,69.1,0.06,-1.03,-0.74,-0.56,-0.86,Cole Young,cole young
"Acuña Jr., Ronald",660670,2026,403,13.2,28.7,82.2,Acuña Jr.,Ronald,71.3,0.4,0.84,0.94,1.36,1.54,Ronald Acuña Jr.,ronald acuna
"Jordan, Blaze",691458,2026,186,10.1,35.7,76.7,Jordan,Blaze,64.3,-0.67,0.2,-0.36,0.63,0.18,Blaze Jordan,blaze jordan
"Mayer, Marcelo",691785,2026,214,6.0,29.0,79.4,Mayer,Marcelo,71.0,0.35,0.51,0.66,-0.35,0.21,Marcelo Mayer,marcelo mayer
"Espinal, Santiago",669289,2026,56,2.0,34.2,68.4,Espinal,Santiago,65.8,-0.44,-0.77,-0.92,-1.29,-1.48,Santiago Espinal,santiago espinal
"Báez, Javier",595879,2026,183,2.8,47.3,70.5,Báez,Javier,52.7,-2.44,-0.53,-2.26,-1.1,-2.24,Javier Báez,javier baez
"Ramos, Heliot",671218,2026,404,13.8,33.1,75.7,Ramos,Heliot,66.9,-0.27,0.08,-0.15,1.5,0.9,Heliot Ramos,heliot ramos
"Simon, Ronny",682927,2026,58,4.1,40.9,75.0,Simon,Ronny,59.1,-1.46,-0.0,-1.12,-0.8,-1.28,Ronny Simon,ronny simon
"Eaton, Nate",681987,2026,48,6.1,30.4,78.9,Eaton,Nate,69.6,0.14,0.45,0.45,-0.32,0.09,Nate Eaton,nate eaton
"Rincones Jr., Gabriel",687282,2026,84,9.4,46.6,76.9,Rincones Jr.,Gabriel,53.4,-2.33,0.22,-1.61,0.46,-0.77,Gabriel Rincones Jr.,gabriel rincones
"Pagés, Pedro",686780,2026,188,4.4,35.4,75.0,Pagés,Pedro,64.6,-0.62,-0.0,-0.48,-0.72,-0.8,Pedro Pagés,pedro pages
"McCray, Grant",687529,2026,76,11.5,27.4,64.5,McCray,Grant,72.6,0.6,-1.23,-0.48,0.96,0.32,Grant McCray,grant mccray
"White, Tommy",695720,2026,184,7.2,42.0,78.4,White,Tommy,58.0,-1.63,0.39,-0.94,-0.06,-0.67,Tommy White,tommy white
"Kwan, Steven",680757,2026,535,0.4,19.9,62.0,Kwan,Steven,80.1,1.74,-1.52,0.17,-1.67,-1.0,Steven Kwan,steven kwan
"Marte, Ketel",606466,2026,553,9.4,31.5,86.9,Marte,Ketel,68.5,-0.03,1.39,1.04,0.46,1.0,Ketel Marte,ketel marte
"Cheng, Tsung-Che",691907,2026,39,7.7,29.3,91.7,Cheng,Tsung-Che,70.7,0.31,1.95,1.72,0.06,1.18,Tsung-Che Cheng,tsung che cheng
"Lukes, Nathan",664770,2026,405,2.6,34.1,70.9,Lukes,Nathan,65.9,-0.43,-0.48,-0.69,-1.15,-1.23,Nathan Lukes,nathan lukes
"Diaz, Yainer",673237,2026,334,6.8,42.1,84.9,Diaz,Yainer,57.9,-1.65,1.15,-0.38,-0.16,-0.35,Yainer Diaz,yainer diaz
"Hernaiz, Darell",687231,2026,137,0.9,36.2,78.9,Hernaiz,Darell,63.8,-0.75,0.45,-0.22,-1.55,-1.19,Darell Hernaiz,darell hernaiz
"Rafaela, Ceddanne",678882,2026,539,5.4,45.3,77.7,Rafaela,Ceddanne,54.7,-2.13,0.31,-1.39,-0.49,-1.25,Ceddanne Rafaela,ceddanne rafaela
"Bleday, JJ",668709,2026,459,9.4,23.1,77.2,Bleday,JJ,76.9,1.25,0.25,1.15,0.46,1.07,JJ Bleday,jj bleday
"Garcia, Maikel",672580,2026,308,4.2,22.9,62.4,Garcia,Maikel,77.1,1.28,-1.47,-0.14,-0.77,-0.61,Maikel Garcia,maikel garcia
"Ballesteros, Moisés",694208,2026,314,8.5,37.3,76.4,Ballesteros,Moisés,62.7,-0.91,0.16,-0.57,0.25,-0.22,Moisés Ballesteros,moises ballesteros
"Karros, Kyle",691720,2026,403,8.4,24.8,74.3,Karros,Kyle,75.2,0.99,-0.08,0.69,0.22,0.61,Kyle Karros,kyle karros
"Devers, Rafael",646240,2026,558,12.5,30.0,68.8,Devers,Rafael,70.0,0.2,-0.73,-0.4,1.2,0.53,Rafael Devers,rafael devers
"Durbin, Caleb",702332,2026,504,2.8,28.1,66.9,Durbin,Caleb,71.9,0.49,-0.95,-0.35,-1.1,-0.97,Caleb Durbin,caleb durbin
"Alvarez, Francisco",682626,2026,370,15.6,31.8,64.6,Alvarez,Francisco,68.2,-0.07,-1.21,-0.98,1.93,0.63,Francisco Alvarez,francisco alvarez
"Turner, Trea",607208,2026,635,6.1,34.6,77.3,Turner,Trea,65.4,-0.5,0.27,-0.18,-0.32,-0.33,Trea Turner,trea turner
"Keaschall, Luke",807712,2026,523,3.8,22.8,72.6,Keaschall,Luke,77.2,1.3,-0.28,0.77,-0.87,-0.06,Luke Keaschall,luke keaschall
"Marsee, Jakob",805300,2026,513,3.8,22.3,78.0,Marsee,Jakob,77.7,1.37,0.35,1.31,-0.87,0.3,Jakob Marsee,jakob marsee
"Peck, John",807726,2026,65,8.2,33.1,81.0,Peck,John,66.9,-0.27,0.7,0.32,0.18,0.33,John Peck,john peck
"Wilson, Weston",642215,2026,160,3.9,26.0,60.3,Wilson,Weston,74.0,0.81,-1.72,-0.69,-0.84,-1.02,Weston Wilson,weston wilson
"Palacios, Richie",680700,2026,337,4.1,32.5,74.1,Palacios,Richie,67.5,-0.18,-0.11,-0.22,-0.8,-0.68,Richie Palacios,richie palacios
"Vivas, Jorbit",678391,2026,310,3.0,29.1,82.7,Vivas,Jorbit,70.9,0.34,0.9,0.94,-1.06,-0.08,Jorbit Vivas,jorbit vivas
"Hernández, Enrique",571771,2026,84,7.0,33.3,72.7,Hernández,Enrique,66.7,-0.3,-0.27,-0.44,-0.11,-0.36,Enrique Hernández,enrique hernandez
"Contreras, William",661388,2026,563,8.6,28.4,78.8,Contreras,William,71.6,0.44,0.44,0.68,0.27,0.63,William Contreras,william contreras
"Keys, Sean",815873,2026,55,8.1,36.5,78.3,Keys,Sean,63.5,-0.79,0.38,-0.31,0.15,-0.11,Sean Keys,sean keys
"Pozo, Yohel",650968,2026,60,1.9,51.3,64.3,Pozo,Yohel,48.7,-3.05,-1.25,-3.28,-1.32,-3.06,Yohel Pozo,yohel pozo
"Tena, José",677588,2026,256,8.3,29.6,81.6,Tena,José,70.4,0.26,0.77,0.78,0.2,0.66,José Tena,jose tena
"Anthony, Roman",701350,2026,210,11.7,23.3,55.3,Anthony,Roman,76.7,1.22,-2.3,-0.82,1.01,0.12,Roman Anthony,roman anthony
"Guzman, Denzer",694203,2026,274,5.0,33.5,89.0,Guzman,Denzer,66.5,-0.33,1.63,0.99,-0.58,0.27,Denzer Guzman,denzer guzman
"Perez, Salvador",521692,2026,573,10.4,44.8,76.9,Perez,Salvador,55.2,-2.06,0.22,-1.4,0.7,-0.47,Salvador Perez,salvador perez
"Thomas, Colby",687515,2026,114,8.9,42.9,89.7,Thomas,Colby,57.1,-1.77,1.71,-0.04,0.34,0.2,Colby Thomas,colby thomas
"Betts, Mookie",605141,2026,471,7.7,20.1,73.6,Betts,Mookie,79.9,1.71,-0.17,1.18,0.06,0.82,Mookie Betts,mookie betts
"McKinstry, Zach",656716,2026,368,2.0,28.2,71.5,McKinstry,Zach,71.8,0.47,-0.41,0.05,-1.29,-0.83,Zach McKinstry,zach mckinstry
"Keith, Colt",690993,2026,384,7.6,24.6,75.2,Keith,Colt,75.4,1.02,0.02,0.8,0.03,0.55,Colt Keith,colt keith
"Hays, Austin",669720,2026,96,4.2,37.9,75.0,Hays,Austin,62.1,-1.0,-0.0,-0.77,-0.77,-1.03,Austin Hays,austin hays
"Suárez, Eugenio",553993,2026,430,12.2,28.5,75.5,Suárez,Eugenio,71.5,0.43,0.06,0.37,1.12,1.0,Eugenio Suárez,eugenio suarez
"Young, Jacob",696285,2026,417,5.8,27.4,65.6,Young,Jacob,72.6,0.6,-1.1,-0.38,-0.39,-0.52,Jacob Young,jacob young
"Correa, Carlos",621043,2026,122,10.3,32.0,61.4,Correa,Carlos,68.0,-0.1,-1.59,-1.29,0.67,-0.41,Carlos Correa,carlos correa
"Benintendi, Andrew",643217,2026,419,8.4,33.8,81.2,Benintendi,Andrew,66.2,-0.38,0.72,0.26,0.22,0.32,Andrew Benintendi,andrew benintendi
"Lee, Brooks",686797,2026,578,4.2,35.2,75.8,Lee,Brooks,64.8,-0.59,0.09,-0.38,-0.77,-0.77,Brooks Lee,brooks lee
"Story, Trevor",596115,2026,249,5.5,43.9,72.7,Story,Trevor,56.1,-1.92,-0.27,-1.67,-0.46,-1.42,Trevor Story,trevor story
"Wagaman, Eric",676572,2026,47,5.7,28.3,61.5,Wagaman,Eric,71.7,0.46,-1.58,-0.85,-0.42,-0.85,Eric Wagaman,eric wagaman
"Kurtz, Nick",701762,2026,352,18.0,23.3,73.8,Kurtz,Nick,76.7,1.22,-0.14,0.82,2.5,2.22,Nick Kurtz,nick kurtz
"Chourio, Jackson",694192,2026,514,12.3,34.0,72.9,Chourio,Jackson,66.0,-0.41,-0.25,-0.5,1.15,0.43,Jackson Chourio,jackson chourio
"Grissom, Vaughn",687093,2026,414,6.8,30.8,72.4,Grissom,Vaughn,69.2,0.08,-0.31,-0.17,-0.16,-0.22,Vaughn Grissom,vaughn grissom
"Quero, Edgar",700337,2026,187,2.7,25.7,81.7,Quero,Edgar,74.3,0.86,0.78,1.25,-1.13,0.08,Edgar Quero,edgar quero
"Rosario, Amed",642708,2026,227,10.4,40.8,80.3,Rosario,Amed,59.2,-1.45,0.62,-0.63,0.7,0.04,Amed Rosario,amed rosario
"Valenzuela, Brandon",678218,2026,237,6.4,28.8,77.4,Valenzuela,Brandon,71.2,0.38,0.28,0.5,-0.25,0.17,Brandon Valenzuela,brandon valenzuela
"Montgomery, Colson",695657,2026,562,12.1,32.2,79.6,Montgomery,Colson,67.8,-0.14,0.53,0.3,1.1,0.94,Colson Montgomery,colson montgomery
"Johnson, Bryce",669369,2026,45,0.0,39.6,58.3,Johnson,Bryce,60.4,-1.26,-1.95,-2.45,-1.77,-2.81,Bryce Johnson,bryce johnson
"Amaya, Miguel",665804,2026,211,7.4,31.5,68.9,Amaya,Miguel,68.5,-0.03,-0.71,-0.57,-0.01,-0.39,Miguel Amaya,miguel amaya
"Báez, Joshua",695491,2026,100,11.8,39.6,75.0,Báez,Joshua,60.4,-1.26,-0.0,-0.97,1.03,0.04,Joshua Báez,joshua baez
"Perez, Junior",678577,2026,35,14.3,28.8,69.2,Perez,Junior,71.2,0.38,-0.68,-0.23,1.62,0.93,Junior Perez,junior perez
"Altuve, Jose",514888,2026,515,4.2,37.2,66.7,Altuve,Jose,62.8,-0.9,-0.97,-1.42,-0.77,-1.47,Jose Altuve,jose altuve
"Williamson, Ben",810938,2026,259,2.0,31.8,56.0,Williamson,Ben,68.2,-0.07,-2.22,-1.75,-1.29,-2.03,Ben Williamson,ben williamson
"Saggese, Thomas",695336,2026,155,9.9,35.3,72.2,Saggese,Thomas,64.7,-0.61,-0.33,-0.71,0.58,-0.09,Thomas Saggese,thomas saggese
"Pederson, Joc",592626,2026,374,11.3,30.1,68.5,Pederson,Joc,69.9,0.18,-0.76,-0.44,0.91,0.31,Joc Pederson,joc pederson
"France, Ty",664034,2026,432,9.3,34.6,81.5,France,Ty,65.4,-0.5,0.76,0.19,0.44,0.42,Ty France,ty france
"Frazier, Adam",624428,2026,129,2.1,36.5,76.9,Frazier,Adam,63.5,-0.79,0.22,-0.44,-1.27,-1.14,Adam Frazier,adam frazier
"Crow-Armstrong, Pete",691718,2026,625,13.3,34.3,76.0,Crow-Armstrong,Pete,65.7,-0.46,0.11,-0.26,1.38,0.75,Pete Crow-Armstrong,pete crow armstrong
"Pereira, Everson",677592,2026,98,12.7,37.4,81.8,Pereira,Everson,62.6,-0.93,0.79,-0.1,1.24,0.76,Everson Pereira,everson pereira
"Locklear, Tyler",682988,2026,36,14.3,27.1,78.6,Locklear,Tyler,72.9,0.64,0.42,0.81,1.62,1.62,Tyler Locklear,tyler locklear
"Rooker, Brent",667670,2026,179,15.5,31.0,78.2,Rooker,Brent,69.0,0.05,0.37,0.32,1.91,1.48,Brent Rooker,brent rooker
"Wetherholt, JJ",802139,2026,533,7.4,21.1,75.7,Wetherholt,JJ,78.9,1.56,0.08,1.25,-0.01,0.82,JJ Wetherholt,jj wetherholt
"Gonzalez, Jacob",694378,2026,204,4.3,37.7,86.4,Gonzalez,Jacob,62.3,-0.97,1.33,0.27,-0.75,-0.32,Jacob Gonzalez,jacob gonzalez
"Okamoto, Kazuma",672960,2026,563,13.2,27.4,75.4,Okamoto,Kazuma,72.6,0.6,0.04,0.49,1.36,1.23,Kazuma Okamoto,kazuma okamoto
"Adames, Willy",642715,2026,465,8.9,31.6,72.4,Adames,Willy,68.4,-0.04,-0.31,-0.27,0.34,0.05,Willy Adames,willy adames
"Halpin, Petey",690984,2026,174,5.5,38.9,86.7,Halpin,Petey,61.1,-1.16,1.36,0.16,-0.46,-0.2,Petey Halpin,petey halpin
"Chaparro, Andrés",665953,2026,194,12.1,32.2,80.4,Chaparro,Andrés,67.8,-0.14,0.63,0.38,1.1,0.98,Andrés Chaparro,andres chaparro
"Buxton, Byron",621439,2026,370,15.9,34.4,78.9,Buxton,Byron,65.6,-0.47,0.45,-0.01,2.0,1.33,Byron Buxton,byron buxton
"Martínez, Angel",682657,2026,381,7.4,42.4,72.7,Martínez,Angel,57.6,-1.69,-0.27,-1.5,-0.01,-1.01,Angel Martínez,angel martinez
"Merrill, Jackson",701538,2026,609,12.5,37.5,87.2,Merrill,Jackson,62.5,-0.94,1.42,0.36,1.2,1.04,Jackson Merrill,jackson merrill
"O'Hearn, Ryan",656811,2026,400,6.8,31.5,66.9,O'Hearn,Ryan,68.5,-0.03,-0.95,-0.74,-0.16,-0.6,Ryan O'Hearn,ryan ohearn
"Pérez, Wenceel",672761,2026,161,7.6,29.1,75.6,Pérez,Wenceel,70.9,0.34,0.07,0.31,0.03,0.23,Wenceel Pérez,wenceel perez
"De Los Santos, Deyvison",691277,2026,34,4.2,40.7,42.9,De Los Santos,Deyvison,59.3,-1.43,-3.75,-3.95,-0.77,-3.15,Deyvison De Los Santos,deyvison de los santos
"McNeil, Jeff",643446,2026,472,1.7,36.1,93.2,McNeil,Jeff,63.9,-0.73,2.12,1.06,-1.36,-0.2,Jeff McNeil,jeff mcneil
"Abreu, Wilyer",677800,2026,594,12.6,29.8,71.8,Abreu,Wilyer,70.2,0.23,-0.38,-0.11,1.22,0.74,Wilyer Abreu,wilyer abreu
"Torres, Bryan",663494,2026,164,3.1,27.2,67.8,Torres,Bryan,72.8,0.63,-0.84,-0.16,-1.03,-0.8,Bryan Torres,bryan torres
"Raley, Luke",670042,2026,262,15.7,34.6,83.3,Raley,Luke,65.4,-0.5,0.97,0.35,1.95,1.54,Luke Raley,luke raley
"Dingler, Dillon",693307,2026,547,10.1,33.5,74.9,Dingler,Dillon,66.5,-0.33,-0.01,-0.26,0.63,0.24,Dillon Dingler,dillon dingler
"Bauers, Jake",641343,2026,470,13.9,21.6,75.5,Bauers,Jake,78.4,1.48,0.06,1.17,1.53,1.8,Jake Bauers,jake bauers
"Meckler, Wade",685133,2026,294,3.0,23.3,76.8,Meckler,Wade,76.7,1.22,0.21,1.09,-1.06,0.02,Wade Meckler,wade meckler
"Collins, Isaac",686555,2026,435,5.0,21.8,73.1,Collins,Isaac,78.2,1.45,-0.22,0.94,-0.58,0.24,Isaac Collins,isaac collins
"Furman, Nate",801501,2026,32,0.0,33.3,90.9,Furman,Nate,66.7,-0.3,1.85,1.18,-1.77,-0.39,Nate Furman,nate furman
"Díaz, Elias",553869,2026,217,9.0,37.9,76.3,Díaz,Elias,62.1,-1.0,0.15,-0.65,0.37,-0.19,Elias Díaz,elias diaz
"Watson, Kahlil",696135,2026,88,7.1,35.3,67.7,Watson,Kahlil,64.7,-0.61,-0.85,-1.11,-0.08,-0.8,Kahlil Watson,kahlil watson
"Bailey, Patrick",672275,2026,303,6.8,31.2,72.1,Bailey,Patrick,68.8,0.02,-0.34,-0.25,-0.16,-0.27,Patrick Bailey,patrick bailey
"Cruz, Oneil",665833,2026,367,15.4,29.9,63.2,Cruz,Oneil,70.1,0.22,-1.38,-0.89,1.88,0.66,Oneil Cruz,oneil cruz
"Valera, George",671655,2026,37,0.0,40.4,100.0,Valera,George,59.6,-1.39,2.91,1.17,-1.77,-0.4,George Valera,george valera
"Kennedy, Buddy",671083,2026,43,10.7,26.1,70.0,Kennedy,Buddy,73.9,0.79,-0.59,0.16,0.77,0.62,Buddy Kennedy,buddy kennedy
"Jones, Spencer",682987,2026,261,15.9,35.3,85.9,Jones,Spencer,64.7,-0.61,1.27,0.5,2.0,1.67,Spencer Jones,spencer jones
"Morales, Yohandy",691002,2026,44,16.1,33.0,73.3,Morales,Yohandy,67.0,-0.26,-0.2,-0.35,2.05,1.13,Yohandy Morales,yohandy morales
"Clark, Max",703601,2026,171,2.2,28.8,73.6,Clark,Max,71.2,0.38,-0.17,0.17,-1.25,-0.72,Max Clark,max clark
"Rutschman, Adley",668939,2026,362,6.7,25.8,62.9,Rutschman,Adley,74.2,0.84,-1.41,-0.44,-0.18,-0.41,Adley Rutschman,adley rutschman
"Knizner, Andrew",668800,2026,71,5.2,38.6,80.0,Knizner,Andrew,61.4,-1.11,0.58,-0.4,-0.54,-0.63,Andrew Knizner,andrew knizner
"Yastrzemski, Mike",573262,2026,354,6.6,26.3,63.8,Yastrzemski,Mike,73.7,0.76,-1.31,-0.41,-0.2,-0.41,Mike Yastrzemski,mike yastrzemski
"Manzardo, Kyle",700932,2026,312,12.0,30.7,82.6,Manzardo,Kyle,69.3,0.09,0.88,0.75,1.08,1.22,Kyle Manzardo,kyle manzardo
"Mayo, Coby",691723,2026,412,13.5,31.3,66.9,Mayo,Coby,68.7,0.0,-0.95,-0.72,1.43,0.47,Coby Mayo,coby mayo
"Canzone, Dominic",686527,2026,469,12.4,34.8,67.4,Canzone,Dominic,65.2,-0.53,-0.89,-1.08,1.17,0.06,Dominic Canzone,dominic canzone
"Mullins, Cedric",656775,2026,430,4.3,30.9,78.1,Mullins,Cedric,69.1,0.06,0.36,0.32,-0.75,-0.28,Cedric Mullins,cedric mullins
"Church, Nathan",701675,2026,427,5.3,42.2,77.5,Church,Nathan,57.8,-1.66,0.29,-1.05,-0.51,-1.04,Nathan Church,nathan church
"Heim, Jonah",641680,2026,355,5.9,33.6,73.0,Heim,Jonah,66.4,-0.35,-0.24,-0.45,-0.37,-0.54,Jonah Heim,jonah heim
"Gray, Tristan",656484,2026,173,6.0,39.3,86.4,Gray,Tristan,60.7,-1.22,1.33,0.08,-0.35,-0.17,Tristan Gray,tristan gray
"Rivas, Leo",660844,2026,120,1.2,16.2,82.4,Rivas,Leo,83.8,2.3,0.86,2.41,-1.48,0.62,Leo Rivas,leo rivas
"Caballero, José",676609,2026,411,4.2,37.0,75.0,Caballero,José,63.0,-0.87,-0.0,-0.66,-0.77,-0.96,José Caballero,jose caballero
"Cortes, Carlos",666126,2026,337,6.2,28.0,69.5,Cortes,Carlos,72.0,0.51,-0.64,-0.11,-0.3,-0.27,Carlos Cortes,carlos cortes
"Rocchio, Brayan",677587,2026,530,2.9,33.4,75.6,Rocchio,Brayan,66.6,-0.32,0.07,-0.19,-1.08,-0.85,Brayan Rocchio,brayan rocchio
"Osuna, Alejandro",696030,2026,199,0.6,31.5,70.3,Osuna,Alejandro,68.5,-0.03,-0.55,-0.44,-1.63,-1.38,Alejandro Osuna,alejandro osuna
"Carrigg, Cole",694249,2026,324,5.8,35.9,84.2,Carrigg,Cole,64.1,-0.7,1.07,0.28,-0.39,-0.07,Cole Carrigg,cole carrigg
"Lawlar, Jordan",691783,2026,121,7.2,26.7,76.7,Lawlar,Jordan,73.3,0.7,0.2,0.69,-0.06,0.42,Jordan Lawlar,jordan lawlar
"Hill, Turner",806367,2026,100,3.6,19.7,63.9,Hill,Turner,80.3,1.77,-1.3,0.36,-0.91,-0.37,Turner Hill,turner hill
"Allen, Nick",669397,2026,144,1.7,26.8,77.6,Allen,Nick,73.2,0.69,0.3,0.75,-1.36,-0.41,Nick Allen,nick allen
"McAdoo, Charles",807727,2026,94,4.3,33.7,80.0,McAdoo,Charles,66.3,-0.36,0.58,0.17,-0.75,-0.39,Charles McAdoo,charles mcadoo
"Caratini, Victor",605170,2026,323,6.3,25.9,59.8,Caratini,Victor,74.1,0.83,-1.77,-0.72,-0.27,-0.67,Victor Caratini,victor caratini
"Lee, Jung Hoo",808982,2026,539,2.3,31.1,68.6,Lee,Jung Hoo,68.9,0.03,-0.75,-0.55,-1.22,-1.18,Jung Hoo Lee,jung hoo lee
"Norby, Connor",681393,2026,324,7.8,28.2,85.6,Norby,Connor,71.8,0.47,1.23,1.3,0.08,0.92,Connor Norby,connor norby
"Vilade, Ryan",668723,2026,241,7.3,27.4,77.1,Vilade,Ryan,72.6,0.6,0.24,0.64,-0.04,0.4,Ryan Vilade,ryan vilade
"Walls, Taylor",670764,2026,364,2.2,25.5,72.6,Walls,Taylor,74.5,0.89,-0.28,0.46,-1.25,-0.52,Taylor Walls,taylor walls
"Lockridge, Brandon",663604,2026,99,1.5,31.9,71.1,Lockridge,Brandon,68.1,-0.09,-0.46,-0.42,-1.41,-1.22,Brandon Lockridge,brandon lockridge
"Kim, Ha-Seong",673490,2026,124,2.3,27.2,56.8,Kim,Ha-Seong,72.8,0.63,-2.12,-1.14,-1.22,-1.58,Ha-Seong Kim,ha seong kim
"Dezenzo, Zach",701305,2026,76,9.1,34.3,76.2,Dezenzo,Zach,65.7,-0.46,0.14,-0.24,0.39,0.1,Zach Dezenzo,zach dezenzo
"Arraez, Luis",650333,2026,596,1.2,33.1,68.2,Arraez,Luis,66.9,-0.27,-0.8,-0.81,-1.48,-1.53,Luis Arraez,luis arraez
"Teodosio, Bryce",669326,2026,62,5.1,37.5,78.9,Teodosio,Bryce,62.5,-0.94,0.45,-0.37,-0.56,-0.62,Bryce Teodosio,bryce teodosio
"Troy, Tommy",694371,2026,129,9.4,27.7,77.5,Troy,Tommy,72.3,0.55,0.29,0.64,0.46,0.73,Tommy Troy,tommy troy
"De Paula, Josue",800543,2026,31,11.5,18.6,76.9,De Paula,Josue,81.4,1.94,0.22,1.65,0.96,1.74,Josue De Paula,josue de paula
"Cronenworth, Jake",630105,2026,371,3.6,29.2,69.4,Cronenworth,Jake,70.8,0.32,-0.66,-0.25,-0.91,-0.78,Jake Cronenworth,jake cronenworth
"Taylor, Tyrone",621438,2026,215,8.8,34.7,60.9,Taylor,Tyrone,65.3,-0.52,-1.65,-1.65,0.32,-0.89,Tyrone Taylor,tyrone taylor
"Escarra, J.C.",641555,2026,85,4.5,24.7,73.1,Escarra,J.C.,75.3,1.01,-0.22,0.6,-0.7,-0.07,J.C. Escarra,jc escarra
"Torrens, Luis",620443,2026,252,5.6,32.9,82.0,Torrens,Luis,67.1,-0.24,0.81,0.44,-0.44,-0.0,Luis Torrens,luis torrens
"DeLauter, Chase",800050,2026,491,6.1,21.3,82.5,DeLauter,Chase,78.7,1.53,0.87,1.83,-0.32,1.01,Chase DeLauter,chase delauter
"Domínguez, Jasson",691176,2026,209,5.6,34.4,72.1,Domínguez,Jasson,65.6,-0.47,-0.34,-0.62,-0.44,-0.71,Jasson Domínguez,jasson dominguez
"Seigler, Anthony",678011,2026,150,5.6,26.4,87.5,Seigler,Anthony,73.6,0.75,1.46,1.68,-0.44,0.83,Anthony Seigler,anthony seigler
"Ruiz, Esteury",665923,2026,207,7.6,31.7,75.0,Ruiz,Esteury,68.3,-0.06,-0.0,-0.05,0.03,-0.01,Esteury Ruiz,esteury ruiz
"Goodman, Hunter",696100,2026,510,14.4,40.3,79.0,Goodman,Hunter,59.7,-1.37,0.46,-0.69,1.65,0.64,Hunter Goodman,hunter goodman
"Gurriel Jr., Lourdes",666971,2026,186,4.6,40.5,63.3,Gurriel Jr.,Lourdes,59.5,-1.4,-1.37,-2.11,-0.68,-1.86,Lourdes Gurriel Jr.,lourdes gurriel
"Hedges, Austin",595978,2026,213,4.6,25.5,74.1,Hedges,Austin,74.5,0.89,-0.11,0.59,-0.68,-0.06,Austin Hedges,austin hedges
"Nootbaar, Lars",663457,2026,278,10.2,20.4,59.4,Nootbaar,Lars,79.6,1.66,-1.82,-0.12,0.65,0.35,Lars Nootbaar,lars nootbaar
"Wood, James",695578,2026,506,18.9,21.4,72.0,Wood,James,78.6,1.51,-0.35,0.88,2.71,2.4,James Wood,james wood
"Millas, Drew",686452,2026,130,3.2,28.8,61.1,Millas,Drew,71.2,0.38,-1.62,-0.95,-1.01,-1.3,Drew Millas,drew millas
"Mangum, Jake",663968,2026,429,2.4,45.2,78.0,Mangum,Jake,54.8,-2.12,0.35,-1.35,-1.2,-1.7,Jake Mangum,jake mangum
"Cox, Jonah",813841,2026,143,5.7,32.9,78.8,Cox,Jonah,67.1,-0.24,0.44,0.15,-0.42,-0.18,Jonah Cox,jonah cox
