"last_name, first_name",player_id,year,p_game,p_formatted_ip,ab,bb_percent,p_save,p_era,p_hold,meatball_percent,whiff_percent,last_name,first_name,bb_percent_std,meatball_percent_std,whiff_percent_std,command_score,pitching_score,IP_per_Game,player_name,player_name_standard
"Cleavinger, Garrett",664076,2026,51,41.1,152,12.2,2,4.79,23,6.5,28.3,Cleavinger,Garrett,0.85,-0.58,0.66,-0.21,0.33,0.8,Garrett Cleavinger,garrett cleavinger
"Criswell, Cooper",681867,2026,36,39.2,147,9.0,1,3.4,3,6.2,20.7,Criswell,Cooper,-0.15,-0.82,-0.86,0.75,-0.08,1.1,Cooper Criswell,cooper criswell
"Cameron, Noah",702070,2026,31,177.1,673,7.8,0,4.11,0,7.5,25.8,Cameron,Noah,-0.52,0.22,0.16,0.24,0.29,5.7,Noah Cameron,noah cameron
"Graceffo, Gordon",700669,2026,61,79.0,270,11.1,1,2.73,7,7.8,21.1,Graceffo,Gordon,0.51,0.45,-0.78,-0.74,-1.1,1.3,Gordon Graceffo,gordon graceffo
"Zerpa, Angel",672582,2026,12,12.2,48,10.9,2,6.39,2,9.7,17.8,Zerpa,Angel,0.45,1.97,-1.43,-1.87,-2.39,1.0,Angel Zerpa,angel zerpa
"Brown, Hunter",686613,2026,20,107.1,390,12.2,0,3.19,0,6.0,26.7,Brown,Hunter,0.85,-0.98,0.34,0.1,0.32,5.4,Hunter Brown,hunter brown
"Prielipp, Connor",687570,2026,24,125.2,474,8.2,0,4.87,0,7.8,23.6,Prielipp,Connor,-0.4,0.45,-0.28,-0.05,-0.23,5.2,Connor Prielipp,connor prielipp
"Bird, Jake",656234,2026,44,38.2,152,7.6,0,5.35,7,7.8,27.1,Bird,Jake,-0.58,0.45,0.42,0.1,0.38,0.9,Jake Bird,jake bird
"Lambert, Peter",663567,2026,28,153.2,578,9.0,0,3.87,0,6.9,25.5,Lambert,Peter,-0.15,-0.26,0.1,0.32,0.3,5.5,Peter Lambert,peter lambert
"Kelly, Kevin",687330,2026,71,73.2,263,3.9,4,2.44,33,8.2,24.0,Kelly,Kevin,-1.74,0.77,-0.2,0.74,0.39,1.0,Kevin Kelly,kevin kelly
"Rucker, Michael",621074,2026,36,42.0,160,8.9,0,5.79,1,8.4,24.9,Rucker,Michael,-0.18,0.93,-0.02,-0.58,-0.44,1.2,Michael Rucker,michael rucker
"Flaherty, Jack",656427,2026,19,86.1,334,10.8,0,4.59,0,6.2,27.1,Flaherty,Jack,0.42,-0.82,0.42,0.32,0.53,4.5,Jack Flaherty,jack flaherty
"Davis, Tyler",699823,2026,30,31.2,108,12.7,1,3.41,0,7.0,22.9,Davis,Tyler,1.01,-0.18,-0.42,-0.64,-0.76,1.0,Tyler Davis,tyler davis
"Ross, Joe",605452,2026,8,11.2,51,10.5,0,9.26,1,7.3,30.0,Ross,Joe,0.32,0.06,1.0,-0.29,0.51,1.4,Joe Ross,joe ross
"Wrobleski, Justin",680736,2026,27,138.0,531,5.4,0,3.72,0,8.5,20.7,Wrobleski,Justin,-1.27,1.01,-0.86,0.2,-0.48,5.1,Justin Wrobleski,justin wrobleski
"Soriano, José",667755,2026,32,177.1,659,9.8,0,3.91,0,6.4,28.6,Soriano,José,0.1,-0.66,0.72,0.43,0.83,5.5,José Soriano,jose soriano
"Feltner, Ryan",663372,2026,25,119.2,469,9.6,0,5.57,0,8.1,23.3,Feltner,Ryan,0.04,0.69,-0.34,-0.57,-0.66,4.8,Ryan Feltner,ryan feltner
"Martin, Davis",663436,2026,28,145.1,551,7.4,0,3.84,0,7.8,23.4,Martin,Davis,-0.65,0.45,-0.32,0.15,-0.12,5.2,Davis Martin,davis martin
"Gordon, Colton",676467,2026,5,14.1,64,5.7,0,8.79,0,4.8,16.4,Gordon,Colton,-1.18,-1.94,-1.71,2.41,0.5,2.8,Colton Gordon,colton gordon
"Cruz, Steven",674444,2026,56,58.2,221,8.1,8,4.3,5,8.9,28.6,Cruz,Steven,-0.43,1.33,0.72,-0.7,0.01,1.0,Steven Cruz,steven cruz
"Boyd, Matthew",571510,2026,22,126.2,473,7.5,0,3.91,0,7.2,22.3,Boyd,Matthew,-0.61,-0.02,-0.54,0.49,-0.03,5.7,Matthew Boyd,matthew boyd
"Nola, Aaron",605400,2026,32,174.1,669,8.0,0,4.54,0,5.9,27.3,Nola,Aaron,-0.46,-1.06,0.46,1.18,1.18,5.4,Aaron Nola,aaron nola
"Weissert, Greg",669711,2026,63,60.2,229,7.8,1,3.26,8,7.3,23.7,Weissert,Greg,-0.52,0.06,-0.26,0.36,0.07,1.0,Greg Weissert,greg weissert
"Sandoval, Patrick",663776,2026,14,65.2,262,10.4,0,5.07,0,7.0,25.7,Sandoval,Patrick,0.29,-0.18,0.14,-0.08,0.04,4.7,Patrick Sandoval,patrick sandoval
"Williams, Devin",642207,2026,43,39.2,158,11.6,16,4.54,1,5.0,34.9,Williams,Devin,0.66,-1.78,1.97,0.86,2.05,0.9,Devin Williams,devin williams
"Kelly, Antwone",699008,2026,7,16.1,62,9.9,0,4.41,0,12.9,17.0,Kelly,Antwone,0.13,4.53,-1.59,-3.6,-3.76,2.3,Antwone Kelly,antwone kelly
"Milner, Hoby",571948,2026,43,40.0,152,5.9,1,3.83,6,7.1,18.6,Milner,Hoby,-1.11,-0.1,-1.27,0.94,-0.24,0.9,Hoby Milner,hoby milner
"Cease, Dylan",656302,2026,29,169.0,599,11.4,0,2.4,0,6.0,33.3,Cease,Dylan,0.6,-0.98,1.66,0.29,1.41,5.8,Dylan Cease,dylan cease
"Moll, Sam",594580,2026,65,56.1,214,11.7,1,4.79,7,6.7,22.6,Moll,Sam,0.7,-0.42,-0.48,-0.21,-0.5,0.9,Sam Moll,sam moll
"Webb, Logan",657277,2026,27,160.2,612,6.1,0,4.31,0,6.1,21.5,Webb,Logan,-1.05,-0.9,-0.7,1.51,0.59,5.9,Logan Webb,logan webb
"Fernandez, Ryan",681676,2026,17,23.0,88,11.0,0,3.52,2,5.2,33.5,Fernandez,Ryan,0.48,-1.62,1.7,0.88,1.87,1.4,Ryan Fernandez,ryan fernandez
"Taillon, Jameson",592791,2026,18,86.0,336,8.6,0,5.65,0,6.4,26.5,Taillon,Jameson,-0.27,-0.66,0.3,0.72,0.74,4.8,Jameson Taillon,jameson taillon
"Estrada, Lazaro",681751,2026,8,13.0,45,17.5,1,5.54,0,9.6,23.8,Estrada,Lazaro,2.5,1.89,-0.24,-3.4,-2.63,1.6,Lazaro Estrada,lazaro estrada
"Sims, Lucas",608371,2026,9,10.0,35,15.2,0,4.5,2,9.9,21.6,Sims,Lucas,1.79,2.13,-0.68,-3.03,-2.68,1.1,Lucas Sims,lucas sims
"Vodnik, Victor",680767,2026,52,57.2,219,12.3,4,4.99,6,6.7,24.7,Vodnik,Victor,0.88,-0.42,-0.06,-0.36,-0.3,1.1,Victor Vodnik,victor vodnik
"Aleman, Franco",680916,2026,21,22.1,89,9.7,0,4.43,3,7.3,26.7,Aleman,Franco,0.07,0.06,0.34,-0.1,0.17,1.1,Franco Aleman,franco aleman
"Peguero, Joel",666711,2026,11,11.1,42,8.3,0,2.38,1,8.9,18.1,Peguero,Joel,-0.36,1.33,-1.37,-0.75,-1.54,1.0,Joel Peguero,joel peguero
"Gray, Peyton",682608,2026,49,56.0,223,6.8,0,3.86,8,7.4,25.4,Gray,Peyton,-0.83,0.14,0.08,0.54,0.45,1.1,Peyton Gray,peyton gray
"Lauer, Eric",641778,2026,22,108.1,418,7.5,0,5.23,0,6.5,18.6,Lauer,Eric,-0.61,-0.58,-1.27,0.93,-0.25,4.9,Eric Lauer,eric lauer
"Smith, Burch",572143,2026,13,17.0,65,9.6,0,3.18,0,5.6,22.7,Smith,Burch,0.04,-1.3,-0.46,0.98,0.37,1.3,Burch Smith,burch smith
"Kirby, George",669923,2026,30,174.2,687,6.3,0,4.33,0,7.4,22.5,Kirby,George,-0.99,0.14,-0.5,0.66,0.12,5.8,George Kirby,george kirby
"Santa, Alimber",695001,2026,10,15.1,50,10.2,0,1.17,0,6.3,18.5,Santa,Alimber,0.23,-0.74,-1.29,0.4,-0.65,1.5,Alimber Santa,alimber santa
"Halvorsen, Seth",678020,2026,32,29.0,122,12.1,0,5.9,2,9.0,21.0,Halvorsen,Seth,0.82,1.41,-0.8,-1.73,-1.82,0.9,Seth Halvorsen,seth halvorsen
"Perkins, Jack",678022,2026,36,116.0,457,9.2,3,5.9,2,7.0,26.4,Perkins,Jack,-0.08,-0.18,0.28,0.21,0.35,3.2,Jack Perkins,jack perkins
"McGreevy, Michael",700241,2026,31,168.2,647,6.8,0,3.95,0,6.4,20.1,McGreevy,Michael,-0.83,-0.66,-0.98,1.16,0.13,5.4,Michael McGreevy,michael mcgreevy
"Kimbrel, Craig",518886,2026,46,46.0,168,11.2,1,4.5,4,5.4,23.1,Kimbrel,Craig,0.54,-1.46,-0.38,0.71,0.24,1.0,Craig Kimbrel,craig kimbrel
"Bubic, Kris",663460,2026,13,54.0,194,11.7,0,3.83,1,8.0,26.4,Bubic,Kris,0.7,0.61,0.28,-1.01,-0.53,4.2,Kris Bubic,kris bubic
"Lavender, Nate",681320,2026,20,20.2,72,5.3,0,1.74,11,8.5,27.3,Lavender,Nate,-1.3,1.01,0.46,0.22,0.49,1.0,Nate Lavender,nate lavender
"Sterner, Justin",686993,2026,46,42.2,168,7.1,1,6.12,12,6.3,29.9,Sterner,Justin,-0.74,-0.74,0.98,1.15,1.54,0.9,Justin Sterner,justin sterner
"Hernández, Elieser",622694,2026,4,11.0,43,12.0,1,2.45,0,7.9,27.5,Hernández,Elieser,0.79,0.53,0.5,-1.02,-0.38,2.8,Elieser Hernández,elieser hernandez
"Stanek, Ryne",592773,2026,70,62.2,231,12.0,2,4.02,26,6.2,29.7,Stanek,Ryne,0.79,-0.82,0.94,0.03,0.7,0.9,Ryne Stanek,ryne stanek
"Gordon, Tanner",685299,2026,24,103.2,440,5.1,0,6.68,0,7.4,21.7,Gordon,Tanner,-1.36,0.14,-0.66,0.95,0.21,4.3,Tanner Gordon,tanner gordon
"Avila, Luinder",679883,2026,21,70.0,261,13.6,0,5.53,0,7.0,23.9,Avila,Luinder,1.29,-0.18,-0.22,-0.85,-0.78,3.3,Luinder Avila,luinder avila
"Nelson, Ryne",669194,2026,18,86.1,336,6.5,0,4.8,0,7.5,21.2,Nelson,Ryne,-0.93,0.22,-0.76,0.55,-0.15,4.8,Ryne Nelson,ryne nelson
"Minter, A.J.",621345,2026,47,44.2,172,4.4,1,2.42,11,9.0,23.8,Minter,A.J.,-1.58,1.41,-0.24,0.13,-0.08,0.9,A.J. Minter,aj minter
"Tong, Jonah",804636,2026,6,25.2,97,11.4,0,4.21,0,9.1,26.9,Tong,Jonah,0.6,1.49,0.38,-1.62,-0.9,4.2,Jonah Tong,jonah tong
"Bradley, Taj",671737,2026,31,178.1,664,10.2,0,3.73,0,8.1,27.4,Bradley,Taj,0.23,0.69,0.48,-0.71,-0.17,5.7,Taj Bradley,taj bradley
"Funderburk, Kody",681892,2026,58,51.0,188,12.2,1,3.71,14,7.2,22.9,Funderburk,Kody,0.85,-0.02,-0.42,-0.64,-0.76,0.9,Kody Funderburk,kody funderburk
"Yean, Eddy",678868,2026,8,11.0,42,4.4,0,2.45,1,10.7,14.1,Yean,Eddy,-1.58,2.77,-2.17,-0.92,-2.24,1.4,Eddy Yean,eddy yean
"Petersen, Michael",656848,2026,64,64.1,232,10.6,1,3.08,25,7.2,30.5,Petersen,Michael,0.35,-0.02,1.1,-0.25,0.61,1.0,Michael Petersen,michael petersen
"Van Eyk, CJ",669310,2026,5,11.2,50,3.6,0,5.4,0,7.1,15.9,Van Eyk,CJ,-1.83,-0.1,-1.81,1.5,-0.23,2.2,CJ Van Eyk,cj van eyk
"Yoho, Craig",684974,2026,33,38.0,137,11.3,0,4.5,4,6.4,28.6,Yoho,Craig,0.57,-0.66,0.72,0.07,0.57,1.2,Craig Yoho,craig yoho
"Guerrero, Tyron",594027,2026,40,40.2,155,4.8,0,3.1,19,8.9,24.1,Guerrero,Tyron,-1.46,1.33,-0.18,0.1,-0.06,1.0,Tyron Guerrero,tyron guerrero
"Farris, Mitch",815083,2026,32,58.0,218,11.3,1,3.57,1,7.8,28.3,Farris,Mitch,0.57,0.45,0.66,-0.79,-0.1,1.8,Mitch Farris,mitch farris
"Rodriguez, Bradgley",699134,2026,67,72.0,272,6.5,2,2.25,16,7.9,30.3,Rodriguez,Bradgley,-0.93,0.53,1.06,0.3,0.98,1.1,Bradgley Rodriguez,bradgley rodriguez
"Seabold, Connor",657756,2026,21,24.0,98,8.0,0,5.25,1,6.3,20.0,Seabold,Connor,-0.46,-0.74,-1.0,0.93,-0.05,1.1,Connor Seabold,connor seabold
"Gibson, Cade",806188,2026,46,49.2,186,9.6,0,5.44,4,7.5,22.0,Gibson,Cade,0.04,0.22,-0.6,-0.2,-0.57,1.1,Cade Gibson,cade gibson
"Matthews, Zebby",805673,2026,23,130.1,498,7.2,0,4.9,0,7.8,22.7,Matthews,Zebby,-0.71,0.45,-0.46,0.2,-0.19,5.7,Zebby Matthews,zebby matthews
"Sullivan, Sean",807743,2026,5,22.1,99,9.6,0,8.87,0,9.5,16.2,Sullivan,Sean,0.04,1.81,-1.75,-1.43,-2.3,4.4,Sean Sullivan,sean sullivan
"Morgan, Eli",669212,2026,16,19.1,80,9.9,1,5.12,0,7.4,24.1,Morgan,Eli,0.13,0.14,-0.18,-0.21,-0.28,1.2,Eli Morgan,eli morgan
"Mayza, Tim",641835,2026,60,67.1,249,6.6,0,3.48,2,6.5,22.2,Mayza,Tim,-0.9,-0.58,-0.56,1.14,0.42,1.1,Tim Mayza,tim mayza
"Sabrowski, Erik",681870,2026,60,48.1,166,15.3,1,2.61,28,8.2,30.8,Sabrowski,Erik,1.82,0.77,1.16,-2.0,-0.61,0.8,Erik Sabrowski,erik sabrowski
"Schultz, Noah",702273,2026,18,71.0,266,10.0,0,5.58,1,7.6,21.1,Schultz,Noah,0.17,0.3,-0.78,-0.36,-0.82,3.9,Noah Schultz,noah schultz
"Suárez, Albert",544150,2026,28,63.0,239,7.6,1,3.86,0,5.5,23.7,Suárez,Albert,-0.58,-1.38,-0.26,1.52,0.91,2.2,Albert Suárez,albert suarez
"Leiter, Jack",683004,2026,15,80.0,314,9.9,0,5.29,0,6.7,25.4,Leiter,Jack,0.13,-0.42,0.08,0.22,0.22,5.3,Jack Leiter,jack leiter
"Schlittler, Cam",693645,2026,33,193.2,696,6.4,0,1.95,0,8.0,29.4,Schlittler,Cam,-0.96,0.61,0.88,0.27,0.83,5.9,Cam Schlittler,cam schlittler
"Headrick, Brent",687396,2026,81,78.1,294,8.3,0,2.18,29,8.4,31.8,Headrick,Brent,-0.36,0.93,1.36,-0.44,0.66,1.0,Brent Headrick,brent headrick
"Luzardo, Jesús",666200,2026,29,178.2,657,7.2,0,2.87,0,6.0,31.9,Luzardo,Jesús,-0.71,-0.98,1.38,1.31,1.94,6.1,Jesús Luzardo,jesus luzardo
"Little, Brendon",663893,2026,29,27.1,103,19.4,0,6.59,3,6.2,41.2,Little,Brendon,3.1,-0.82,3.23,-1.76,1.06,0.9,Brendon Little,brendon little
"Urquidy, José",664353,2026,12,33.2,140,4.7,1,4.54,0,6.6,22.2,Urquidy,José,-1.49,-0.5,-0.56,1.54,0.71,2.8,José Urquidy,jose urquidy
"Lopez, Jacob",682052,2026,27,123.1,481,10.5,0,5.47,1,6.8,24.1,Lopez,Jacob,0.32,-0.34,-0.18,0.02,-0.12,4.6,Jacob Lopez,jacob lopez
"Rodriguez, Eduardo",593958,2026,32,189.2,721,7.9,0,2.89,0,5.9,21.9,Rodriguez,Eduardo,-0.49,-1.06,-0.62,1.2,0.42,5.9,Eduardo Rodriguez,eduardo rodriguez
"Gamboa, Alec",687941,2026,21,33.0,117,8.3,1,1.91,2,7.9,16.4,Gamboa,Alec,-0.36,0.53,-1.71,-0.13,-1.33,1.6,Alec Gamboa,alec gamboa
"Tolman, Erik",680899,2026,14,14.0,51,13.1,4,3.21,2,9.7,28.1,Tolman,Erik,1.13,1.97,0.62,-2.4,-1.29,1.0,Erik Tolman,erik tolman
"Dallas, Chad",689149,2026,6,14.1,55,12.5,0,5.02,2,6.5,28.1,Dallas,Chad,0.95,-0.58,0.62,-0.28,0.25,2.4,Chad Dallas,chad dallas
"Garcia, Julian",670062,2026,33,46.0,157,10.6,2,3.13,3,7.7,27.7,Garcia,Julian,0.35,0.37,0.54,-0.56,-0.02,1.4,Julian Garcia,julian garcia
"Hall, DL",669084,2026,46,59.2,197,14.5,0,1.96,6,7.0,27.9,Hall,DL,1.57,-0.18,0.58,-1.07,-0.36,1.3,DL Hall,dl hall
"Paddack, Chris",663978,2026,14,57.0,242,7.1,0,6.79,0,7.2,21.4,Paddack,Chris,-0.74,-0.02,-0.72,0.59,-0.09,4.1,Chris Paddack,chris paddack
"Arrighetti, Spencer",681293,2026,24,110.2,406,13.0,0,4.96,0,6.2,25.5,Arrighetti,Spencer,1.1,-0.82,0.1,-0.22,-0.08,4.6,Spencer Arrighetti,spencer arrighetti
"Burke, Sean",680732,2026,32,172.1,639,8.7,0,3.34,0,7.3,25.5,Burke,Sean,-0.24,0.06,0.1,0.14,0.18,5.4,Sean Burke,sean burke
"Vest, Will",676684,2026,27,26.2,102,8.6,2,6.08,7,6.8,27.5,Vest,Will,-0.27,-0.34,0.5,0.48,0.7,1.0,Will Vest,will vest
"Teng, Kai-Wei",678906,2026,30,73.2,282,10.0,0,4.76,4,6.2,26.3,Teng,Kai-Wei,0.17,-0.82,0.26,0.51,0.56,2.4,Kai-Wei Teng,kai wei teng
"Sale, Chris",519242,2026,27,162.2,599,4.8,0,2.16,0,6.8,30.4,Sale,Chris,-1.46,-0.34,1.08,1.39,1.79,6.0,Chris Sale,chris sale
"Quintana, Jose",500779,2026,10,45.0,173,9.0,0,5.4,0,6.2,20.9,Quintana,Jose,-0.15,-0.82,-0.82,0.75,-0.05,4.5,Jose Quintana,jose quintana
"King, John",667463,2026,50,49.2,172,8.6,1,3.99,4,7.1,21.7,King,John,-0.27,-0.1,-0.66,0.29,-0.27,1.0,John King,john king
"Lange, Alex",656638,2026,58,59.2,231,11.9,10,6.18,3,6.1,27.8,Lange,Alex,0.76,-0.9,0.56,0.11,0.49,1.0,Alex Lange,alex lange
"Pecko, Ethan",814490,2026,7,31.1,114,10.8,0,4.31,1,7.1,20.8,Pecko,Ethan,0.42,-0.1,-0.84,-0.24,-0.78,4.4,Ethan Pecko,ethan pecko
"Smith-Shawver, AJ",700363,2026,8,30.0,120,11.5,0,6.6,1,7.4,21.7,Smith-Shawver,AJ,0.63,0.14,-0.66,-0.59,-0.9,3.8,AJ Smith-Shawver,aj smith shawver
"Stallings, Garrett",668831,2026,6,14.0,46,9.8,1,0.0,0,8.2,33.0,Stallings,Garrett,0.1,0.77,1.6,-0.68,0.66,2.3,Garrett Stallings,garrett stallings
"Curtis, Khristian",694753,2026,6,21.0,73,13.8,0,4.71,0,6.6,23.5,Curtis,Khristian,1.35,-0.5,-0.3,-0.66,-0.69,3.5,Khristian Curtis,khristian curtis
"Gastelum, Luis",703725,2026,34,36.2,137,7.9,0,4.42,1,7.0,34.7,Gastelum,Luis,-0.49,-0.18,1.93,0.52,1.78,1.1,Luis Gastelum,luis gastelum
"Mize, Casey",663554,2026,26,131.1,498,6.9,0,4.32,0,7.2,23.2,Mize,Casey,-0.8,-0.02,-0.36,0.64,0.2,5.0,Casey Mize,casey mize
"Marinaccio, Ron",676760,2026,41,57.2,226,10.4,0,6.09,1,7.6,25.3,Marinaccio,Ron,0.29,0.3,0.06,-0.45,-0.28,1.4,Ron Marinaccio,ron marinaccio
"Bradish, Kyle",680694,2026,29,155.0,591,10.5,0,4.12,0,6.6,23.6,Bradish,Kyle,0.32,-0.5,-0.28,0.14,-0.1,5.3,Kyle Bradish,kyle bradish
"Kranick, Max",668820,2026,17,18.1,79,13.8,0,9.33,2,6.2,23.3,Kranick,Max,1.35,-0.82,-0.34,-0.41,-0.54,1.1,Max Kranick,max kranick
"Gil, Luis",661563,2026,9,27.1,102,14.5,0,4.61,0,6.7,19.7,Gil,Luis,1.57,-0.42,-1.06,-0.89,-1.4,3.0,Luis Gil,luis gil
"Soroka, Michael",647336,2026,21,111.1,416,5.9,0,3.31,0,6.5,23.1,Soroka,Michael,-1.11,-0.58,-0.38,1.31,0.68,5.3,Michael Soroka,michael soroka
"Faucher, Calvin",676534,2026,68,67.1,245,12.5,3,3.34,18,7.4,26.2,Faucher,Calvin,0.95,0.14,0.24,-0.84,-0.43,1.0,Calvin Faucher,calvin faucher
"Rodríguez, Elmer",695684,2026,6,26.2,102,12.8,0,5.4,0,6.8,29.3,Rodríguez,Elmer,1.04,-0.34,0.86,-0.54,0.23,4.4,Elmer Rodríguez,elmer rodriguez
"Senzatela, Antonio",622608,2026,56,73.0,279,8.4,4,4.07,10,6.8,23.4,Senzatela,Antonio,-0.33,-0.34,-0.32,0.52,0.15,1.3,Antonio Senzatela,antonio senzatela
"Beck, Tristan",663941,2026,13,17.2,68,6.6,1,5.6,0,8.0,16.7,Beck,Tristan,-0.9,0.61,-1.65,0.22,-1.04,1.3,Tristan Beck,tristan beck
"Miller, Erik",669062,2026,57,51.1,184,15.0,5,2.98,14,5.8,35.0,Miller,Erik,1.73,-1.14,1.99,-0.45,1.12,0.9,Erik Miller,erik miller
"Lugo, Seth",607625,2026,32,172.1,677,7.2,0,5.17,0,8.3,18.7,Lugo,Seth,-0.71,0.85,-1.25,-0.11,-0.99,5.4,Seth Lugo,seth lugo
"Seymour, Carson",693313,2026,23,29.2,115,11.9,1,4.85,8,9.4,22.7,Seymour,Carson,0.76,1.73,-0.46,-1.93,-1.72,1.3,Carson Seymour,carson seymour
"Yesavage, Trey",702056,2026,19,95.2,337,11.7,0,3.67,0,5.7,30.1,Yesavage,Trey,0.7,-1.22,1.02,0.41,1.03,5.0,Trey Yesavage,trey yesavage
"Dodd, Dylan",689266,2026,47,48.2,170,7.5,2,2.22,14,6.0,30.0,Dodd,Dylan,-0.61,-0.98,1.0,1.23,1.61,1.0,Dylan Dodd,dylan dodd
"Misiorowski, Jacob",694819,2026,29,169.1,593,6.5,0,1.86,0,7.4,37.2,Misiorowski,Jacob,-0.93,0.14,2.43,0.61,2.2,5.8,Jacob Misiorowski,jacob misiorowski
"Maton, Phil",664208,2026,31,27.2,111,11.8,0,6.18,5,7.7,25.7,Maton,Phil,0.73,0.37,0.14,-0.85,-0.51,0.9,Phil Maton,phil maton
"Alexander, Tyler",641302,2026,73,71.0,273,7.6,4,3.55,14,7.4,20.7,Alexander,Tyler,-0.58,0.14,-0.86,0.35,-0.37,1.0,Tyler Alexander,tyler alexander
"Basso, Brady",669620,2026,25,42.0,180,4.7,0,5.36,3,7.7,20.3,Basso,Brady,-1.49,0.37,-0.94,0.86,-0.05,1.7,Brady Basso,brady basso
"Soriano, George",666277,2026,70,66.0,247,12.1,4,4.23,21,6.0,29.0,Soriano,George,0.82,-0.98,0.8,0.13,0.67,0.9,George Soriano,george soriano
"Rodón, Carlos",607074,2026,16,84.1,294,11.2,0,2.67,0,7.6,30.0,Rodón,Carlos,0.54,0.3,1.0,-0.65,0.25,5.3,Carlos Rodón,carlos rodon
"Morejon, Adrian",670970,2026,75,85.0,314,7.8,3,2.86,28,8.4,34.1,Morejon,Adrian,-0.52,0.93,1.81,-0.32,1.08,1.1,Adrian Morejon,adrian morejon
"Tolle, Payton",801139,2026,26,148.2,554,6.6,0,3.03,0,7.8,27.9,Tolle,Payton,-0.9,0.45,0.58,0.34,0.66,5.7,Payton Tolle,payton tolle
"Iglesias, Raisel",628452,2026,58,59.0,217,7.2,34,2.59,0,6.7,30.1,Iglesias,Raisel,-0.71,-0.42,1.02,0.88,1.37,1.0,Raisel Iglesias,raisel iglesias
"Adams, Travis",701519,2026,39,57.0,212,10.0,3,4.74,1,7.4,27.6,Adams,Travis,0.17,0.14,0.52,-0.23,0.21,1.5,Travis Adams,travis adams
"Gaddis, Hunter",683769,2026,68,60.1,228,8.6,1,2.98,32,6.3,29.5,Gaddis,Hunter,-0.27,-0.74,0.9,0.78,1.22,0.9,Hunter Gaddis,hunter gaddis
"Warren, Will",701542,2026,32,156.0,610,8.0,0,3.92,1,7.7,22.7,Warren,Will,-0.46,0.37,-0.46,0.06,-0.28,4.9,Will Warren,will warren
"Warren, Austin",681810,2026,40,49.1,183,11.0,0,4.01,2,6.7,27.5,Warren,Austin,0.48,-0.42,0.5,-0.04,0.33,1.2,Austin Warren,austin warren
"Curry, Xzavion",675540,2026,9,21.1,84,9.6,0,5.48,0,6.0,17.6,Curry,Xzavion,0.04,-0.98,-1.47,0.73,-0.54,2.3,Xzavion Curry,xzavion curry
"Scott, Christian",681035,2026,23,110.0,416,9.9,0,3.85,0,6.9,27.0,Scott,Christian,0.13,-0.26,0.4,0.1,0.36,4.8,Christian Scott,christian scott
"Scott, Tanner",656945,2026,68,62.2,228,6.1,24,2.73,13,7.2,35.5,Scott,Tanner,-1.05,-0.02,2.09,0.83,2.12,0.9,Tanner Scott,tanner scott
"Kay, Anthony",641743,2026,32,153.0,599,7.8,0,4.53,0,6.4,22.9,Kay,Anthony,-0.52,-0.66,-0.42,0.92,0.36,4.8,Anthony Kay,anthony kay
"Fuentes, Didier",800311,2026,58,73.1,269,7.1,3,2.45,18,8.8,30.4,Fuentes,Didier,-0.74,1.25,1.08,-0.4,0.49,1.3,Didier Fuentes,didier fuentes
"Kerr, Ray",678061,2026,9,18.1,60,3.0,0,1.47,2,7.1,23.4,Kerr,Ray,-2.02,-0.1,-0.32,1.64,0.96,2.0,Ray Kerr,ray kerr
"Henry, Cole",669371,2026,11,13.2,59,11.3,0,7.9,0,5.3,23.3,Henry,Cole,0.57,-1.54,-0.34,0.75,0.3,1.2,Cole Henry,cole henry
"Pintaro, Jonathan",702752,2026,22,30.2,109,12.3,0,5.28,3,7.1,25.7,Pintaro,Jonathan,0.88,-0.1,0.14,-0.6,-0.33,1.4,Jonathan Pintaro,jonathan pintaro
"Armstrong, Shawn",542888,2026,40,34.1,128,12.6,0,4.72,9,7.9,23.5,Armstrong,Shawn,0.98,0.53,-0.3,-1.17,-1.06,0.9,Shawn Armstrong,shawn armstrong
"Coulombe, Danny",543056,2026,29,22.0,80,15.6,0,4.5,7,5.2,17.1,Coulombe,Danny,1.91,-1.62,-1.57,-0.22,-1.3,0.8,Danny Coulombe,danny coulombe
"Adam, Jason",592094,2026,38,34.1,129,7.0,2,2.62,18,8.2,28.5,Adam,Jason,-0.77,0.77,0.7,-0.0,0.5,0.9,Jason Adam,jason adam
"Eisert, Brandon",685126,2026,40,44.0,169,7.4,0,5.52,2,5.6,30.6,Eisert,Brandon,-0.65,-1.3,1.12,1.51,1.9,1.1,Brandon Eisert,brandon eisert
"Anderson, Shaun",641312,2026,12,20.0,81,10.8,0,7.65,0,9.4,26.6,Anderson,Shaun,0.42,1.73,0.32,-1.66,-0.97,1.7,Shaun Anderson,shaun anderson
"Rocker, Kumar",677958,2026,30,148.0,576,9.5,0,4.38,0,6.8,26.1,Rocker,Kumar,0.01,-0.34,0.22,0.26,0.35,4.9,Kumar Rocker,kumar rocker
"Littell, Zack",641793,2026,26,124.1,489,7.2,0,5.21,0,7.1,16.2,Littell,Zack,-0.71,-0.1,-1.75,0.63,-0.81,4.8,Zack Littell,zack littell
"Thornton, Zac",804267,2026,15,84.1,314,5.3,0,3.42,0,8.7,17.8,Thornton,Zac,-1.3,1.17,-1.43,0.1,-0.97,5.6,Zac Thornton,zac thornton
"Patrick, Chad",694477,2026,56,105.2,380,10.5,6,3.07,11,7.1,26.2,Patrick,Chad,0.32,-0.1,0.24,-0.17,0.05,1.9,Chad Patrick,chad patrick
"Lord, Brad",695418,2026,40,83.1,311,9.2,1,3.78,7,9.0,19.7,Lord,Brad,-0.08,1.41,-1.06,-1.03,-1.51,2.1,Brad Lord,brad lord
"Ragans, Cole",666142,2026,8,35.1,127,15.2,0,4.84,0,5.9,31.7,Ragans,Cole,1.79,-1.06,1.34,-0.56,0.56,4.4,Cole Ragans,cole ragans
"Sanders, Cam",676742,2026,28,29.1,106,15.3,3,4.6,1,5.1,37.0,Sanders,Cam,1.82,-1.7,2.39,-0.09,1.66,1.0,Cam Sanders,cam sanders
"Sousa, Bennett",656986,2026,35,30.0,121,12.8,0,6.0,12,10.5,31.0,Sousa,Bennett,1.04,2.61,1.2,-2.82,-1.18,0.9,Bennett Sousa,bennett sousa
"Abreu, Bryan",650556,2026,66,62.2,220,15.3,9,3.73,16,6.8,33.8,Abreu,Bryan,1.82,-0.34,1.75,-1.14,0.44,0.9,Bryan Abreu,bryan abreu
"Wesneski, Hayden",669713,2026,10,54.0,196,8.7,0,3.5,0,8.3,22.6,Wesneski,Hayden,-0.24,0.85,-0.48,-0.47,-0.69,5.4,Hayden Wesneski,hayden wesneski
"Pearson, Nate",663878,2026,41,45.1,165,12.7,4,4.17,6,8.7,22.6,Pearson,Nate,1.01,1.17,-0.48,-1.69,-1.56,1.1,Nate Pearson,nate pearson
"Scherzer, Max",453286,2026,17,77.2,299,10.1,0,6.14,0,7.3,20.4,Scherzer,Max,0.2,0.06,-0.92,-0.19,-0.8,4.5,Max Scherzer,max scherzer
"Bruihl, Justin",677865,2026,72,75.2,290,8.2,0,3.81,11,8.0,18.0,Bruihl,Justin,-0.4,0.61,-1.39,-0.17,-1.13,1.0,Justin Bruihl,justin bruihl
"Montgomery, Jordan",656756,2026,12,23.1,87,6.4,1,4.63,0,6.6,21.5,Montgomery,Jordan,-0.96,-0.5,-0.7,1.13,0.31,1.9,Jordan Montgomery,jordan montgomery
"Sulser, Cole",642121,2026,50,55.1,211,6.9,3,4.39,12,5.6,27.1,Sulser,Cole,-0.8,-1.3,0.42,1.63,1.48,1.1,Cole Sulser,cole sulser
"Wolfram, Grant",664991,2026,60,52.1,202,7.1,1,4.3,13,7.4,25.2,Wolfram,Grant,-0.74,0.14,0.04,0.47,0.37,0.9,Grant Wolfram,grant wolfram
"Hartlieb, Geoff",664129,2026,17,26.1,99,11.2,0,4.78,2,6.1,27.1,Hartlieb,Geoff,0.54,-0.9,0.42,0.28,0.51,1.5,Geoff Hartlieb,geoff hartlieb
"Burke, Brock",656271,2026,77,74.1,267,12.7,2,2.3,23,6.9,28.7,Burke,Brock,1.01,-0.26,0.74,-0.58,0.12,1.0,Brock Burke,brock burke
"Johnson, Seth",686751,2026,27,32.0,130,12.0,0,6.19,0,6.5,27.1,Johnson,Seth,0.79,-0.58,0.42,-0.16,0.19,1.2,Seth Johnson,seth johnson
"Bido, Osvaldo",674370,2026,11,18.2,67,12.3,1,6.27,0,6.9,23.4,Bido,Osvaldo,0.88,-0.26,-0.32,-0.48,-0.58,1.7,Osvaldo Bido,osvaldo bido
"Lorenzen, Michael",547179,2026,32,127.1,549,8.7,1,7.21,0,7.6,18.0,Lorenzen,Michael,-0.24,0.3,-1.39,-0.04,-1.04,4.0,Michael Lorenzen,michael lorenzen
"Mears, Nick",683232,2026,21,19.1,70,13.3,0,5.12,5,5.6,18.7,Mears,Nick,1.19,-1.3,-1.25,0.08,-0.85,0.9,Nick Mears,nick mears
"Weiman, Blake",676620,2026,17,16.2,69,2.7,0,2.7,3,6.7,24.3,Weiman,Blake,-2.11,-0.42,-0.14,1.96,1.32,1.0,Blake Weiman,blake weiman
"Sands, Cole",663485,2026,13,12.0,48,8.9,1,8.25,3,5.7,23.3,Sands,Cole,-0.18,-1.22,-0.34,1.08,0.54,0.9,Cole Sands,cole sands
"Gilbert, Logan",669302,2026,31,182.0,674,6.5,0,3.81,0,7.3,30.4,Gilbert,Logan,-0.93,0.06,1.08,0.67,1.27,5.9,Logan Gilbert,logan gilbert
"Elder, Bryce",693821,2026,26,149.0,573,7.7,0,4.11,0,6.7,21.6,Elder,Bryce,-0.55,-0.42,-0.68,0.75,0.06,5.7,Bryce Elder,bryce elder
"Beeter, Clayton",690925,2026,50,48.0,170,14.8,12,4.5,9,7.2,28.2,Beeter,Clayton,1.66,-0.02,0.64,-1.27,-0.45,1.0,Clayton Beeter,clayton beeter
"Holderman, Colin",670059,2026,54,52.2,189,9.0,1,2.73,11,6.2,27.0,Holderman,Colin,-0.15,-0.82,0.4,0.75,0.83,1.0,Colin Holderman,colin holderman
"Maxwell, Zach",687209,2026,12,13.0,56,14.9,1,8.31,1,8.2,16.4,Maxwell,Zach,1.69,0.77,-1.71,-1.91,-2.62,1.1,Zach Maxwell,zach maxwell
"Castillo, Luis",622491,2026,29,130.2,531,7.4,0,5.85,1,7.4,23.7,Castillo,Luis,-0.65,0.14,-0.26,0.39,0.1,4.5,Luis Castillo,luis castillo
"McCullers Jr., Lance",621121,2026,10,44.0,166,13.8,0,6.55,1,6.9,27.9,McCullers Jr.,Lance,1.35,-0.26,0.58,-0.84,-0.19,4.4,Lance McCullers Jr.,lance mccullers
"Antone, Tejay",622088,2026,57,54.0,201,7.8,1,3.17,11,7.1,27.7,Antone,Tejay,-0.52,-0.1,0.54,0.48,0.74,0.9,Tejay Antone,tejay antone
"Phillips, Tyler",663969,2026,37,126.2,476,10.4,2,3.34,0,7.1,26.4,Phillips,Tyler,0.29,-0.1,0.28,-0.14,0.1,3.4,Tyler Phillips,tyler phillips
"Rock, Joe",697812,2026,5,10.1,41,23.2,0,5.23,0,7.1,27.0,Rock,Joe,4.28,-0.1,0.4,-3.23,-2.05,2.0,Joe Rock,joe rock
"Brubaker, JT",664141,2026,41,60.1,218,10.4,2,3.58,3,5.8,20.9,Brubaker,JT,0.29,-1.14,-0.82,0.66,-0.11,1.5,JT Brubaker,jt brubaker
"Peralta, Sammy",671111,2026,15,21.1,90,6.9,0,6.75,2,9.5,20.9,Peralta,Sammy,-0.8,1.81,-0.82,-0.78,-1.16,1.4,Sammy Peralta,sammy peralta
"Rogers, Tyler",643511,2026,74,71.0,266,7.5,4,1.77,33,9.6,14.5,Rogers,Tyler,-0.61,1.89,-2.09,-0.99,-2.23,1.0,Tyler Rogers,tyler rogers
"Drohan, Shane",675660,2026,32,123.0,469,8.4,1,4.24,3,7.8,27.1,Drohan,Shane,-0.33,0.45,0.42,-0.09,0.24,3.8,Shane Drohan,shane drohan
"Boyle, Joe",671212,2026,4,19.0,70,11.1,0,5.21,0,6.3,24.2,Boyle,Joe,0.51,-0.74,-0.16,0.18,0.02,4.8,Joe Boyle,joe boyle
"May, Dustin",669160,2026,30,142.2,542,8.1,0,4.67,0,6.9,23.0,May,Dustin,-0.43,-0.26,-0.4,0.53,0.1,4.7,Dustin May,dustin may
"Enns, Dietrich",608650,2026,13,16.0,55,15.7,0,3.94,0,6.9,23.1,Enns,Dietrich,1.94,-0.26,-0.38,-1.3,-1.21,1.2,Dietrich Enns,dietrich enns
"Murphy, Chris",669684,2026,33,33.2,128,10.7,1,4.81,2,7.5,30.1,Murphy,Chris,0.38,0.22,1.02,-0.46,0.4,1.0,Chris Murphy,chris murphy
"Holton, Tyler",663947,2026,67,72.0,274,6.3,2,2.75,15,8.2,23.4,Holton,Tyler,-0.99,0.77,-0.32,0.17,-0.11,1.1,Tyler Holton,tyler holton
"Hentges, Sam",656529,2026,44,35.2,137,14.9,0,3.28,10,6.2,27.2,Hentges,Sam,1.69,-0.82,0.44,-0.67,-0.17,0.8,Sam Hentges,sam hentges
"Ashcraft, Graham",668933,2026,34,34.1,122,16.3,1,4.19,11,6.7,30.7,Ashcraft,Graham,2.13,-0.42,1.14,-1.32,-0.13,1.0,Graham Ashcraft,graham ashcraft
"Mattson, Isaac",676755,2026,38,38.2,156,10.2,0,5.35,8,8.5,21.0,Mattson,Isaac,0.23,1.01,-0.8,-0.96,-1.27,1.0,Isaac Mattson,isaac mattson
"Pérez, Martín",527048,2026,30,142.0,523,10.4,0,3.04,0,5.7,21.1,Pérez,Martín,0.29,-1.22,-0.78,0.72,-0.04,4.7,Martín Pérez,martin perez
"Sandlin, David",689818,2026,8,40.1,153,7.8,0,5.58,0,6.0,24.5,Sandlin,David,-0.52,-0.98,-0.1,1.16,0.77,5.0,David Sandlin,david sandlin
"Booser, Cam",592155,2026,41,40.0,140,4.1,0,2.03,13,7.8,28.2,Booser,Cam,-1.67,0.45,0.64,0.94,1.14,1.0,Cam Booser,cam booser
"Suter, Brent",608718,2026,53,88.0,337,7.1,0,3.48,3,7.6,23.2,Suter,Brent,-0.74,0.3,-0.36,0.34,-0.01,1.7,Brent Suter,brent suter
"Macko, Adam",671936,2026,30,31.0,125,9.7,0,5.23,5,6.6,28.2,Macko,Adam,0.07,-0.5,0.64,0.33,0.7,1.0,Adam Macko,adam macko
"Hudson, Bryan",663542,2026,69,66.2,245,6.1,8,3.38,10,10.0,23.2,Hudson,Bryan,-1.05,2.21,-0.36,-0.9,-0.91,1.0,Bryan Hudson,bryan hudson
"Smith, Dylan",681916,2026,41,38.2,144,12.1,4,3.96,7,8.4,24.9,Smith,Dylan,0.82,0.93,-0.02,-1.36,-0.99,0.9,Dylan Smith,dylan smith
"Lovelady, Richard",663992,2026,37,34.0,136,13.3,4,3.71,10,6.7,22.1,Lovelady,Richard,1.19,-0.42,-0.58,-0.6,-0.85,0.9,Richard Lovelady,richard lovelady
"Curvelo, Luis",681168,2026,9,10.1,48,11.1,0,9.58,1,10.2,21.8,Curvelo,Luis,0.51,2.37,-0.64,-2.23,-2.07,1.1,Luis Curvelo,luis curvelo
"Johnson, Ryan",696270,2026,21,95.0,361,9.5,0,4.93,0,7.5,23.6,Johnson,Ryan,0.01,0.22,-0.28,-0.17,-0.33,4.5,Ryan Johnson,ryan johnson
"Madden, Ty",680744,2026,19,44.0,164,7.8,0,3.48,1,5.1,24.5,Madden,Ty,-0.52,-1.7,-0.1,1.72,1.17,2.3,Ty Madden,ty madden
"Ferrer, José A.",678606,2026,72,64.1,261,6.3,3,3.92,13,9.8,19.6,Ferrer,José A.,-0.99,2.05,-1.08,-0.82,-1.37,0.9,José A. Ferrer,jose a ferrer
"Gray, Sonny",543243,2026,29,169.0,627,6.7,0,2.72,0,7.0,23.1,Gray,Sonny,-0.86,-0.18,-0.38,0.81,0.31,5.8,Sonny Gray,sonny gray
"Roupp, Landen",694738,2026,29,155.0,572,11.4,0,4.01,0,4.8,24.4,Roupp,Landen,0.6,-1.94,-0.12,1.04,0.66,5.3,Landen Roupp,landen roupp
"Gausman, Kevin",592332,2026,32,177.2,691,6.3,0,4.51,0,6.6,27.7,Gausman,Kevin,-0.99,-0.5,0.54,1.15,1.22,5.5,Kevin Gausman,kevin gausman
"Palmquist, Carson",687223,2026,11,16.1,65,10.3,0,7.71,0,5.8,22.5,Palmquist,Carson,0.26,-1.14,-0.5,0.68,0.13,1.5,Carson Palmquist,carson palmquist
"Fairbanks, Pete",664126,2026,46,41.1,158,11.5,19,6.31,2,7.2,31.9,Fairbanks,Pete,0.63,-0.02,1.38,-0.47,0.65,0.9,Pete Fairbanks,pete fairbanks
"Clarke, Taylor",664199,2026,70,72.1,259,5.0,0,2.86,14,5.8,22.5,Clarke,Taylor,-1.39,-1.14,-0.5,1.96,1.06,1.0,Taylor Clarke,taylor clarke
"Morris, Kade",695034,2026,6,17.1,77,7.9,0,10.9,0,9.3,18.2,Morris,Kade,-0.49,1.65,-1.35,-0.9,-1.63,2.8,Kade Morris,kade morris
"Cavalli, Cade",676917,2026,32,169.2,637,6.8,0,3.02,0,8.1,27.4,Cavalli,Cade,-0.83,0.69,0.48,0.11,0.42,5.3,Cade Cavalli,cade cavalli
"Cruz, Yovanny",672442,2026,17,16.0,59,12.9,1,5.06,3,6.6,25.9,Cruz,Yovanny,1.07,-0.5,0.18,-0.44,-0.19,0.9,Yovanny Cruz,yovanny cruz
"Miller, Mason",695243,2026,65,69.0,237,9.1,38,1.3,0,6.5,45.4,Miller,Mason,-0.12,-0.58,4.07,0.54,3.33,1.1,Mason Miller,mason miller
"Poulin, PJ",676571,2026,35,36.2,131,13.7,3,2.7,7,7.7,16.9,Poulin,PJ,1.32,0.37,-1.61,-1.31,-2.11,1.0,PJ Poulin,pj poulin
"Dotel, Wilber",696062,2026,22,42.1,163,8.8,0,4.46,3,9.1,24.8,Dotel,Wilber,-0.21,1.49,-0.04,-0.99,-0.75,1.9,Wilber Dotel,wilber dotel
"Petty, Chase",695534,2026,16,31.2,125,6.5,1,4.83,0,9.0,19.6,Petty,Chase,-0.93,1.41,-1.08,-0.38,-1.05,2.0,Chase Petty,chase petty
"Pallante, Andre",669467,2026,28,157.0,593,7.5,0,3.61,0,7.7,21.1,Pallante,Andre,-0.61,0.37,-0.78,0.19,-0.43,5.6,Andre Pallante,andre pallante
"Morris, Andrew",702193,2026,63,72.2,283,8.5,5,4.21,24,6.1,22.9,Morris,Andrew,-0.3,-0.9,-0.42,0.93,0.37,1.1,Andrew Morris,andrew morris
"Harris, Trent",805345,2026,20,21.1,78,8.2,2,2.11,5,6.5,25.2,Harris,Trent,-0.4,-0.58,0.04,0.76,0.58,1.1,Trent Harris,trent harris
"Abel, Mick",690953,2026,4,20.1,80,10.8,0,3.98,0,6.7,28.8,Abel,Mick,0.42,-0.42,0.76,0.01,0.55,5.0,Mick Abel,mick abel
"Strahm, Matt",621381,2026,41,35.2,145,8.7,0,7.32,13,8.5,23.2,Strahm,Matt,-0.24,1.01,-0.36,-0.6,-0.69,0.9,Matt Strahm,matt strahm
"Alexander, Jason",669920,2026,4,18.1,75,9.5,0,9.33,0,9.0,20.3,Alexander,Jason,0.01,1.41,-0.94,-1.1,-1.47,4.5,Jason Alexander,jason alexander
"Herrin, Tim",682120,2026,67,56.2,199,11.7,0,3.02,16,7.4,30.7,Herrin,Tim,0.7,0.14,1.14,-0.64,0.36,0.8,Tim Herrin,tim herrin
"Kelly, Zack",677161,2026,17,16.1,60,9.9,0,3.31,3,7.1,21.1,Kelly,Zack,0.13,-0.1,-0.78,-0.02,-0.58,0.9,Zack Kelly,zack kelly
"Parker, Mitchell",680730,2026,22,39.2,159,7.3,1,6.58,7,7.2,28.1,Parker,Mitchell,-0.68,-0.02,0.62,0.54,0.84,1.8,Mitchell Parker,mitchell parker
"Valdez, Framber",664285,2026,31,174.0,671,8.8,0,4.03,0,7.5,20.6,Valdez,Framber,-0.21,0.22,-0.88,-0.0,-0.64,5.6,Framber Valdez,framber valdez
"Barco, Hunter",682995,2026,7,17.2,71,14.9,0,7.64,1,5.1,16.3,Barco,Hunter,1.69,-1.7,-1.73,0.01,-1.25,2.5,Hunter Barco,hunter barco
"Freeland, Kyle",607536,2026,25,131.1,555,4.9,0,6.58,0,7.8,22.2,Freeland,Kyle,-1.43,0.45,-0.56,0.75,0.14,5.2,Kyle Freeland,kyle freeland
"Aldegheri, Sam",691951,2026,9,33.2,130,11.3,0,5.08,0,5.9,20.4,Aldegheri,Sam,0.57,-1.06,-0.92,0.38,-0.39,3.7,Sam Aldegheri,sam aldegheri
"Collyer, Gavin",686560,2026,24,25.0,88,16.8,0,5.4,0,6.9,25.5,Collyer,Gavin,2.29,-0.26,0.1,-1.56,-1.06,1.0,Gavin Collyer,gavin collyer
"Young, Danny",664849,2026,16,12.1,48,20.0,0,8.03,4,4.9,24.7,Young,Danny,3.28,-1.86,-0.06,-1.1,-0.84,0.8,Danny Young,danny young
"Natera Jr., Samy",696519,2026,28,31.2,114,9.9,3,3.13,5,7.2,35.7,Natera Jr.,Samy,0.13,-0.02,2.13,-0.08,1.48,1.1,Samy Natera Jr.,samy natera
"Mikolas, Miles",571945,2026,25,116.0,467,4.6,0,5.82,0,6.5,14.5,Mikolas,Miles,-1.52,-0.58,-2.09,1.63,-0.34,4.6,Miles Mikolas,miles mikolas
"Hoffman, Jeff",656546,2026,71,66.0,250,10.3,6,3.55,22,7.3,38.0,Hoffman,Jeff,0.26,0.06,2.59,-0.24,1.7,0.9,Jeff Hoffman,jeff hoffman
"Myers, Tobias",668964,2026,31,52.2,205,7.1,2,5.64,3,9.2,20.0,Myers,Tobias,-0.74,1.57,-1.0,-0.64,-1.19,1.7,Tobias Myers,tobias myers
"Leiter Jr., Mark",643410,2026,36,33.2,128,7.6,4,4.28,5,6.9,30.3,Leiter Jr.,Mark,-0.58,-0.26,1.06,0.66,1.24,0.9,Mark Leiter Jr.,mark leiter
"Perdomo, Cesar",702885,2026,5,24.2,95,6.7,0,3.65,0,6.7,19.9,Perdomo,Cesar,-0.86,-0.42,-1.02,1.0,-0.01,4.8,Cesar Perdomo,cesar perdomo
"Gage, Matt",657424,2026,34,27.1,105,13.5,1,5.6,5,6.7,24.4,Gage,Matt,1.26,-0.42,-0.12,-0.64,-0.55,0.8,Matt Gage,matt gage
"Sewald, Paul",623149,2026,61,52.1,194,6.0,24,4.82,3,7.9,26.5,Sewald,Paul,-1.08,0.53,0.3,0.42,0.52,0.9,Paul Sewald,paul sewald
"Giolito, Lucas",608337,2026,7,29.2,114,16.7,0,5.16,0,6.0,24.0,Giolito,Lucas,2.26,-0.98,-0.2,-0.98,-0.85,4.2,Lucas Giolito,lucas giolito
"Kempner, William",687531,2026,9,12.1,44,8.0,0,2.92,0,6.0,34.1,Kempner,William,-0.46,-0.98,1.81,1.11,2.12,1.3,William Kempner,william kempner
"Phillips, Evan",623465,2026,29,24.0,91,6.1,1,3.38,8,8.6,25.3,Phillips,Evan,-1.05,1.09,0.06,-0.03,0.02,0.8,Evan Phillips,evan phillips
"Shugart, Chase",663767,2026,45,52.0,187,8.8,0,3.98,0,7.6,23.8,Shugart,Chase,-0.21,0.3,-0.24,-0.07,-0.22,1.2,Chase Shugart,chase shugart
"Richards, Trevor",670950,2026,53,79.2,301,7.8,1,3.73,1,5.8,21.2,Richards,Trevor,-0.52,-1.14,-0.76,1.29,0.38,1.5,Trevor Richards,trevor richards
"Miller, Bryce",682243,2026,22,118.2,443,7.8,0,4.17,0,7.1,25.0,Miller,Bryce,-0.52,-0.1,0.0,0.48,0.35,5.4,Bryce Miller,bryce miller
"Imai, Tatsuya",837227,2026,22,75.2,277,15.2,0,5.0,0,7.2,32.8,Imai,Tatsuya,1.79,-0.02,1.56,-1.36,0.14,3.4,Tatsuya Imai,tatsuya imai
"Junis, Jakob",596001,2026,51,53.0,206,6.6,6,3.57,18,8.8,18.1,Junis,Jakob,-0.9,1.25,-1.37,-0.28,-1.19,1.0,Jakob Junis,jakob junis
"Brazobán, Huascar",623211,2026,59,65.2,229,11.0,0,3.02,11,5.9,25.4,Brazobán,Huascar,0.48,-1.06,0.08,0.45,0.39,1.1,Huascar Brazobán,huascar brazoban
"Bazardo, Eduard",660825,2026,72,66.1,258,8.2,1,3.93,26,7.5,21.7,Bazardo,Eduard,-0.4,0.22,-0.66,0.14,-0.37,0.9,Eduard Bazardo,eduard bazardo
"Civale, Aaron",650644,2026,34,111.1,448,7.1,2,4.2,1,7.3,20.7,Civale,Aaron,-0.74,0.06,-0.86,0.53,-0.24,3.3,Aaron Civale,aaron civale
"Cantillo, Joey",676282,2026,33,159.0,595,11.8,0,3.62,0,6.8,29.1,Cantillo,Joey,0.73,-0.34,0.82,-0.3,0.38,4.8,Joey Cantillo,joey cantillo
"Fedde, Erick",607200,2026,33,141.0,543,8.6,0,3.83,0,6.1,18.2,Fedde,Erick,-0.27,-0.9,-1.35,0.91,-0.32,4.3,Erick Fedde,erick fedde
"Leasure, Jordan",673929,2026,18,18.2,69,10.3,0,6.27,3,7.3,26.5,Leasure,Jordan,0.26,0.06,0.3,-0.24,0.04,1.0,Jordan Leasure,jordan leasure
"Greene, Hunter",668881,2026,5,27.2,111,7.4,0,6.83,0,7.9,27.2,Greene,Hunter,-0.65,0.53,0.44,0.09,0.38,5.4,Hunter Greene,hunter greene
"Wilson, Bryse",669060,2026,16,35.1,146,2.0,0,4.33,0,8.4,18.1,Wilson,Bryse,-2.33,0.93,-1.37,1.08,-0.21,2.2,Bryse Wilson,bryse wilson
"Leahy, Kyle",681517,2026,30,140.0,546,6.9,0,3.66,0,8.2,22.7,Leahy,Kyle,-0.8,0.77,-0.46,0.02,-0.32,4.7,Kyle Leahy,kyle leahy
"Martin, Chris",455119,2026,16,14.0,62,3.0,0,9.0,1,10.1,15.9,Martin,Chris,-2.02,2.29,-1.81,-0.21,-1.46,0.9,Chris Martin,chris martin
"Burrows, Mike",681347,2026,18,94.2,384,8.3,0,5.99,0,7.0,21.6,Burrows,Mike,-0.36,-0.18,-0.68,0.42,-0.18,5.2,Mike Burrows,mike burrows
"Povich, Cade",700249,2026,8,37.0,144,9.4,0,4.38,0,7.0,22.6,Povich,Cade,-0.02,-0.18,-0.48,0.16,-0.23,4.6,Cade Povich,cade povich
"Núñez, Dedniel",673380,2026,17,18.0,69,0.0,1,3.5,5,10.4,34.4,Núñez,Dedniel,-2.95,2.53,1.87,0.33,1.59,1.1,Dedniel Núñez,dedniel nunez
"Ullola, Miguel",699044,2026,10,15.2,52,6.9,0,2.3,0,8.3,27.9,Ullola,Miguel,-0.8,0.85,0.58,-0.04,0.39,1.5,Miguel Ullola,miguel ullola
"Suarez, Robert",663158,2026,32,33.0,117,4.8,4,0.82,12,6.5,23.6,Suarez,Robert,-1.46,-0.58,-0.28,1.58,0.94,1.0,Robert Suarez,robert suarez
"Brash, Matt",666374,2026,20,16.2,53,9.4,0,0.54,6,5.7,32.1,Brash,Matt,-0.02,-1.22,1.42,0.96,1.72,0.8,Matt Brash,matt brash
"Whisenhunt, Carson",687931,2026,8,34.2,140,12.8,0,6.49,0,6.5,28.2,Whisenhunt,Carson,1.04,-0.58,0.64,-0.35,0.21,4.3,Carson Whisenhunt,carson whisenhunt
"Waldron, Matt",663362,2026,17,42.2,177,5.7,0,6.54,1,5.7,17.8,Waldron,Matt,-1.18,-1.22,-1.43,1.85,0.3,2.5,Matt Waldron,matt waldron
"Martin, Trevor",694680,2026,7,14.1,58,9.1,0,4.4,0,4.8,22.0,Martin,Trevor,-0.12,-1.94,-0.6,1.59,0.72,2.0,Trevor Martin,trevor martin
"Woods Richardson, Simeon",680573,2026,20,66.0,260,12.2,0,6.68,0,8.1,18.5,Woods Richardson,Simeon,0.85,0.69,-1.29,-1.2,-1.8,3.3,Simeon Woods Richardson,simeon woods richardson
"Bellozo, Valente",678368,2026,3,10.2,39,14.6,0,7.59,0,8.8,29.5,Bellozo,Valente,1.6,1.25,0.9,-2.21,-0.95,3.4,Valente Bellozo,valente bellozo
"Mey, Luis",682825,2026,28,33.2,132,13.6,0,6.42,5,8.6,31.0,Mey,Luis,1.29,1.09,1.2,-1.84,-0.47,1.2,Luis Mey,luis mey
"Gose, Anthony",543238,2026,13,13.0,44,4.2,0,0.0,2,4.3,25.3,Gose,Anthony,-1.64,-2.34,0.06,3.08,2.27,1.0,Anthony Gose,anthony gose
"Nunez, Anthony",689296,2026,52,59.2,221,10.2,3,4.07,8,6.3,32.8,Nunez,Anthony,0.23,-0.74,1.56,0.4,1.41,1.1,Anthony Nunez,anthony nunez
"Wicks, Jordan",696136,2026,4,10.1,47,4.0,2,10.45,0,3.3,23.9,Wicks,Jordan,-1.71,-3.14,-0.22,3.75,2.55,2.5,Jordan Wicks,jordan wicks
"Waldrep, Hurston",694462,2026,3,10.2,44,17.9,0,8.44,1,5.1,23.3,Waldrep,Hurston,2.63,-1.7,-0.34,-0.72,-0.76,3.4,Hurston Waldrep,hurston waldrep
"Kochanowicz, Jack",686799,2026,13,64.0,251,12.2,0,6.19,0,7.1,23.6,Kochanowicz,Jack,0.85,-0.1,-0.28,-0.58,-0.62,4.9,Jack Kochanowicz,jack kochanowicz
"Painter, Andrew",691725,2026,25,126.2,492,8.5,0,5.4,0,7.1,25.6,Painter,Andrew,-0.3,-0.1,0.12,0.31,0.31,5.0,Andrew Painter,andrew painter
"Cabrera, Edward",665795,2026,18,80.0,307,10.3,0,5.96,0,6.9,26.5,Cabrera,Edward,0.26,-0.26,0.3,0.0,0.22,4.4,Edward Cabrera,edward cabrera
"Brown, Ben",676962,2026,20,68.0,242,7.2,1,1.85,2,8.2,27.3,Brown,Ben,-0.71,0.77,0.46,-0.05,0.29,3.4,Ben Brown,ben brown
"Bieber, Shane",669456,2026,11,55.2,217,9.9,0,4.37,0,6.1,23.5,Bieber,Shane,0.13,-0.9,-0.3,0.59,0.21,5.0,Shane Bieber,shane bieber
"Messick, Parker",800048,2026,31,183.1,673,6.6,0,2.55,0,6.9,25.7,Messick,Parker,-0.9,-0.26,0.14,0.9,0.75,5.9,Parker Messick,parker messick
"Gallen, Zac",668678,2026,22,105.1,429,7.4,0,6.07,0,6.2,19.0,Gallen,Zac,-0.65,-0.82,-1.2,1.14,-0.04,4.8,Zac Gallen,zac gallen
"Williams, Trevor",592866,2026,15,28.2,105,8.3,0,3.14,1,5.4,27.9,Williams,Trevor,-0.36,-1.46,0.58,1.41,1.44,1.9,Trevor Williams,trevor williams
"Foley, Jason",671345,2026,22,24.0,98,9.2,0,4.5,2,7.5,16.4,Foley,Jason,-0.08,0.22,-1.71,-0.1,-1.31,1.1,Jason Foley,jason foley
"Tur, Yunior",814305,2026,7,10.1,55,15.2,0,16.55,0,7.3,32.7,Tur,Yunior,1.79,0.06,1.54,-1.42,0.08,1.4,Yunior Tur,yunior tur
"Tidwell, Blade",694918,2026,17,56.2,206,8.9,1,4.45,1,7.9,23.1,Tidwell,Blade,-0.18,0.53,-0.38,-0.28,-0.47,3.3,Blade Tidwell,blade tidwell
"Ashcraft, Braxton",677952,2026,28,165.1,616,5.2,0,3.65,0,7.3,25.6,Ashcraft,Braxton,-1.33,0.06,0.12,0.99,0.8,5.9,Braxton Ashcraft,braxton ashcraft
"Sasaki, Roki",808963,2026,25,121.1,463,9.2,0,4.52,1,7.5,29.8,Sasaki,Roki,-0.08,0.22,0.96,-0.1,0.62,4.8,Roki Sasaki,roki sasaki
"Romano, Jordan",605447,2026,37,32.2,126,12.2,15,4.96,1,7.0,28.3,Romano,Jordan,0.85,-0.18,0.66,-0.52,0.1,0.9,Jordan Romano,jordan romano
"Beeks, Jalen",656222,2026,29,26.0,103,7.1,0,3.81,6,7.6,23.4,Beeks,Jalen,-0.74,0.3,-0.32,0.34,0.02,0.9,Jalen Beeks,jalen beeks
"Adams, Mason",690279,2026,6,29.0,110,9.7,0,4.03,0,7.1,22.2,Adams,Mason,0.07,-0.1,-0.56,0.03,-0.38,4.8,Mason Adams,mason adams
"Bratt, Mitch",683352,2026,10,44.0,164,13.9,0,4.7,0,8.3,14.9,Bratt,Mitch,1.38,0.85,-2.01,-1.73,-2.71,4.4,Mitch Bratt,mitch bratt
"Bolton, Cody",675989,2026,8,20.0,78,14.7,1,5.4,0,6.6,19.6,Bolton,Cody,1.63,-0.5,-1.08,-0.87,-1.41,2.5,Cody Bolton,cody bolton
"Cecconi, Slade",677944,2026,27,120.0,476,7.4,0,4.95,0,7.6,20.9,Cecconi,Slade,-0.65,0.3,-0.82,0.27,-0.39,4.4,Slade Cecconi,slade cecconi
"Acton, Garrett",670183,2026,7,11.0,42,11.8,0,5.73,0,6.4,36.6,Acton,Garrett,0.73,-0.66,2.31,-0.05,1.64,1.6,Garrett Acton,garrett acton
"Paredes, Mike",702474,2026,9,34.1,134,8.4,0,4.72,0,8.2,19.3,Paredes,Mike,-0.33,0.77,-1.14,-0.34,-1.07,3.8,Mike Paredes,mike paredes
"Ryan, Joe",657746,2026,27,144.2,565,5.0,0,3.79,0,7.7,25.8,Ryan,Joe,-1.39,0.37,0.16,0.79,0.69,5.3,Joe Ryan,joe ryan
"Skenes, Paul",694973,2026,32,174.1,643,6.9,0,3.82,0,6.4,28.2,Skenes,Paul,-0.8,-0.66,0.64,1.13,1.28,5.4,Paul Skenes,paul skenes
"Weiss, Ryan",680802,2026,9,26.0,111,15.3,0,7.62,0,6.2,23.7,Weiss,Ryan,1.82,-0.82,-0.26,-0.77,-0.74,2.9,Ryan Weiss,ryan weiss
"Cabrera, Jose",703615,2026,7,27.0,105,8.4,0,4.33,0,6.4,19.4,Cabrera,Jose,-0.33,-0.66,-1.12,0.77,-0.25,3.9,Jose Cabrera,jose cabrera
"Carrasco, Carlos",471911,2026,8,16.2,66,4.1,0,5.94,0,4.5,19.0,Carrasco,Carlos,-1.67,-2.18,-1.2,2.98,1.29,2.0,Carlos Carrasco,carlos carrasco
"Backhus, Kyle",679775,2026,21,20.0,85,6.4,0,4.95,1,8.5,19.6,Backhus,Kyle,-0.96,1.01,-1.08,-0.04,-0.81,1.0,Kyle Backhus,kyle backhus
"Thompson, Ryan",657044,2026,46,40.2,168,7.0,0,4.43,7,6.4,19.2,Thompson,Ryan,-0.77,-0.66,-1.16,1.11,-0.03,0.9,Ryan Thompson,ryan thompson
"Snell, Blake",605483,2026,8,38.2,138,10.2,0,1.86,0,3.8,35.9,Snell,Blake,0.23,-2.74,2.17,1.94,2.98,4.8,Blake Snell,blake snell
"Burns, Chase",695505,2026,29,154.1,570,8.9,0,2.86,0,6.7,32.0,Burns,Chase,-0.18,-0.42,1.4,0.46,1.35,5.3,Chase Burns,chase burns
"Williamson, Brandon",682227,2026,11,49.2,181,12.6,0,4.89,0,4.6,24.0,Williamson,Brandon,0.98,-2.1,-0.2,0.87,0.49,4.5,Brandon Williamson,brandon williamson
"Bello, Brayan",678394,2026,26,116.1,452,7.2,1,4.33,0,6.7,24.8,Bello,Brayan,-0.71,-0.42,-0.04,0.88,0.6,4.5,Brayan Bello,brayan bello
"Eovaldi, Nathan",543135,2026,26,141.1,546,5.5,0,4.27,1,6.6,29.7,Eovaldi,Nathan,-1.24,-0.5,0.94,1.35,1.65,5.4,Nathan Eovaldi,nathan eovaldi
"Walker, Josh",677020,2026,31,30.1,112,9.5,1,2.08,4,7.5,21.6,Walker,Josh,0.01,0.22,-0.68,-0.17,-0.62,1.0,Josh Walker,josh walker
"Ginn, J.T.",669372,2026,27,138.1,506,9.8,0,3.71,0,6.2,26.7,Ginn,J.T.,0.1,-0.82,0.34,0.56,0.65,5.1,J.T. Ginn,jt ginn
"Kent, Jackson",800600,2026,8,36.1,145,14.7,0,5.94,0,6.2,23.8,Kent,Jackson,1.63,-0.82,-0.24,-0.63,-0.62,4.5,Jackson Kent,jackson kent
"Griffin, Foster",656492,2026,31,172.2,661,6.2,0,3.6,0,7.3,23.2,Griffin,Foster,-1.02,0.06,-0.36,0.75,0.28,5.6,Foster Griffin,foster griffin
"Hoppe, Alex",695380,2026,42,42.2,166,10.4,1,4.43,5,7.8,25.9,Hoppe,Alex,0.29,0.45,0.18,-0.58,-0.29,1.0,Alex Hoppe,alex hoppe
"Roycroft, Chris",688297,2026,26,37.1,157,9.5,1,6.27,1,7.6,17.2,Roycroft,Chris,0.01,0.3,-1.55,-0.24,-1.29,1.4,Chris Roycroft,chris roycroft
"Blewett, Scott",656240,2026,24,35.1,135,7.3,0,2.8,2,5.3,26.4,Blewett,Scott,-0.68,-1.54,0.28,1.72,1.44,1.5,Scott Blewett,scott blewett
"Kittredge, Andrew",552640,2026,55,48.1,201,5.6,11,3.54,9,8.2,23.1,Kittredge,Andrew,-1.21,0.77,-0.38,0.33,-0.03,0.9,Andrew Kittredge,andrew kittredge
"Slaten, Justin",686580,2026,36,31.1,127,5.8,0,4.6,17,8.5,25.2,Slaten,Justin,-1.14,1.01,0.04,0.1,0.1,0.9,Justin Slaten,justin slaten
"Blubaugh, AJ",805123,2026,64,96.0,348,10.5,1,3.66,12,6.4,28.1,Blubaugh,AJ,0.32,-0.66,0.62,0.26,0.64,1.5,AJ Blubaugh,aj blubaugh
"Seymour, Ian",693855,2026,46,132.1,502,6.5,2,4.22,10,9.1,29.4,Seymour,Ian,-0.93,1.49,0.88,-0.44,0.32,2.9,Ian Seymour,ian seymour
"Wilcox, Cole",677961,2026,23,27.0,103,13.8,0,4.0,0,10.9,31.4,Wilcox,Cole,1.35,2.93,1.28,-3.31,-1.47,1.2,Cole Wilcox,cole wilcox
"Gibson, Trey",694346,2026,9,39.2,155,14.6,0,6.13,0,8.2,21.5,Gibson,Trey,1.6,0.77,-0.7,-1.84,-1.83,4.4,Trey Gibson,trey gibson
"Silseth, Chase",681217,2026,72,59.2,224,13.1,0,3.32,18,6.0,32.5,Silseth,Chase,1.13,-0.98,1.5,-0.12,1.0,0.8,Chase Silseth,chase silseth
"Varland, Louis",686973,2026,71,78.0,280,7.5,35,1.27,5,7.0,29.4,Varland,Louis,-0.61,-0.18,0.88,0.62,1.08,1.1,Louis Varland,louis varland
"Zeferjahn, Ryan",666171,2026,65,69.2,251,12.9,7,3.88,14,8.5,32.0,Zeferjahn,Ryan,1.07,1.01,1.4,-1.61,-0.16,1.1,Ryan Zeferjahn,ryan zeferjahn
"Matsui, Yuki",673513,2026,53,63.2,216,13.9,1,1.84,11,6.7,33.2,Matsui,Yuki,1.38,-0.42,1.64,-0.74,0.65,1.2,Yuki Matsui,yuki matsui
"Fisher, Braydon",680755,2026,74,74.2,252,13.8,1,3.25,13,5.6,28.3,Fisher,Braydon,1.35,-1.3,0.66,-0.04,0.45,1.0,Braydon Fisher,braydon fisher
"Newcomb, Sean",656794,2026,58,88.0,319,9.1,4,3.17,11,7.5,23.0,Newcomb,Sean,-0.12,0.22,-0.4,-0.08,-0.34,1.5,Sean Newcomb,sean newcomb
"Mathews, Quinn",687273,2026,8,44.1,167,9.5,0,3.65,0,5.3,26.6,Mathews,Quinn,0.01,-1.54,0.32,1.18,1.09,5.5,Quinn Mathews,quinn mathews
"Kinley, Tyler",641755,2026,63,56.2,197,11.4,1,3.49,14,6.5,27.4,Kinley,Tyler,0.6,-0.58,0.48,-0.01,0.34,0.9,Tyler Kinley,tyler kinley
"Irvin, Jake",663623,2026,21,101.2,387,10.3,0,5.4,0,8.4,23.8,Irvin,Jake,0.26,0.93,-0.24,-0.92,-0.84,4.8,Jake Irvin,jake irvin
"Sommers, Drew",805427,2026,43,39.2,150,8.3,0,3.63,13,9.7,31.1,Sommers,Drew,-0.36,1.97,1.22,-1.24,-0.02,0.9,Drew Sommers,drew sommers
"Manfredi, Mark",815081,2026,13,15.2,59,13.2,0,3.45,0,6.7,24.6,Manfredi,Mark,1.16,-0.42,-0.08,-0.57,-0.47,1.2,Mark Manfredi,mark manfredi
"Abner, Philip",691769,2026,13,19.0,74,12.8,0,7.11,1,5.4,18.2,Abner,Philip,1.04,-1.46,-1.35,0.33,-0.74,1.5,Philip Abner,philip abner
"Palencia, Daniel",694037,2026,32,29.2,110,8.9,3,3.64,3,7.5,27.0,Palencia,Daniel,-0.18,0.22,0.4,-0.03,0.27,0.9,Daniel Palencia,daniel palencia
"Bassitt, Chris",605135,2026,20,102.0,409,8.3,0,4.59,0,8.0,20.9,Bassitt,Chris,-0.36,0.61,-0.82,-0.19,-0.73,5.1,Chris Bassitt,chris bassitt
"Domínguez, Seranthony",622554,2026,66,61.0,222,12.1,12,3.69,8,5.7,28.0,Domínguez,Seranthony,0.82,-1.22,0.6,0.31,0.66,0.9,Seranthony Domínguez,seranthony dominguez
"Harrison, Kyle",690986,2026,27,113.2,454,7.2,0,4.28,1,7.7,27.6,Harrison,Kyle,-0.71,0.37,0.52,0.26,0.56,4.2,Kyle Harrison,kyle harrison
"Ashby, Aaron",676879,2026,74,87.1,332,10.9,3,3.19,15,6.8,31.7,Ashby,Aaron,0.45,-0.34,1.34,-0.08,0.91,1.2,Aaron Ashby,aaron ashby
"Rasmussen, Drew",656876,2026,30,172.0,627,4.8,0,2.67,0,8.5,25.1,Rasmussen,Drew,-1.46,1.01,0.02,0.34,0.26,5.7,Drew Rasmussen,drew rasmussen
"Molina, Anthony",683627,2026,9,34.0,129,5.1,0,3.97,0,9.1,23.2,Molina,Anthony,-1.36,1.49,-0.36,-0.1,-0.33,3.8,Anthony Molina,anthony molina
"Falter, Bailey",663559,2026,7,13.0,63,8.7,0,10.38,0,9.2,18.8,Falter,Bailey,-0.24,1.57,-1.24,-1.03,-1.64,1.9,Bailey Falter,bailey falter
"Finnegan, Kyle",640448,2026,63,60.2,232,12.6,2,4.3,14,8.3,25.2,Finnegan,Kyle,0.98,0.85,0.04,-1.42,-0.99,1.0,Kyle Finnegan,kyle finnegan
"Chandler, Bubba",696149,2026,31,154.0,581,11.9,0,4.62,0,7.2,22.2,Chandler,Bubba,0.76,-0.02,-0.56,-0.57,-0.81,5.0,Bubba Chandler,bubba chandler
"Baker, Bryan",641329,2026,65,62.1,218,9.0,41,1.44,2,7.3,27.2,Baker,Bryan,-0.15,0.06,0.44,0.07,0.37,1.0,Bryan Baker,bryan baker
"Cruz, Fernando",518585,2026,61,54.2,198,13.7,2,3.13,19,6.1,39.1,Cruz,Fernando,1.32,-0.9,2.81,-0.32,1.8,0.9,Fernando Cruz,fernando cruz
"Megill, Trevor",656730,2026,63,61.2,221,6.2,30,2.63,7,10.6,30.5,Megill,Trevor,-1.02,2.69,1.1,-1.29,-0.14,1.0,Trevor Megill,trevor megill
"Festa, Matt",670036,2026,66,66.2,259,7.3,1,3.78,7,8.1,27.6,Festa,Matt,-0.68,0.69,0.52,-0.01,0.37,1.0,Matt Festa,matt festa
"Kelly, Merrill",518876,2026,29,162.0,619,9.9,0,4.94,0,4.8,21.6,Kelly,Merrill,0.13,-1.94,-0.68,1.4,0.52,5.6,Merrill Kelly,merrill kelly
"Hernández, Jonathan",642546,2026,16,25.1,96,11.9,0,5.68,0,7.0,19.9,Hernández,Jonathan,0.76,-0.18,-1.02,-0.44,-1.06,1.6,Jonathan Hernández,jonathan hernandez
"Taylor, Grant",691799,2026,60,84.0,303,8.9,10,2.25,11,7.1,29.4,Taylor,Grant,-0.18,-0.1,0.88,0.22,0.79,1.4,Grant Taylor,grant taylor
"Márquez, Germán",608566,2026,13,53.0,208,10.2,1,5.26,0,7.7,19.0,Márquez,Germán,0.23,0.37,-1.2,-0.47,-1.2,4.1,Germán Márquez,german marquez
"Medina, Luis",665622,2026,60,73.0,267,12.3,0,3.08,13,6.9,32.4,Medina,Luis,0.88,-0.26,1.48,-0.48,0.72,1.2,Luis Medina,luis medina
"Skubal, Tarik",669373,2026,26,158.2,581,4.4,0,2.72,0,7.5,31.7,Skubal,Tarik,-1.58,0.22,1.34,1.06,1.73,6.1,Tarik Skubal,tarik skubal
"Thompson, Keegan",624522,2026,5,12.0,52,3.5,0,8.25,0,9.2,21.6,Thompson,Keegan,-1.86,1.57,-0.68,0.22,-0.33,2.4,Keegan Thompson,keegan thompson
"Roberts, Ethan",681799,2026,23,25.2,93,12.7,0,4.21,0,6.4,22.6,Roberts,Ethan,1.01,-0.66,-0.48,-0.27,-0.54,1.1,Ethan Roberts,ethan roberts
"Jansen, Kenley",445276,2026,50,45.0,154,12.8,22,3.2,1,7.2,26.6,Jansen,Kenley,1.04,-0.02,0.32,-0.78,-0.34,0.9,Kenley Jansen,kenley jansen
"Blanco, Ronel",669854,2026,7,31.2,119,11.0,0,7.11,0,7.8,23.9,Blanco,Ronel,0.48,0.45,-0.22,-0.72,-0.68,4.5,Ronel Blanco,ronel blanco
"Manaea, Sean",640455,2026,32,144.2,556,6.9,0,4.67,0,8.2,22.5,Manaea,Sean,-0.8,0.77,-0.5,0.02,-0.34,4.5,Sean Manaea,sean manaea
"Matz, Steven",571927,2026,35,79.1,308,7.4,1,5.56,1,7.9,20.7,Matz,Steven,-0.65,0.53,-0.86,0.09,-0.56,2.3,Steven Matz,steven matz
"Franco, Jose",683742,2026,10,20.1,76,16.3,0,4.43,1,8.3,20.6,Franco,Jose,2.13,0.85,-0.88,-2.31,-2.3,2.0,Jose Franco,jose franco
"Jones, Jared",683003,2026,20,97.2,366,7.7,0,3.87,0,7.1,32.6,Jones,Jared,-0.55,-0.1,1.52,0.51,1.46,4.9,Jared Jones,jared jones
"Hart, Kyle",606996,2026,46,64.0,234,9.7,0,4.92,9,6.9,22.7,Hart,Kyle,0.07,-0.26,-0.46,0.15,-0.22,1.4,Kyle Hart,kyle hart
"Henriquez, Edgardo",683618,2026,61,60.0,209,10.3,2,2.85,11,7.2,30.3,Henriquez,Edgardo,0.26,-0.02,1.06,-0.18,0.63,1.0,Edgardo Henriquez,edgardo henriquez
"Bigge, Hunter",685801,2026,18,19.1,70,16.5,0,6.98,5,4.7,25.9,Bigge,Hunter,2.19,-2.02,0.18,-0.13,0.03,1.1,Hunter Bigge,hunter bigge
"Severino, Luis",622663,2026,12,62.2,236,11.4,0,4.16,0,8.0,23.0,Severino,Luis,0.6,0.61,-0.4,-0.94,-0.97,5.2,Luis Severino,luis severino
"Wilkinson, Matt",683363,2026,7,24.2,95,4.0,0,3.65,0,7.9,18.8,Wilkinson,Matt,-1.71,0.53,-1.24,0.91,-0.24,3.5,Matt Wilkinson,matt wilkinson
"Hoffmann, Andrew",694851,2026,8,11.2,48,13.6,0,7.71,0,6.1,19.1,Hoffmann,Andrew,1.29,-0.9,-1.18,-0.3,-1.07,1.4,Andrew Hoffmann,andrew hoffmann
"Mederos, Victor",682989,2026,29,32.1,122,9.3,1,3.62,2,6.7,29.7,Mederos,Victor,-0.05,-0.42,0.94,0.37,0.94,1.1,Victor Mederos,victor mederos
"Rogers, Trevor",669432,2026,30,169.2,651,5.6,0,4.03,0,8.3,24.4,Rogers,Trevor,-1.21,0.85,-0.12,0.27,0.11,5.6,Trevor Rogers,trevor rogers
"Castaño, Blas",680604,2026,15,27.1,99,8.1,0,3.62,0,8.7,18.6,Castaño,Blas,-0.43,1.17,-1.27,-0.58,-1.34,1.8,Blas Castaño,blas castano
"O'Brien, Riley",676617,2026,66,64.0,233,10.5,38,4.08,1,7.0,26.8,O'Brien,Riley,0.32,-0.18,0.36,-0.11,0.18,1.0,Riley O'Brien,riley obrien
"Walker, Taijuan",592836,2026,5,22.2,102,9.6,0,9.13,0,6.6,16.8,Walker,Taijuan,0.04,-0.5,-1.63,0.36,-0.92,4.4,Taijuan Walker,taijuan walker
"Rangel, Alan",660604,2026,7,26.0,107,10.6,0,5.88,1,7.3,24.4,Rangel,Alan,0.35,0.06,-0.12,-0.32,-0.31,3.7,Alan Rangel,alan rangel
"Way, Beck",694360,2026,19,23.1,92,9.5,0,3.86,1,6.7,25.9,Way,Beck,0.01,-0.42,0.18,0.32,0.36,1.2,Beck Way,beck way
"Frasso, Nick",693308,2026,19,20.2,85,7.3,0,6.1,0,5.9,23.2,Frasso,Nick,-0.68,-1.06,-0.36,1.34,0.71,1.1,Nick Frasso,nick frasso
"Pérez, Eury",691587,2026,30,159.0,579,10.3,0,3.91,0,7.3,28.6,Pérez,Eury,0.26,0.06,0.72,-0.24,0.34,5.3,Eury Pérez,eury perez
"Kerkering, Orion",689147,2026,62,58.0,225,12.7,2,4.97,17,8.3,26.1,Kerkering,Orion,1.01,0.85,0.22,-1.44,-0.88,0.9,Orion Kerkering,orion kerkering
"Sears, Andrew",808825,2026,6,19.0,80,8.7,0,7.11,0,8.8,27.0,Sears,Andrew,-0.24,1.25,0.4,-0.78,-0.28,3.2,Andrew Sears,andrew sears
"Banks, Tanner",621383,2026,31,35.0,154,8.2,0,6.43,2,6.9,23.1,Banks,Tanner,-0.4,-0.26,-0.38,0.51,0.1,1.1,Tanner Banks,tanner banks
"Stock, Robert",476594,2026,8,30.1,128,10.2,0,5.93,1,7.5,24.0,Stock,Robert,0.23,0.22,-0.2,-0.34,-0.39,3.8,Robert Stock,robert stock
"Glasnow, Tyler",607192,2026,13,74.0,257,8.7,0,3.53,0,7.4,32.1,Glasnow,Tyler,-0.24,0.14,1.42,0.08,1.08,5.7,Tyler Glasnow,tyler glasnow
"Keller, Brad",641745,2026,32,31.1,118,9.6,3,4.02,13,8.3,22.5,Keller,Brad,0.04,0.85,-0.5,-0.69,-0.86,1.0,Brad Keller,brad keller
"Melton, Troy",675512,2026,20,114.1,423,7.9,0,2.76,0,7.1,23.4,Melton,Troy,-0.49,-0.1,-0.32,0.46,0.1,5.7,Troy Melton,troy melton
"Rea, Colin",607067,2026,33,135.0,522,8.1,1,4.4,0,7.2,19.7,Rea,Colin,-0.43,-0.02,-1.06,0.35,-0.51,4.1,Colin Rea,colin rea
"Hancock, Emerson",676106,2026,25,138.2,524,5.7,0,3.57,0,7.8,23.7,Hancock,Emerson,-1.18,0.45,-0.26,0.56,0.22,5.5,Emerson Hancock,emerson hancock
"Barnes, Charlie",656212,2026,5,13.0,55,11.1,0,6.92,0,6.5,15.1,Barnes,Charlie,0.51,-0.58,-1.97,0.06,-1.38,2.6,Charlie Barnes,charlie barnes
"Raley, Brooks",548384,2026,60,51.2,192,9.1,1,3.31,16,7.1,23.8,Raley,Brooks,-0.12,-0.1,-0.24,0.17,-0.05,0.9,Brooks Raley,brooks raley
"Santana, Dennis",642701,2026,56,54.2,212,10.0,3,5.43,5,8.8,26.2,Santana,Dennis,0.17,1.25,0.24,-1.1,-0.62,1.0,Dennis Santana,dennis santana
"Javier, Cristian",664299,2026,17,63.0,245,10.1,0,5.14,0,6.9,29.0,Javier,Cristian,0.2,-0.26,0.8,0.05,0.61,3.7,Cristian Javier,cristian javier
"Juenger, Hayden",696522,2026,15,16.0,67,9.9,0,9.0,0,6.2,14.8,Juenger,Hayden,0.13,-0.82,-2.03,0.53,-1.08,1.1,Hayden Juenger,hayden juenger
"Laweryson, Cody",689520,2026,15,16.2,66,10.3,1,4.86,2,7.8,20.3,Laweryson,Cody,0.26,0.45,-0.94,-0.55,-1.08,1.1,Cody Laweryson,cody laweryson
"Young, Brandon",687064,2026,28,156.2,596,9.1,0,3.56,0,7.4,24.3,Young,Brandon,-0.12,0.14,-0.14,-0.02,-0.11,5.6,Brandon Young,brandon young
"Senga, Kodai",673540,2026,31,61.1,237,14.5,8,7.34,0,6.0,29.1,Senga,Kodai,1.57,-0.98,0.82,-0.45,0.26,2.0,Kodai Senga,kodai senga
"Dollander, Chase",801403,2026,10,44.0,164,9.5,0,3.89,0,9.0,28.0,Dollander,Chase,0.01,1.41,0.6,-1.1,-0.36,4.4,Chase Dollander,chase dollander
"Waguespack, Jacob",621097,2026,34,45.2,153,10.2,0,2.56,5,7.9,25.4,Waguespack,Jacob,0.23,0.53,0.08,-0.59,-0.37,1.3,Jacob Waguespack,jacob waguespack
"Peterson, David",656849,2026,32,148.1,587,9.8,1,4.79,1,6.2,22.7,Peterson,David,0.1,-0.82,-0.46,0.56,0.07,4.6,David Peterson,david peterson
"McLean, Nolan",690997,2026,31,179.2,653,9.4,0,3.16,0,6.3,23.6,McLean,Nolan,-0.02,-0.74,-0.28,0.59,0.23,5.8,Nolan McLean,nolan mclean
"Murphy, Owen",702566,2026,5,12.0,52,5.4,0,6.0,0,11.3,19.2,Murphy,Owen,-1.27,3.25,-1.16,-1.53,-1.94,2.4,Owen Murphy,owen murphy
"McCambley, Zach",685112,2026,10,11.1,47,11.1,0,4.76,0,4.7,28.4,McCambley,Zach,0.51,-2.02,0.68,1.17,1.34,1.1,Zach McCambley,zach mccambley
"Assad, Javier",665871,2026,28,94.1,345,7.1,2,3.63,0,8.7,15.9,Assad,Javier,-0.74,1.17,-1.81,-0.34,-1.55,3.4,Javier Assad,javier assad
"Gómez, Yoendrys",672782,2026,64,66.0,250,13.3,22,4.36,7,6.6,26.4,Gómez,Yoendrys,1.19,-0.5,0.28,-0.53,-0.18,1.0,Yoendrys Gómez,yoendrys gomez
"Fulton, Dax",690978,2026,15,26.0,93,13.6,0,3.46,0,6.9,27.1,Fulton,Dax,1.29,-0.26,0.42,-0.79,-0.27,1.7,Dax Fulton,dax fulton
"Strzelecki, Peter",657265,2026,8,14.0,52,9.8,0,5.79,0,5.6,17.0,Strzelecki,Peter,0.1,-1.3,-1.59,0.93,-0.48,1.8,Peter Strzelecki,peter strzelecki
"Muñoz, Andrés",662253,2026,61,57.1,213,10.0,28,4.24,1,5.9,39.6,Muñoz,Andrés,0.17,-1.06,2.91,0.69,2.61,0.9,Andrés Muñoz,andres munoz
"Gore, MacKenzie",669022,2026,33,170.2,658,9.4,0,4.59,0,7.3,25.2,Gore,MacKenzie,-0.02,0.06,0.04,-0.03,0.01,5.2,MacKenzie Gore,mackenzie gore
"Burnes, Corbin",669203,2026,3,10.1,42,8.5,0,7.84,0,9.6,28.4,Burnes,Corbin,-0.3,1.89,0.68,-1.23,-0.4,3.4,Corbin Burnes,corbin burnes
"Murphy, Luke",684665,2026,21,19.2,76,12.5,0,6.86,5,5.3,22.1,Murphy,Luke,0.95,-1.54,-0.58,0.46,-0.08,0.9,Luke Murphy,luke murphy
"Fried, Max",608331,2026,20,112.2,394,7.6,0,2.8,0,7.1,25.0,Fried,Max,-0.58,-0.1,0.0,0.53,0.38,5.6,Max Fried,max fried
"Ralston, Jack",667652,2026,15,16.0,59,11.6,0,4.5,3,8.6,19.0,Ralston,Jack,0.66,1.09,-1.2,-1.36,-1.85,1.1,Jack Ralston,jack ralston
"Bibee, Tanner",676440,2026,32,182.0,689,7.2,0,4.35,0,7.8,23.4,Bibee,Tanner,-0.71,0.45,-0.32,0.2,-0.09,5.7,Tanner Bibee,tanner bibee
"Bednar, David",670280,2026,64,69.1,254,7.1,35,2.47,0,5.6,30.8,Bednar,David,-0.74,-1.3,1.16,1.58,1.98,1.1,David Bednar,david bednar
"Houser, Adrian",605288,2026,26,109.2,424,7.2,0,4.02,1,6.6,18.1,Houser,Adrian,-0.71,-0.5,-1.37,0.94,-0.32,4.2,Adrian Houser,adrian houser
"Hill, Jaden",677955,2026,45,38.2,149,13.0,2,5.35,13,8.0,28.0,Hill,Jaden,1.1,0.61,0.6,-1.33,-0.53,0.8,Jaden Hill,jaden hill
"Weaver, Luke",596133,2026,59,59.1,213,6.8,1,2.73,23,7.7,30.1,Weaver,Luke,-0.83,0.37,1.02,0.35,0.99,1.0,Luke Weaver,luke weaver
"Orze, Eric",679358,2026,36,41.1,159,11.1,1,5.66,7,6.8,21.8,Orze,Eric,0.51,-0.34,-0.64,-0.13,-0.55,1.1,Eric Orze,eric orze
"Topa, Justin",623437,2026,25,22.0,92,11.1,2,6.95,4,7.7,16.6,Topa,Justin,0.51,0.37,-1.67,-0.68,-1.7,0.9,Justin Topa,justin topa
"Hjerpe, Cooper",687309,2026,4,12.1,43,16.4,0,4.38,0,7.9,24.8,Hjerpe,Cooper,2.16,0.53,-0.04,-2.08,-1.54,3.0,Cooper Hjerpe,cooper hjerpe
"Sinclair, Jack",695378,2026,10,10.1,35,9.3,1,2.61,4,11.3,15.7,Sinclair,Jack,-0.05,3.25,-1.85,-2.47,-3.13,1.0,Jack Sinclair,jack sinclair
"Ohtani, Shohei",660271,2026,14,85.2,305,7.6,0,1.79,0,6.2,30.4,Ohtani,Shohei,-0.58,-0.82,1.08,1.09,1.56,6.1,Shohei Ohtani,shohei ohtani
"Alvarez, Andrew",674841,2026,25,112.2,415,10.8,1,3.43,2,6.7,26.4,Alvarez,Andrew,0.42,-0.42,0.28,0.01,0.21,4.5,Andrew Alvarez,andrew alvarez
"Zuber, Tyler",676604,2026,44,39.2,160,6.3,1,5.67,10,9.5,22.9,Zuber,Tyler,-0.99,1.81,-0.42,-0.64,-0.76,0.9,Tyler Zuber,tyler zuber
"Dobbins, Hunter",690928,2026,11,54.0,204,10.4,1,3.67,0,5.8,23.1,Dobbins,Hunter,0.29,-1.14,-0.38,0.66,0.2,4.9,Hunter Dobbins,hunter dobbins
"Garcia, Robert",676395,2026,18,16.2,56,13.8,0,2.7,5,6.5,25.0,Garcia,Robert,1.35,-0.58,0.0,-0.59,-0.43,0.9,Robert Garcia,robert garcia
"Ferguson, Tyler",621053,2026,18,18.2,71,5.1,0,5.3,4,7.5,28.5,Ferguson,Tyler,-1.36,0.22,0.7,0.89,1.15,1.0,Tyler Ferguson,tyler ferguson
"McGee, Easton",668834,2026,9,11.1,47,9.6,0,7.15,0,7.6,18.9,McGee,Easton,0.04,0.3,-1.22,-0.26,-1.07,1.2,Easton McGee,easton mcgee
"Hanifee, Brenan",669724,2026,23,21.1,84,7.5,0,5.06,3,9.0,14.4,Hanifee,Brenan,-0.61,1.41,-2.11,-0.62,-1.97,0.9,Brenan Hanifee,brenan hanifee
"Smith, Hagen",696146,2026,18,28.0,94,14.5,0,1.29,2,7.0,36.2,Smith,Hagen,1.57,-0.18,2.23,-1.07,0.84,1.6,Hagen Smith,hagen smith
"Yan, Jefry",642376,2026,18,20.1,77,15.6,0,4.87,1,7.9,35.3,Yan,Jefry,1.91,0.53,2.05,-1.89,0.12,1.1,Jefry Yan,jefry yan
"Hill, Tim",657612,2026,67,58.2,219,5.4,2,4.6,10,8.5,13.1,Hill,Tim,-1.27,1.01,-2.37,0.2,-1.57,0.9,Tim Hill,tim hill
"Latz, Jacob",656641,2026,57,71.0,242,8.6,30,2.15,3,5.9,31.5,Latz,Jacob,-0.27,-1.06,1.3,1.03,1.68,1.2,Jacob Latz,jacob latz
"Webb, Jacob",657097,2026,67,66.0,252,8.9,9,3.41,8,7.0,33.3,Webb,Jacob,-0.18,-0.18,1.66,0.28,1.4,1.0,Jacob Webb,jacob webb
"Joyce, Ben",690829,2026,16,15.1,51,14.8,5,4.11,2,6.6,31.5,Joyce,Ben,1.66,-0.5,1.3,-0.9,0.29,0.9,Ben Joyce,ben joyce
"Springs, Jeffrey",605488,2026,29,142.2,562,9.0,0,6.18,0,6.6,22.9,Springs,Jeffrey,-0.15,-0.5,-0.42,0.5,0.06,4.9,Jeffrey Springs,jeffrey springs
"Yarbrough, Ryan",642232,2026,38,63.1,239,8.6,3,3.69,2,7.1,25.0,Yarbrough,Ryan,-0.27,-0.1,0.0,0.29,0.21,1.7,Ryan Yarbrough,ryan yarbrough
"Kolek, Stephen",663568,2026,10,54.0,210,5.4,0,4.5,0,6.7,19.8,Kolek,Stephen,-1.27,-0.42,-1.04,1.31,0.2,5.4,Stephen Kolek,stephen kolek
"Wells, Tyler",669330,2026,57,72.0,251,6.5,6,2.38,15,7.2,30.6,Wells,Tyler,-0.93,-0.02,1.12,0.74,1.34,1.3,Tyler Wells,tyler wells
"Johnson, Pierce",572955,2026,56,48.2,189,9.0,1,4.62,8,8.0,24.0,Johnson,Pierce,-0.15,0.61,-0.2,-0.36,-0.41,0.9,Pierce Johnson,pierce johnson
"Ahlstrom, Robby",695239,2026,42,37.0,144,9.1,0,6.08,7,6.0,25.6,Ahlstrom,Robby,-0.12,-0.98,0.12,0.85,0.7,0.9,Robby Ahlstrom,robby ahlstrom
"Alcantara, Sandy",645261,2026,35,213.0,817,6.6,2,3.89,0,7.6,21.0,Alcantara,Sandy,-0.9,0.3,-0.8,0.46,-0.24,6.1,Sandy Alcantara,sandy alcantara
"Woo, Bryan",693433,2026,30,173.0,659,5.5,0,4.01,0,7.2,25.2,Woo,Bryan,-1.24,-0.02,0.04,0.98,0.74,5.8,Bryan Woo,bryan woo
"Sproat, Brandon",687075,2026,22,97.0,358,12.3,0,5.57,0,7.6,25.0,Sproat,Brandon,0.88,0.3,0.0,-0.91,-0.66,4.4,Brandon Sproat,brandon sproat
"Strider, Spencer",675911,2026,8,39.0,142,12.1,0,5.31,0,7.7,30.7,Strider,Spencer,0.82,0.37,1.14,-0.92,0.15,4.9,Spencer Strider,spencer strider
"Dobnak, Randy",677976,2026,15,74.1,286,8.1,0,3.51,0,5.1,19.1,Dobnak,Randy,-0.43,-1.7,-1.18,1.65,0.34,4.9,Randy Dobnak,randy dobnak
"Stewart, Brock",592779,2026,27,25.2,89,9.2,1,2.45,8,5.8,28.4,Stewart,Brock,-0.08,-1.14,0.68,0.95,1.18,0.9,Brock Stewart,brock stewart
"Cole, Gerrit",543037,2026,22,127.0,490,4.8,0,3.61,0,8.2,21.3,Cole,Gerrit,-1.46,0.77,-0.74,0.53,-0.15,5.8,Gerrit Cole,gerrit cole
"Harris, Hogan",663687,2026,74,70.1,262,13.5,17,3.33,13,9.4,25.3,Harris,Hogan,1.26,1.73,0.06,-2.31,-1.63,0.9,Hogan Harris,hogan harris
"Kuhnel, Joel",669270,2026,44,44.0,174,8.6,8,4.5,6,8.2,22.7,Kuhnel,Joel,-0.27,0.77,-0.46,-0.39,-0.61,1.0,Joel Kuhnel,joel kuhnel
"Anderson, Jack",681252,2026,7,12.1,45,6.3,1,2.19,0,8.3,30.5,Anderson,Jack,-0.99,0.85,1.1,0.1,0.87,1.7,Jack Anderson,jack anderson
"Carrillo, Gerardo",672629,2026,13,17.1,63,19.8,0,4.15,0,5.4,28.8,Carrillo,Gerardo,3.22,-1.46,0.76,-1.36,-0.44,1.3,Gerardo Carrillo,gerardo carrillo
"De Jesus, Enmanuel",646241,2026,30,42.1,159,8.4,1,3.83,0,4.9,24.2,De Jesus,Enmanuel,-0.33,-1.86,-0.16,1.7,1.11,1.4,Enmanuel De Jesus,enmanuel de jesus
"Voth, Austin",608723,2026,3,10.0,48,10.7,0,9.9,0,4.2,15.6,Voth,Austin,0.38,-2.42,-1.87,1.57,-0.22,3.3,Austin Voth,austin voth
"Akin, Keegan",669211,2026,24,25.1,102,7.9,0,5.68,0,7.9,19.3,Akin,Keegan,-0.49,0.53,-1.14,-0.03,-0.85,1.0,Keegan Akin,keegan akin
"Gusto, Ryan",687473,2026,23,88.0,357,7.1,0,4.09,1,9.3,20.7,Gusto,Ryan,-0.74,1.65,-0.86,-0.71,-1.13,3.8,Ryan Gusto,ryan gusto
"Liberatore, Matthew",669461,2026,31,155.0,607,8.2,0,5.23,0,7.5,23.9,Liberatore,Matthew,-0.4,0.22,-0.22,0.14,-0.06,5.0,Matthew Liberatore,matthew liberatore
"Fulmer, Michael",605242,2026,15,13.2,52,13.1,0,3.29,2,8.0,36.7,Fulmer,Michael,1.13,0.61,2.33,-1.35,0.71,0.9,Michael Fulmer,michael fulmer
"Corbin, Patrick",571578,2026,19,80.0,325,6.9,1,5.51,0,5.5,21.1,Corbin,Patrick,-0.8,-1.38,-0.78,1.69,0.66,4.2,Patrick Corbin,patrick corbin
"Klein, Will",694361,2026,36,41.2,165,11.1,2,3.67,12,8.3,23.9,Klein,Will,0.51,0.85,-0.22,-1.05,-0.92,1.1,Will Klein,will klein
"Montgomery, Mason",682254,2026,68,67.0,242,9.6,17,2.55,9,9.2,32.7,Montgomery,Mason,0.04,1.57,1.54,-1.25,0.21,1.0,Mason Montgomery,mason montgomery
"Morán, Jovani",663558,2026,49,65.0,230,11.9,0,3.18,5,7.1,32.2,Morán,Jovani,0.76,-0.1,1.44,-0.51,0.67,1.3,Jovani Morán,jovani moran
"Brieske, Beau",689225,2026,17,22.2,85,6.6,0,4.76,1,9.5,21.2,Brieske,Beau,-0.9,1.81,-0.76,-0.71,-1.06,1.3,Beau Brieske,beau brieske
"Jump, Gage",695611,2026,20,98.2,382,10.5,0,5.47,0,8.4,25.2,Jump,Gage,0.32,0.93,0.04,-0.97,-0.67,4.9,Gage Jump,gage jump
"Smith, Cade",671922,2026,68,73.1,261,7.8,41,1.96,0,6.6,34.6,Smith,Cade,-0.52,-0.5,1.91,0.79,1.96,1.1,Cade Smith,cade smith
"Duarte, Daniel",650960,2026,24,29.2,104,6.3,2,2.12,6,7.1,22.5,Duarte,Daniel,-0.99,-0.1,-0.5,0.85,0.25,1.2,Daniel Duarte,daniel duarte
"Rojas, Kendry",696070,2026,12,29.2,104,16.9,0,3.34,1,4.6,28.1,Rojas,Kendry,2.32,-2.1,0.62,-0.17,0.33,2.4,Kendry Rojas,kendry rojas
"Lodolo, Nick",666157,2026,21,108.2,412,9.5,0,4.97,0,6.8,21.5,Lodolo,Nick,0.01,-0.34,-0.7,0.26,-0.32,5.2,Nick Lodolo,nick lodolo
"Mautz, Brycen",802408,2026,8,15.1,61,14.7,0,5.87,0,6.3,32.6,Mautz,Brycen,1.63,-0.74,1.52,-0.69,0.6,1.9,Brycen Mautz,brycen mautz
"Uribe, Abner",682842,2026,61,59.1,211,8.1,6,1.97,23,7.5,26.8,Uribe,Abner,-0.43,0.22,0.36,0.16,0.38,1.0,Abner Uribe,abner uribe
"Detmers, Reid",672282,2026,32,185.0,677,6.5,0,3.36,0,7.9,29.1,Detmers,Reid,-0.93,0.53,0.82,0.3,0.81,5.8,Reid Detmers,reid detmers
"Holmes, Clay",605280,2026,18,101.1,371,10.0,0,3.29,0,7.3,21.9,Holmes,Clay,0.17,0.06,-0.62,-0.17,-0.57,5.6,Clay Holmes,clay holmes
"Cosgrove, Tom",676680,2026,18,16.1,62,8.1,1,7.71,3,9.7,16.8,Cosgrove,Tom,-0.43,1.97,-1.63,-1.19,-2.04,0.9,Tom Cosgrove,tom cosgrove
"Williams, Gavin",668909,2026,32,184.1,675,8.2,0,3.76,0,8.3,32.8,Williams,Gavin,-0.4,0.85,1.56,-0.35,0.87,5.8,Gavin Williams,gavin williams
"Schweitzer, Tyler",805326,2026,18,37.1,141,7.8,1,3.13,2,7.8,21.3,Schweitzer,Tyler,-0.52,0.45,-0.74,0.05,-0.5,2.1,Tyler Schweitzer,tyler schweitzer
"Crochet, Garrett",676979,2026,6,30.0,122,8.0,0,6.3,0,6.8,24.0,Crochet,Garrett,-0.46,-0.34,-0.2,0.62,0.3,5.0,Garrett Crochet,garrett crochet
"Drake, Kohl",684442,2026,5,20.2,82,7.4,0,6.53,0,6.5,22.0,Drake,Kohl,-0.65,-0.58,-0.6,0.95,0.26,4.0,Kohl Drake,kohl drake
"Samaniego, Tyler",701719,2026,20,20.1,77,8.9,0,2.66,1,6.1,21.6,Samaniego,Tyler,-0.18,-0.9,-0.68,0.84,0.11,1.0,Tyler Samaniego,tyler samaniego
"Erceg, Lucas",668674,2026,51,47.1,183,14.3,12,5.7,5,7.1,21.0,Erceg,Lucas,1.51,-0.1,-0.8,-1.08,-1.36,0.9,Lucas Erceg,lucas erceg
"Rogers, Taylor",573124,2026,64,59.1,232,11.4,2,4.4,9,7.2,18.8,Rogers,Taylor,0.6,-0.02,-1.24,-0.45,-1.22,0.9,Taylor Rogers,taylor rogers
"Perales, Luis",691384,2026,6,11.0,47,21.7,0,11.45,0,8.4,33.6,Perales,Luis,3.81,0.93,1.72,-3.67,-1.41,1.8,Luis Perales,luis perales
"Mejia, Juan",675848,2026,65,70.0,274,12.4,4,5.27,9,7.5,23.7,Mejia,Juan,0.91,0.22,-0.26,-0.87,-0.82,1.1,Juan Mejia,juan mejia
"Wacha, Michael",608379,2026,31,194.1,722,6.7,0,3.33,0,8.6,21.8,Wacha,Michael,-0.86,1.09,-0.64,-0.18,-0.59,6.3,Michael Wacha,michael wacha
"Legumina, Casey",668984,2026,54,70.2,265,6.3,0,3.82,7,8.1,20.9,Legumina,Casey,-0.99,0.69,-0.82,0.23,-0.43,1.3,Casey Legumina,casey legumina
"Crow, Coleman",689441,2026,5,18.2,76,7.1,0,5.3,0,8.8,16.3,Crow,Coleman,-0.74,1.25,-1.73,-0.4,-1.54,3.6,Coleman Crow,coleman crow
"Davila, Nick",689546,2026,24,27.1,100,10.9,1,4.94,2,7.2,15.8,Davila,Nick,0.45,-0.02,-1.83,-0.33,-1.56,1.1,Nick Davila,nick davila
"Hader, Josh",623352,2026,45,44.2,152,9.0,26,1.01,0,7.2,34.2,Hader,Josh,-0.15,-0.02,1.83,0.13,1.42,1.0,Josh Hader,josh hader
"Rodriguez, Grayson",680570,2026,20,98.2,387,9.7,0,6.02,0,8.0,23.9,Rodriguez,Grayson,0.07,0.61,-0.22,-0.53,-0.54,4.9,Grayson Rodriguez,grayson rodriguez
"Anderson, Grant",681982,2026,52,59.0,210,9.8,0,3.36,5,7.9,25.4,Anderson,Grant,0.1,0.53,0.08,-0.49,-0.3,1.1,Grant Anderson,grant anderson
"Sears, JP",676664,2026,8,32.2,128,7.7,0,4.68,0,7.6,20.7,Sears,JP,-0.55,0.3,-0.86,0.2,-0.48,4.0,JP Sears,jp sears
"Lynch IV, Daniel",663738,2026,55,80.2,302,7.8,1,4.13,13,7.3,22.5,Lynch IV,Daniel,-0.52,0.06,-0.5,0.36,-0.1,1.5,Daniel Lynch IV,daniel lynch
"Holmes, Grant",656550,2026,31,151.2,570,9.7,0,3.44,0,6.6,27.3,Holmes,Grant,0.07,-0.5,0.46,0.33,0.57,4.9,Grant Holmes,grant holmes
"Henderson, Logan",701656,2026,18,98.1,350,5.1,0,2.47,0,9.6,26.5,Henderson,Logan,-1.36,1.89,0.3,-0.41,-0.08,5.4,Logan Henderson,logan henderson
"Englert, Mason",669438,2026,15,39.1,166,5.0,1,5.95,0,6.8,24.2,Englert,Mason,-1.39,-0.34,-0.16,1.34,0.86,2.6,Mason Englert,mason englert
"Quantrill, Cal",615698,2026,32,110.0,409,5.6,0,2.86,0,6.6,19.6,Quantrill,Cal,-1.21,-0.5,-1.08,1.32,0.18,3.4,Cal Quantrill,cal quantrill
"Banda, Anthony",607455,2026,39,34.1,132,9.6,2,4.46,10,6.4,26.7,Banda,Anthony,0.04,-0.66,0.34,0.48,0.59,0.9,Anthony Banda,anthony banda
"Abbott, Andrew",671096,2026,32,166.0,643,10.4,0,4.61,0,6.6,22.4,Abbott,Andrew,0.29,-0.5,-0.52,0.16,-0.25,5.2,Andrew Abbott,andrew abbott
"Baz, Shane",669358,2026,31,179.2,684,8.2,0,4.11,0,7.3,21.5,Baz,Shane,-0.4,0.06,-0.7,0.26,-0.31,5.8,Shane Baz,shane baz
"Watson, Ryan",670245,2026,53,72.0,277,7.5,4,4.0,8,7.8,25.5,Watson,Ryan,-0.61,0.45,0.1,0.12,0.16,1.4,Ryan Watson,ryan watson
"Ekness, Josh",694795,2026,29,29.2,106,15.3,1,3.34,2,9.0,21.5,Ekness,Josh,1.82,1.41,-0.7,-2.5,-2.31,1.0,Josh Ekness,josh ekness
"Thornton, Trent",663423,2026,48,48.1,175,8.7,3,3.35,6,7.2,20.6,Thornton,Trent,-0.24,-0.02,-0.88,0.2,-0.49,1.0,Trent Thornton,trent thornton
"Vesia, Alex",681911,2026,70,56.0,198,13.9,3,2.73,20,7.7,32.8,Vesia,Alex,1.38,0.37,1.56,-1.36,0.14,0.8,Alex Vesia,alex vesia
"Black, Mason",696131,2026,17,31.1,119,14.1,0,4.31,0,8.1,18.5,Black,Mason,1.44,0.69,-1.29,-1.65,-2.13,1.8,Mason Black,mason black
"Knack, Landon",689017,2026,4,11.2,46,4.0,1,3.86,0,12.3,20.9,Knack,Landon,-1.71,4.05,-0.82,-1.81,-1.9,2.8,Landon Knack,landon knack
"Early, Connelly",813349,2026,17,91.2,344,8.7,0,3.44,0,7.5,23.7,Early,Connelly,-0.24,0.22,-0.26,0.02,-0.17,5.4,Connelly Early,connelly early
"Bachman, Sam",696147,2026,44,48.2,184,13.4,1,4.81,17,7.1,33.3,Bachman,Sam,1.23,-0.1,1.66,-0.87,0.57,1.1,Sam Bachman,sam bachman
"Ureña, Walbert",700712,2026,29,148.1,544,10.9,0,2.97,1,6.5,27.7,Ureña,Walbert,0.45,-0.58,0.54,0.11,0.47,5.1,Walbert Ureña,walbert urena
"Bernardino, Brennan",657514,2026,73,62.2,234,5.7,2,2.87,13,6.8,22.1,Bernardino,Brennan,-1.18,-0.34,-0.58,1.18,0.43,0.9,Brennan Bernardino,brennan bernardino
"Varland, Gus",681402,2026,34,33.0,136,9.7,6,6.55,6,7.6,21.8,Varland,Gus,0.07,0.3,-0.64,-0.28,-0.67,1.0,Gus Varland,gus varland
"Treinen, Blake",595014,2026,36,29.2,114,10.0,1,3.64,6,7.1,24.9,Treinen,Blake,0.17,-0.1,-0.02,-0.05,-0.05,0.8,Blake Treinen,blake treinen
"Lawrence, Justin",664875,2026,37,34.1,142,15.8,1,7.34,2,7.7,26.3,Lawrence,Justin,1.97,0.37,0.26,-1.82,-1.13,0.9,Justin Lawrence,justin lawrence
"Bidois, Brandan",684049,2026,15,15.2,64,15.0,0,6.32,0,9.2,37.7,Bidois,Brandan,1.73,1.57,2.53,-2.55,-0.01,1.0,Brandan Bidois,brandan bidois
"Jobe, Jackson",695549,2026,9,46.0,171,8.3,0,3.91,0,7.1,25.3,Jobe,Jackson,-0.36,-0.1,0.06,0.36,0.31,5.1,Jackson Jobe,jackson jobe
"Yamamoto, Yoshinobu",808967,2026,28,185.0,655,5.9,0,2.53,0,6.7,27.9,Yamamoto,Yoshinobu,-1.11,-0.42,0.58,1.19,1.28,6.6,Yoshinobu Yamamoto,yoshinobu yamamoto
"Bradford, Cody",674003,2026,9,43.0,174,5.3,0,4.19,0,8.6,17.8,Bradford,Cody,-1.3,1.09,-1.43,0.16,-0.92,4.8,Cody Bradford,cody bradford
"Jameson, Drey",686753,2026,12,19.1,74,11.6,0,5.12,0,7.8,27.1,Jameson,Drey,0.66,0.45,0.42,-0.87,-0.32,1.6,Drey Jameson,drey jameson
"Allen, Logan",671106,2026,7,16.2,72,7.4,0,5.94,0,8.6,19.7,Allen,Logan,-0.65,1.09,-1.06,-0.35,-1.01,2.3,Logan Allen,logan allen
"Bummer, Aaron",607481,2026,21,16.2,74,12.5,0,10.26,5,10.1,19.5,Bummer,Aaron,0.95,2.29,-1.1,-2.5,-2.6,0.8,Aaron Bummer,aaron bummer
"Morillo, Juan",666661,2026,68,63.1,226,8.9,3,2.13,19,6.6,29.6,Morillo,Juan,-0.18,-0.5,0.92,0.53,1.04,0.9,Juan Morillo,juan morillo
"Hoffman, Nolan",676510,2026,14,14.1,52,9.4,0,3.77,3,5.0,23.0,Hoffman,Nolan,-0.02,-1.78,-0.4,1.39,0.72,1.0,Nolan Hoffman,nolan hoffman
"Winquest, Cade",685464,2026,10,12.2,43,11.5,0,4.26,1,6.2,28.0,Winquest,Cade,0.63,-0.82,0.6,0.15,0.54,1.2,Cade Winquest,cade winquest
"Miles, Spencer",693686,2026,48,94.2,354,6.3,2,2.57,4,8.6,18.8,Miles,Spencer,-0.99,1.09,-1.24,-0.08,-0.95,2.0,Spencer Miles,spencer miles
"deGrom, Jacob",594798,2026,31,162.2,615,6.9,0,4.2,0,6.0,33.2,deGrom,Jacob,-0.8,-0.98,1.64,1.38,2.18,5.2,Jacob deGrom,jacob degrom
"Estrada, Jeremiah",669093,2026,33,31.0,109,12.7,1,3.48,12,7.2,31.7,Estrada,Jeremiah,1.01,-0.02,1.34,-0.76,0.42,0.9,Jeremiah Estrada,jeremiah estrada
"Ober, Bailey",641927,2026,24,126.0,495,6.7,1,4.21,0,8.4,19.9,Ober,Bailey,-0.86,0.93,-1.02,-0.05,-0.77,5.2,Bailey Ober,bailey ober
"Ritchie, JR",702275,2026,16,67.2,251,13.7,1,4.79,2,7.0,23.8,Ritchie,JR,1.32,-0.18,-0.24,-0.88,-0.81,4.2,JR Ritchie,jr ritchie
"Woodruff, Brandon",605540,2026,9,45.1,161,5.7,0,2.98,0,9.1,23.6,Woodruff,Brandon,-1.18,1.49,-0.28,-0.25,-0.38,5.0,Brandon Woodruff,brandon woodruff
"Hicks, Jordan",663855,2026,52,47.0,177,15.5,1,4.02,10,6.7,27.8,Hicks,Jordan,1.88,-0.42,0.56,-1.13,-0.41,0.9,Jordan Hicks,jordan hicks
"Dion, Will",702021,2026,26,47.2,175,8.3,1,3.78,1,7.2,27.6,Dion,Will,-0.36,-0.02,0.52,0.3,0.59,1.8,Will Dion,will dion
"Doval, Camilo",666808,2026,64,58.2,222,12.0,1,4.3,8,6.2,27.6,Doval,Camilo,0.79,-0.82,0.52,0.03,0.39,0.9,Camilo Doval,camilo doval
"López, Reynaldo",625643,2026,26,79.1,307,9.8,0,4.54,1,7.2,22.3,López,Reynaldo,0.1,-0.02,-0.54,-0.06,-0.43,3.0,Reynaldo López,reynaldo lopez
"Svanson, Matt",694335,2026,41,43.1,180,10.1,0,7.27,2,8.4,18.8,Svanson,Matt,0.2,0.93,-1.24,-0.87,-1.52,1.1,Matt Svanson,matt svanson
"Thomas, Connor",671162,2026,18,24.1,100,7.9,0,7.4,4,6.6,21.2,Thomas,Connor,-0.49,-0.5,-0.76,0.77,0.01,1.3,Connor Thomas,connor thomas
"Bender, Anthony",669622,2026,35,34.1,124,8.6,2,2.62,8,10.0,24.0,Bender,Anthony,-0.27,2.21,-0.2,-1.5,-1.23,1.0,Anthony Bender,anthony bender
"McFarlane, Alex",686934,2026,18,18.0,65,9.6,0,2.0,5,4.1,27.9,McFarlane,Alex,0.04,-2.5,0.58,1.9,1.79,1.0,Alex McFarlane,alex mcfarlane
"Junk, Janson",676083,2026,25,119.0,464,6.3,0,4.31,1,7.5,15.2,Junk,Janson,-0.99,0.22,-1.95,0.6,-0.98,4.8,Janson Junk,janson junk
"Cuas, Jose",621016,2026,23,22.1,87,14.6,0,2.42,5,5.3,27.6,Cuas,Jose,1.6,-1.54,0.52,-0.05,0.34,1.0,Jose Cuas,jose cuas
"Schreiber, John",670167,2026,66,60.1,216,10.6,2,3.28,14,6.9,20.9,Schreiber,John,0.35,-0.26,-0.82,-0.07,-0.64,0.9,John Schreiber,john schreiber
"Ginkel, Kevin",656464,2026,72,66.2,247,5.9,3,4.19,11,6.4,29.4,Ginkel,Kevin,-1.11,-0.66,0.88,1.37,1.63,0.9,Kevin Ginkel,kevin ginkel
"Keller, Mitch",656605,2026,22,115.2,451,8.3,0,5.29,0,8.0,20.5,Keller,Mitch,-0.36,0.61,-0.9,-0.19,-0.79,5.2,Mitch Keller,mitch keller
"Schultz, Paxton",687606,2026,27,32.1,137,7.8,1,6.4,0,5.9,18.7,Schultz,Paxton,-0.52,-1.06,-1.25,1.22,-0.02,1.2,Paxton Schultz,paxton schultz
"Sanmartin, Reiver",665665,2026,24,21.1,85,7.5,0,4.22,4,5.5,22.4,Sanmartin,Reiver,-0.61,-1.38,-0.52,1.54,0.74,0.9,Reiver Sanmartin,reiver sanmartin
"Suarez, José",660761,2026,45,61.1,242,9.7,1,5.87,3,7.0,26.7,Suarez,José,0.07,-0.18,0.34,0.09,0.31,1.4,José Suarez,jose suarez
"Cano, Yennier",666974,2026,68,49.2,187,5.9,3,2.9,14,7.3,25.7,Cano,Yennier,-1.11,0.06,0.14,0.82,0.69,0.7,Yennier Cano,yennier cano
"Bachar, Lake",669199,2026,52,85.0,307,10.2,2,3.49,2,7.2,29.7,Bachar,Lake,0.23,-0.02,0.94,-0.16,0.56,1.6,Lake Bachar,lake bachar
"Murray, Jayden",681151,2026,10,16.1,69,11.4,0,9.37,0,4.3,27.7,Murray,Jayden,0.6,-2.34,0.54,1.34,1.36,1.6,Jayden Murray,jayden murray
"Espino, Daniel",682982,2026,14,15.1,58,10.8,0,4.11,1,8.4,36.8,Espino,Daniel,0.42,0.93,2.35,-1.04,0.95,1.1,Daniel Espino,daniel espino
"Brogdon, Connor",641401,2026,16,16.0,63,4.3,1,5.06,4,4.3,26.1,Brogdon,Connor,-1.61,-2.34,0.22,3.06,2.37,1.0,Connor Brogdon,connor brogdon
"Canning, Griffin",656288,2026,29,85.2,328,10.6,0,5.57,1,6.2,25.9,Canning,Griffin,0.35,-0.82,0.18,0.36,0.39,2.9,Griffin Canning,griffin canning
"Peralta, Freddy",642547,2026,32,169.0,652,8.6,0,4.42,0,6.5,26.1,Peralta,Freddy,-0.27,-0.58,0.22,0.66,0.64,5.3,Freddy Peralta,freddy peralta
"Sánchez, Cristopher",650911,2026,33,207.0,800,5.3,0,2.91,0,6.7,31.3,Sánchez,Cristopher,-1.3,-0.42,1.26,1.33,1.87,6.3,Cristopher Sánchez,cristopher sanchez
"King, Bryan",687911,2026,59,59.2,240,8.1,6,5.28,12,9.2,18.1,King,Bryan,-0.43,1.57,-1.37,-0.89,-1.63,1.0,Bryan King,bryan king
"Bowlan, Jonathan",680742,2026,59,56.1,208,6.6,2,3.36,14,7.8,31.3,Bowlan,Jonathan,-0.9,0.45,1.26,0.34,1.15,1.0,Jonathan Bowlan,jonathan bowlan
"Santillan, Tony",663574,2026,44,40.2,156,14.7,5,6.42,11,6.3,22.9,Santillan,Tony,1.63,-0.74,-0.42,-0.69,-0.8,0.9,Tony Santillan,tony santillan
"Marte, Yunior",805074,2026,5,24.1,93,9.7,0,4.44,0,8.9,20.1,Marte,Yunior,0.07,1.33,-0.98,-1.09,-1.49,4.8,Yunior Marte,yunior marte
"Alvarado, Elvis",665660,2026,55,54.0,197,11.1,6,4.0,9,8.0,31.0,Alvarado,Elvis,0.51,0.61,1.2,-0.87,0.24,1.0,Elvis Alvarado,elvis alvarado
"Imanaga, Shota",684007,2026,31,173.1,656,5.3,0,3.74,0,6.3,29.6,Imanaga,Shota,-1.3,-0.74,0.92,1.58,1.81,5.6,Shota Imanaga,shota imanaga
"Pomeranz, Drew",519141,2026,31,29.0,115,11.9,0,5.59,8,7.1,17.6,Pomeranz,Drew,0.76,-0.1,-1.47,-0.51,-1.43,0.9,Drew Pomeranz,drew pomeranz
"Pfaadt, Brandon",694297,2026,29,136.0,520,5.7,0,3.77,2,7.4,21.3,Pfaadt,Brandon,-1.18,0.14,-0.74,0.8,0.05,4.7,Brandon Pfaadt,brandon pfaadt
"Winn, Keaton",676775,2026,44,43.0,153,9.7,1,3.35,14,7.3,23.0,Winn,Keaton,0.07,0.06,-0.4,-0.1,-0.36,1.0,Keaton Winn,keaton winn
"Romero, JoJo",668941,2026,54,54.2,209,7.7,0,3.46,22,5.1,21.9,Romero,JoJo,-0.55,-1.7,-0.62,1.74,0.81,1.0,JoJo Romero,jojo romero
"Okert, Steven",595345,2026,68,67.2,237,5.4,0,2.13,21,7.8,30.9,Okert,Steven,-1.27,0.45,1.18,0.63,1.31,1.0,Steven Okert,steven okert
"McClanahan, Shane",663556,2026,24,118.0,441,8.0,0,3.36,0,8.4,26.8,McClanahan,Shane,-0.46,0.93,0.36,-0.37,-0.01,4.9,Shane McClanahan,shane mcclanahan
"Sugano, Tomoyuki",608372,2026,29,154.1,606,5.5,0,5.37,0,7.5,19.6,Sugano,Tomoyuki,-1.24,0.22,-1.08,0.79,-0.21,5.3,Tomoyuki Sugano,tomoyuki sugano
"Martinez, Justin",679885,2026,13,12.0,39,12.8,0,0.0,2,3.6,28.2,Martinez,Justin,1.04,-2.9,0.64,1.44,1.5,0.9,Justin Martinez,justin martinez
"Helsley, Ryan",664854,2026,17,15.1,59,13.2,8,4.11,0,8.1,37.9,Helsley,Ryan,1.16,0.69,2.57,-1.44,0.82,0.9,Ryan Helsley,ryan helsley
"Kerry, Brett",695049,2026,3,13.2,52,3.7,0,3.95,0,3.8,26.7,Kerry,Brett,-1.8,-2.74,0.34,3.51,2.78,4.4,Brett Kerry,brett kerry
"Gasser, Robert",688107,2026,21,109.1,415,7.4,0,3.87,0,7.9,22.5,Gasser,Robert,-0.65,0.53,-0.5,0.09,-0.3,5.2,Robert Gasser,robert gasser
"Kilian, Caleb",668873,2026,49,47.2,181,10.5,8,4.91,4,7.1,27.9,Kilian,Caleb,0.32,-0.1,0.58,-0.17,0.3,1.0,Caleb Kilian,caleb kilian
"Singer, Brady",663903,2026,31,157.0,638,8.6,0,5.85,0,6.2,23.9,Singer,Brady,-0.27,-0.82,-0.22,0.85,0.45,5.1,Brady Singer,brady singer
"Anderson, Kade",807739,2026,6,32.1,121,6.1,0,4.18,0,9.1,23.5,Anderson,Kade,-1.05,1.49,-0.3,-0.34,-0.46,5.4,Kade Anderson,kade anderson
"Buehler, Walker",621111,2026,31,150.0,569,8.8,0,4.56,0,8.2,19.5,Buehler,Walker,-0.21,0.77,-1.1,-0.44,-1.11,4.8,Walker Buehler,walker buehler
"Hollowell, Gavin",668970,2026,15,14.2,54,14.1,1,2.45,1,6.6,27.5,Hollowell,Gavin,1.44,-0.5,0.5,-0.73,-0.17,0.9,Gavin Hollowell,gavin hollowell
"Barlow, Scott",605130,2026,36,33.1,124,13.1,2,6.48,10,5.3,33.1,Barlow,Scott,1.13,-1.54,1.62,0.32,1.4,0.9,Scott Barlow,scott barlow
"Kent, Zak",687849,2026,11,16.1,68,10.4,0,5.51,0,6.8,21.1,Kent,Zak,0.29,-0.34,-0.78,0.04,-0.53,1.5,Zak Kent,zak kent
"Pivetta, Nick",601713,2026,8,34.2,131,5.7,0,2.86,0,6.6,22.8,Pivetta,Nick,-1.18,-0.5,-0.44,1.3,0.62,4.3,Nick Pivetta,nick pivetta
"Morgan, David",688158,2026,31,32.1,127,13.4,0,3.9,3,7.4,30.1,Morgan,David,1.23,0.14,1.02,-1.05,-0.03,1.0,David Morgan,david morgan
"Saucedo, Tayler",642048,2026,28,21.1,75,8.0,0,2.53,11,7.6,37.2,Saucedo,Tayler,-0.46,0.3,2.43,0.13,1.85,0.8,Tayler Saucedo,tayler saucedo
"De los Santos, Yerry",660787,2026,16,22.0,84,8.5,0,2.05,0,10.1,16.0,De los Santos,Yerry,-0.3,2.29,-1.79,-1.54,-2.41,1.4,Yerry De los Santos,yerry de los santos
"Ribalta, Orlando",687377,2026,45,43.0,157,10.1,2,3.77,12,6.0,26.7,Ribalta,Orlando,0.2,-0.98,0.34,0.61,0.69,1.0,Orlando Ribalta,orlando ribalta
"Thielbar, Caleb",573204,2026,58,50.0,191,8.1,3,4.86,7,9.6,28.9,Thielbar,Caleb,-0.43,1.89,0.78,-1.13,-0.26,0.9,Caleb Thielbar,caleb thielbar
"Pagán, Emilio",641941,2026,45,42.2,155,6.3,25,3.38,0,7.3,25.9,Pagán,Emilio,-0.99,0.06,0.18,0.72,0.65,0.9,Emilio Pagán,emilio pagan
"Weisenburger, Jack",674073,2026,7,12.2,45,8.0,0,2.13,0,7.8,26.0,Weisenburger,Jack,-0.46,0.45,0.2,0.0,0.15,1.7,Jack Weisenburger,jack weisenburger
"Vásquez, Randy",681190,2026,31,134.2,517,6.5,0,4.01,2,8.9,19.1,Vásquez,Randy,-0.93,1.33,-1.18,-0.31,-1.08,4.3,Randy Vásquez,randy vasquez
"Kremer, Dean",665152,2026,16,83.1,308,8.5,0,4.97,0,6.9,28.7,Kremer,Dean,-0.3,-0.26,0.74,0.44,0.85,5.2,Dean Kremer,dean kremer
"Walker, Ryan",676254,2026,33,32.2,129,12.3,3,7.16,5,8.2,14.9,Walker,Ryan,0.88,0.77,-2.01,-1.28,-2.38,1.0,Ryan Walker,ryan walker
"Díaz, Edwin",621242,2026,20,17.2,78,11.8,7,9.17,0,8.6,24.9,Díaz,Edwin,0.73,1.09,-0.02,-1.41,-1.03,0.9,Edwin Díaz,edwin diaz
"Hughes, Gabriel",687312,2026,14,64.0,251,8.5,1,6.33,0,7.1,20.7,Hughes,Gabriel,-0.3,-0.1,-0.86,0.31,-0.39,4.6,Gabriel Hughes,gabriel hughes
"Kikuchi, Yusei",579328,2026,13,62.2,245,10.3,0,4.88,0,8.9,23.9,Kikuchi,Yusei,0.26,1.33,-0.22,-1.23,-1.05,4.8,Yusei Kikuchi,yusei kikuchi
"Fluharty, Mason",689254,2026,82,61.2,227,10.7,1,3.36,19,7.0,28.9,Fluharty,Mason,0.38,-0.18,0.78,-0.15,0.45,0.7,Mason Fluharty,mason fluharty
"Alvarado, José",621237,2026,67,58.0,231,10.4,1,5.43,16,6.2,27.3,Alvarado,José,0.29,-0.82,0.46,0.41,0.63,0.9,José Alvarado,jose alvarado
"Jax, Griffin",643377,2026,33,109.1,402,7.8,0,3.62,2,6.9,30.1,Jax,Griffin,-0.52,-0.26,1.02,0.61,1.17,3.3,Griffin Jax,griffin jax
"Morales, Luis",806960,2026,5,16.0,74,15.6,0,13.5,0,6.4,18.5,Morales,Luis,1.91,-0.66,-1.29,-0.97,-1.63,3.2,Luis Morales,luis morales
"Woodford, Jake",663765,2026,19,27.2,122,6.0,1,7.81,0,6.2,20.6,Woodford,Jake,-1.08,-0.82,-0.88,1.47,0.43,1.4,Jake Woodford,jake woodford
"Peralta, Wandy",593974,2026,65,77.1,292,7.2,0,3.61,4,6.3,22.3,Peralta,Wandy,-0.71,-0.74,-0.54,1.12,0.42,1.2,Wandy Peralta,wandy peralta
"Mantiply, Joe",573009,2026,25,27.0,102,4.5,0,3.0,1,7.5,16.8,Mantiply,Joe,-1.55,0.22,-1.63,1.03,-0.43,1.1,Joe Mantiply,joe mantiply
"Anderson, Drew",623454,2026,49,108.0,403,9.6,2,3.67,6,7.1,27.0,Anderson,Drew,0.04,-0.1,0.4,0.05,0.32,2.2,Drew Anderson,drew anderson
"Loáisiga, Jonathan",642528,2026,66,65.0,235,4.7,2,2.22,10,7.2,23.2,Loáisiga,Jonathan,-1.49,-0.02,-0.36,1.17,0.59,1.0,Jonathan Loáisiga,jonathan loaisiga
"Weathers, Ryan",677960,2026,25,137.1,523,6.7,0,3.6,0,6.1,27.0,Weathers,Ryan,-0.86,-0.9,0.4,1.37,1.28,5.5,Ryan Weathers,ryan weathers
"Vargas, Carlos",672841,2026,15,17.1,68,4.0,0,5.19,1,7.9,17.1,Vargas,Carlos,-1.71,0.53,-1.57,0.91,-0.48,1.1,Carlos Vargas,carlos vargas
"Sheehan, Emmet",686218,2026,23,112.1,426,7.0,0,4.57,0,7.8,31.6,Sheehan,Emmet,-0.77,0.45,1.32,0.24,1.13,4.9,Emmet Sheehan,emmet sheehan
"Garcia, Brandyn",805299,2026,56,50.1,169,5.9,5,1.97,18,9.9,27.2,Garcia,Brandyn,-1.11,2.13,0.44,-0.79,-0.25,0.9,Brandyn Garcia,brandyn garcia
"Garcia, Rico",670329,2026,75,67.0,239,8.3,10,3.09,19,6.2,31.9,Garcia,Rico,-0.36,-0.82,1.38,0.92,1.66,0.9,Rico Garcia,rico garcia
"Herget, Jimmy",623474,2026,51,53.2,201,11.0,3,5.7,10,9.1,24.8,Herget,Jimmy,0.48,1.49,-0.04,-1.52,-1.13,1.0,Jimmy Herget,jimmy herget
"Lee, Dylan",669276,2026,70,66.0,238,6.6,0,3.14,30,7.3,35.6,Lee,Dylan,-0.9,0.06,2.11,0.65,2.0,0.9,Dylan Lee,dylan lee
"Nance, Tommy",667297,2026,57,59.2,228,9.3,0,3.92,7,6.9,26.5,Nance,Tommy,-0.05,-0.26,0.3,0.25,0.39,1.0,Tommy Nance,tommy nance
"Meyer, Max",676974,2026,20,111.0,410,8.9,0,2.68,0,7.0,28.6,Meyer,Max,-0.18,-0.18,0.72,0.28,0.72,5.6,Max Meyer,max meyer
"Wheeler, Zack",554430,2026,27,156.0,568,7.6,0,3.06,0,5.2,31.4,Wheeler,Zack,-0.58,-1.62,1.28,1.7,2.16,5.8,Zack Wheeler,zack wheeler
"Phillips, Connor",683175,2026,26,29.0,106,21.4,1,5.28,5,6.9,26.1,Phillips,Connor,3.72,-0.26,0.22,-2.67,-1.77,1.1,Connor Phillips,connor phillips
"Ray, Robbie",592662,2026,31,165.2,606,12.0,0,3.59,0,6.4,24.6,Ray,Robbie,0.79,-0.66,-0.08,-0.1,-0.13,5.3,Robbie Ray,robbie ray
"Agnos, Zach",688642,2026,41,91.0,358,8.6,2,5.93,1,7.7,21.1,Agnos,Zach,-0.27,0.37,-0.78,-0.08,-0.62,2.2,Zach Agnos,zach agnos
"Mlodzinski, Carmen",669387,2026,36,120.2,477,8.0,2,3.95,6,7.2,20.8,Mlodzinski,Carmen,-0.46,-0.02,-0.84,0.37,-0.33,3.3,Carmen Mlodzinski,carmen mlodzinski
"Dreyer, Jack",676263,2026,66,62.2,226,9.1,2,3.16,11,7.3,28.3,Dreyer,Jack,-0.12,0.06,0.66,0.05,0.51,0.9,Jack Dreyer,jack dreyer
"Cornelio, Riley",683000,2026,17,34.2,120,18.3,0,3.89,0,5.8,34.8,Cornelio,Riley,2.75,-1.14,1.95,-1.25,0.51,2.0,Riley Cornelio,riley cornelio
"Sisk, Evan",681895,2026,40,44.0,155,13.0,0,3.07,5,6.1,27.2,Sisk,Evan,1.1,-0.9,0.44,-0.15,0.21,1.1,Evan Sisk,evan sisk
"Klassen, George",691946,2026,6,27.0,102,16.8,0,3.67,0,8.6,31.3,Klassen,George,2.29,1.09,1.26,-2.61,-0.98,4.5,George Klassen,george klassen
"Rolison, Ryan",669020,2026,60,63.0,226,10.9,3,3.14,7,7.3,19.7,Rolison,Ryan,0.45,0.06,-1.06,-0.39,-1.04,1.0,Ryan Rolison,ryan rolison
"De Los Santos, Enyel",660853,2026,66,71.1,276,6.6,5,4.79,10,6.2,27.1,De Los Santos,Enyel,-0.9,-0.82,0.42,1.33,1.26,1.1,Enyel De Los Santos,enyel de los santos
"Barnett, Mason",686930,2026,20,50.0,196,13.1,2,7.02,0,5.3,22.3,Barnett,Mason,1.13,-1.54,-0.54,0.32,-0.16,2.5,Mason Barnett,mason barnett
"McDonald, Trevor",686790,2026,14,70.1,271,7.4,0,5.12,0,7.3,21.3,McDonald,Trevor,-0.65,0.06,-0.74,0.46,-0.2,5.0,Trevor McDonald,trevor mcdonald
"Yates, Kirby",489446,2026,45,40.2,148,9.9,3,3.32,1,7.4,28.5,Yates,Kirby,0.13,0.14,0.7,-0.21,0.35,0.9,Kirby Yates,kirby yates
"Olds, Wyatt",681544,2026,13,15.0,56,10.9,0,1.2,1,5.6,32.8,Olds,Wyatt,0.45,-1.3,1.56,0.66,1.6,1.2,Wyatt Olds,wyatt olds
"Suarez, Ranger",624133,2026,28,148.1,554,7.5,0,3.22,0,6.2,21.7,Suarez,Ranger,-0.61,-0.82,-0.66,1.11,0.33,5.3,Ranger Suarez,ranger suarez
"Blackburn, Paul",621112,2026,62,85.0,302,9.8,1,1.69,11,6.0,22.8,Blackburn,Paul,0.1,-0.98,-0.44,0.68,0.18,1.4,Paul Blackburn,paul blackburn
"Peoples, Ben",687239,2026,16,16.1,58,11.8,0,2.76,0,6.0,24.0,Peoples,Ben,0.73,-0.98,-0.2,0.2,-0.0,1.0,Ben Peoples,ben peoples
"Fermin, José",820862,2026,53,53.2,208,10.5,1,3.86,8,6.3,29.8,Fermin,José,0.32,-0.74,0.96,0.33,0.93,1.0,José Fermin,jose fermin
"Whitlock, Garrett",676477,2026,54,52.1,186,4.5,4,1.72,26,7.8,31.5,Whitlock,Garrett,-1.55,0.45,1.3,0.85,1.55,1.0,Garrett Whitlock,garrett whitlock
"King, Michael",650633,2026,32,185.0,670,9.2,0,3.21,0,6.2,24.5,King,Michael,-0.08,-0.82,-0.1,0.7,0.44,5.8,Michael King,michael king
"Scholtens, Jesse",669947,2026,11,44.2,177,7.1,0,4.03,0,6.4,20.6,Scholtens,Jesse,-0.74,-0.66,-0.88,1.08,0.15,4.0,Jesse Scholtens,jesse scholtens
"Paez, Jedixson",699151,2026,5,11.2,50,8.8,0,10.8,0,8.7,21.7,Paez,Jedixson,-0.21,1.17,-0.66,-0.75,-1.01,2.2,Jedixson Paez,jedixson paez
"Beck, Brendan",694341,2026,4,12.2,50,13.8,0,9.95,0,7.3,35.5,Beck,Brendan,1.35,0.06,2.09,-1.09,0.73,3.0,Brendan Beck,brendan beck
"Rom, Drew",680723,2026,16,15.2,63,9.7,0,4.6,3,8.0,22.5,Rom,Drew,0.07,0.61,-0.5,-0.53,-0.74,1.0,Drew Rom,drew rom
"Chivilli, Angel",683409,2026,15,16.2,65,9.6,0,3.78,2,6.0,32.6,Chivilli,Angel,0.04,-0.98,1.52,0.73,1.62,1.1,Angel Chivilli,angel chivilli
"Martinez, Nick",607259,2026,30,177.1,673,3.5,0,2.94,0,7.4,17.4,Martinez,Nick,-1.86,0.14,-1.51,1.34,-0.13,5.9,Nick Martinez,nick martinez
"Montero, Keider",672456,2026,32,155.0,574,5.9,1,3.48,0,8.2,18.4,Montero,Keider,-1.11,0.77,-1.31,0.26,-0.76,4.8,Keider Montero,keider montero
"Lowder, Rhett",695076,2026,28,127.1,517,9.3,0,6.01,0,7.8,19.0,Lowder,Rhett,-0.05,0.45,-1.2,-0.31,-1.09,4.5,Rhett Lowder,rhett lowder
"Borucki, Ryan",621366,2026,21,23.2,92,8.7,0,4.94,1,7.1,28.2,Borucki,Ryan,-0.24,-0.1,0.64,0.27,0.65,1.1,Ryan Borucki,ryan borucki
"Mahle, Tyler",641816,2026,27,149.0,557,7.5,0,3.99,0,5.4,22.9,Mahle,Tyler,-0.61,-1.46,-0.42,1.61,0.86,5.5,Tyler Mahle,tyler mahle
"García, Luis",472610,2026,15,15.0,66,8.1,2,9.0,1,7.2,20.9,García,Luis,-0.43,-0.02,-0.82,0.35,-0.34,1.0,Luis García,luis garcia
"Rivera, Eduardo",700842,2026,4,10.0,38,13.6,0,6.3,0,6.7,25.0,Rivera,Eduardo,1.29,-0.42,0.0,-0.67,-0.48,2.5,Eduardo Rivera,eduardo rivera
"Pérez, Cionel",672335,2026,39,44.1,175,9.3,0,4.87,6,7.9,23.6,Pérez,Cionel,-0.05,0.53,-0.28,-0.37,-0.47,1.1,Cionel Pérez,cionel perez
"Hurter, Brant",676428,2026,28,33.2,118,10.9,0,2.94,1,7.2,20.3,Hurter,Brant,0.45,-0.02,-0.94,-0.33,-0.91,1.2,Brant Hurter,brant hurter
"Duran, Jhoan",661395,2026,60,58.1,219,4.3,33,1.85,0,6.9,35.2,Duran,Jhoan,-1.61,-0.26,2.03,1.45,2.52,1.0,Jhoan Duran,jhoan duran
"Speier, Gabe",642100,2026,53,45.0,163,8.0,1,3.0,21,9.1,24.3,Speier,Gabe,-0.46,1.49,-0.14,-0.8,-0.68,0.8,Gabe Speier,gabe speier
"Hurt, Kyle",669165,2026,44,45.2,173,11.6,1,4.14,9,7.3,34.6,Hurt,Kyle,0.66,0.06,1.91,-0.56,0.98,1.0,Kyle Hurt,kyle hurt
"Soto, Gregory",642397,2026,68,66.0,243,10.3,16,3.68,12,6.5,27.4,Soto,Gregory,0.26,-0.58,0.48,0.25,0.53,1.0,Gregory Soto,gregory soto
"Winn, Cole",668390,2026,51,48.0,195,7.4,1,5.63,9,8.4,27.7,Winn,Cole,-0.65,0.93,0.54,-0.22,0.23,0.9,Cole Winn,cole winn
"Chapman, Aroldis",547973,2026,53,51.2,187,10.8,35,1.92,0,6.5,30.4,Chapman,Aroldis,0.42,-0.58,1.08,0.13,0.87,1.0,Aroldis Chapman,aroldis chapman
"Pallette, Peyton",688883,2026,16,20.2,78,16.5,0,5.23,1,6.3,28.4,Pallette,Peyton,2.19,-0.74,0.68,-1.12,-0.32,1.3,Peyton Pallette,peyton pallette
"Bennett, Jake",687562,2026,20,113.1,423,4.6,0,3.65,0,7.6,23.7,Bennett,Jake,-1.52,0.3,-0.26,0.95,0.5,5.7,Jake Bennett,jake bennett
"Nardi, Andrew",677053,2026,25,22.2,86,11.1,0,5.16,8,7.4,30.4,Nardi,Andrew,0.51,0.14,1.08,-0.5,0.42,0.9,Andrew Nardi,andrew nardi
"VanWey, Logan",701121,2026,9,11.2,40,0.0,0,1.54,0,5.6,26.0,VanWey,Logan,-2.95,-1.3,0.2,3.29,2.52,1.2,Logan VanWey,logan vanwey
"Ramírez, Yohan",670990,2026,65,83.2,299,12.1,2,2.9,9,7.1,27.4,Ramírez,Yohan,0.82,-0.1,0.48,-0.55,-0.05,1.3,Yohan Ramírez,yohan ramirez
"Burgos, Raymond",670103,2026,9,21.1,80,1.2,2,4.22,0,6.8,18.8,Burgos,Raymond,-2.58,-0.34,-1.24,2.26,0.74,2.3,Raymond Burgos,raymond burgos
"Ferguson, Caleb",657571,2026,35,33.0,129,12.7,1,5.18,5,9.0,19.7,Ferguson,Caleb,1.01,1.41,-1.06,-1.87,-2.12,0.9,Caleb Ferguson,caleb ferguson
