output,rows,path
current_roster_pitchers.csv,22,/home/runner/work/baseball_analytics/baseball_analytics/outputs/fantasy_baseball_analytics/current_roster_pitchers.csv
pitcher_analytics.csv,5499,/home/runner/work/baseball_analytics/baseball_analytics/outputs/fantasy_baseball_analytics/pitcher_analytics.csv
streaming_pitcher_analytics.csv,3,/home/runner/work/baseball_analytics/baseball_analytics/outputs/fantasy_baseball_analytics/streaming_pitcher_analytics.csv
current_roster_hitters.csv,38,/home/runner/work/baseball_analytics/baseball_analytics/outputs/fantasy_baseball_analytics/current_roster_hitters.csv
hitter_analytics.csv,5122,/home/runner/work/baseball_analytics/baseball_analytics/outputs/fantasy_baseball_analytics/hitter_analytics.csv
free_agent_pitchers.csv,645,/home/runner/work/baseball_analytics/baseball_analytics/outputs/fantasy_baseball_analytics/free_agent_pitchers.csv
free_agent_hitters.csv,416,/home/runner/work/baseball_analytics/baseball_analytics/outputs/fantasy_baseball_analytics/free_agent_hitters.csv
pitcher_baseball_savant.csv,636,/home/runner/work/baseball_analytics/baseball_analytics/outputs/fantasy_baseball_analytics/pitcher_baseball_savant.csv
hitter_baseball_savant.csv,559,/home/runner/work/baseball_analytics/baseball_analytics/outputs/fantasy_baseball_analytics/hitter_baseball_savant.csv
