Name,Team,Level,Age,IP,BABIP,GB/FB,LD%,GB%,FB%,IFFB%,HR/FB,Pull%,Cent%,Oppo%,SwStr%,Balls,Strikes,Pitches,PlayerId
"Gerrit Cole","NYY","A+",35,8.2,0.34615385,1.75,0.214285714,0.5,0.285714285,0.125,0.375,0.34482759,0.20689655,0.44827586,0.09917355,30,91,121,"13125"
"Carlos Rodon","NYY","A+",33,4.1,0.1,2.333333333,0,0.7,0.3,0.666666666,0,0.5,0.1,0.4,0.18461538,22,43,65,"16137"
"Adbert Alzolay","NYM","A+",31,3,0.22222222,0.75,0.222222222,0.333333333,0.444444444,0.25,0,0.33333333,0.33333333,0.33333333,0.06451613,11,20,31,"17859"
"A.J. Minter","NYM","A+",32,1.2,0.33333333,5,0,0.833333333,0.166666666,0,0,0.33333333,0.5,0.16666667,0.07317073,11,30,41,"18655"
"Bryce Montes de Oca","WSN","A+",30,1.1,0,2,0,0.666666666,0.333333333,0,0,1,0,0,0.09615385,30,22,52,"21319"
"Yerry Rodriguez","NYY","A+",28,3.2,0.3,3.5,0.1,0.7,0.2,0.5,0,0.5,0.1,0.4,0.15,21,39,60,"21955"
"Hans Crouse","BAL","A+",27,6,0.5,2.5,0.066666666,0.666666666,0.266666666,0.5,0.25,0.6,0.13333333,0.26666667,0.22222222,62,82,144,"22192"
"Michael Mercado","PHI","A+",27,5,0.125,2,0.0625,0.625,0.3125,0,0,0.375,0.4375,0.1875,0.07692308,26,39,65,"23223"
"Max Lazar","PHI","A+",27,1.1,0.4,0.5,0.4,0.2,0.4,1,0,0.2,0.2,0.6,0,16,21,37,"23426"
"John Rooney","TBR","A+",29,3.1,0.2,4,0,0.8,0.2,0,0,0.4,0.4,0.2,0.21428571,11,31,42,"24590"
"Joe Jacques","NYM","A+",31,3,0.28571429,2,0.25,0.5,0.25,0,0.5,0.375,0,0.625,0.075,15,25,40,"25178"
"Connor Thomas","ATL","A+",28,11.1,0.33333333,2.428571428,0.142857142,0.607142857,0.25,0.285714285,0.142857142,0.46428571,0.28571429,0.25,0.17142857,61,114,175,"25873"
"Spencer Strider","ATL","A+",27,3.1,0.125,0.75,0.125,0.375,0.5,0.25,0,0.375,0.25,0.375,0.1875,21,27,48,"27498"
"Tyler Uberstine","BOS","A+",27,4.2,0.375,1.666666666,0.111111111,0.555555555,0.333333333,0,0.333333333,0.66666667,0.22222222,0.11111111,0.13861386,39,62,101,"29961"
"David Sandlin","CHW","A+",25,4.1,0.375,3,0.428571428,0.428571428,0.142857142,0,0,0.5,0.25,0.25,0.17894737,34,61,95,"31743"
"Danis Correa","NYM","A+",26,6.2,0.26666667,1,0.076923076,0.461538461,0.461538461,0,0,0.30769231,0.30769231,0.38461538,0.15447154,45,78,123,"sa3002980"
"Osvaldo Berrios","BOS","A+",26,10.1,0.34482759,2.8,0.366666666,0.466666666,0.166666666,0.6,0.2,0.76666667,0.06666667,0.16666667,0.13705584,79,118,197,"sa3004702"
"Felix Cepeda","NYM","A+",25,7.1,0.32,0.8,0.28,0.32,0.4,0,0.1,0.42307692,0.34615385,0.23076923,0.08823529,36,66,102,"sa3005445"
"Yeuris Jimenez","WSN","A+",25,24,0.34920635,1.823529411,0.225806451,0.5,0.274193548,0.294117647,0.058823529,0.46875,0.203125,0.328125,0.12636166,178,281,459,"sa3006386"
"Aaron Shortridge","WSN","A+",29,6.1,0.21052632,3,0.111111111,0.666666666,0.222222222,0,0,0.21052632,0.15789474,0.63157895,0.15957447,29,65,94,"sa3006759"
"Eiker Huizi","WSN","A+",25,21.1,0.28571429,1.210526315,0.176470588,0.450980392,0.372549019,0.052631578,0.157894736,0.57692308,0.15384615,0.26923077,0.13456464,149,230,379,"sa3007842"
"Gabriel Barbosa","PHI","A+",24,8.1,0.38888889,0.5,0.294117647,0.235294117,0.470588235,0,0,0.5,0.33333333,0.16666667,0.125,35,101,136,"sa3009593"
"Jacob Wallace","ATL","A+",27,3,0.22222222,0.333333333,0.111111111,0.222222222,0.666666666,0.166666666,0,0.33333333,0.33333333,0.33333333,0.19444444,11,25,36,"sa3010374"
"D.J. McCarty","TEX","A+",23,31.1,0.31325301,0.7,0.218390804,0.32183908,0.459770114,0.15,0.2,0.35164835,0.32967033,0.31868132,0.10326087,213,339,552,"sa3015222"
"Anthony Hoopii-Tuionetoa","TEX","A+",25,9,0.12,1,0.166666666,0.416666666,0.416666666,0.2,0,0.44,0.24,0.32,0.11864407,45,73,118,"sa3015298"
"Elison Joseph","ATL","A+",25,4,0.1,1.333333333,0.3,0.4,0.3,0,0,0.6,0.1,0.3,0.10126582,39,40,79,"sa3015306"
"Kai Wynyard","TEX","A+",24,21.2,0.33870968,0.884615384,0.309859154,0.323943661,0.366197183,0.192307692,0.384615384,0.375,0.34722222,0.27777778,0.12619048,171,249,420,"sa3015311"
"Aidan Curry","TEX","A+",23,31,0.31428571,0.5,0.229729729,0.256756756,0.513513513,0.210526315,0.131578947,0.38666667,0.33333333,0.28,0.13949275,209,343,552,"sa3015334"
"Adrian Rodriguez","TEX","A+",25,4.2,0.25,3,0,0.75,0.25,0.5,0.5,0.33333333,0.22222222,0.44444444,0.23809524,30,54,84,"sa3015385"
"Hansel Rincon","NYY","A+",23,18.1,0.30434783,2.666666666,0.232558139,0.558139534,0.209302325,0.555555555,0,0.53333333,0.17777778,0.28888889,0.10693642,152,194,346,"sa3015450"
"Junior Flores","PIT","A+",24,4,0,1,0.333333333,0.333333333,0.333333333,0.5,0,0.33333333,0,0.66666667,0.15714286,30,40,70,"sa3015479"
"Jose Garces","PIT","A+",22,21,0.21153846,1.421052631,0.178571428,0.482142857,0.339285714,0.210526315,0.263157894,0.50877193,0.22807018,0.26315789,0.11479592,154,238,392,"sa3015490"
"Joel Diaz","NYM","A+",22,27.2,0.38554217,0.818181818,0.294117647,0.317647058,0.388235294,0.151515151,0.06060606,0.43529412,0.30588235,0.25882353,0.07933579,235,307,542,"sa3015500"
"Danyony Pulido","PHI","A+",23,18,0.23684211,1,0.179487179,0.41025641,0.41025641,0.1875,0.125,0.4,0.35,0.25,0.12010444,176,207,383,"sa3015502"
"Eurys Martich","HOU","A+",23,15,0.425,0.5,0.214285714,0.261904761,0.523809523,0.181818181,0.09090909,0.33333333,0.21428571,0.45238095,0.11450382,200,193,393,"sa3015933"
"Estibenzon Jimenez","PHI","A+",24,6.2,0.13333333,2,0.2,0.533333333,0.266666666,0.25,0,0.53333333,0.2,0.26666667,0.13461538,38,66,104,"sa3015983"
"Euri Montero","WSN","A+",24,19.2,0.27272727,2.583333333,0.188679245,0.58490566,0.226415094,0.166666666,0.083333333,0.32727273,0.30909091,0.36363636,0.12054795,154,211,365,"sa3015989"
"Allen Facundo","NYY","A+",23,31.1,0.25423729,0.653846153,0.295081967,0.278688524,0.426229508,0.153846153,0.076923076,0.39344262,0.24590164,0.36065574,0.14473684,232,300,532,"sa3016071"
"Junior William","TBR","A+",26,15,0.26470588,0.8,0.205882352,0.352941176,0.44117647,0.333333333,0.066666666,0.48571429,0.2,0.31428571,0.12820513,81,153,234,"sa3016072"
"Jaydenn Estanista","PHI","A+",24,6.1,0.44,0.571428571,0.24137931,0.275862068,0.48275862,0.142857142,0.285714285,0.51724138,0.31034483,0.17241379,0.08974359,62,94,156,"sa3016230"
"Juan Rojas","BAL","A+",22,12,0.21212121,1.5,0.21875,0.46875,0.3125,0.1,0.2,0.48571429,0.25714286,0.25714286,0.15306122,76,120,196,"sa3016285"
"Giussepe Velasquez","PHI","A+",23,30.2,0.29032258,1.131578947,0.164948453,0.443298969,0.391752577,0.131578947,0.210526315,0.41584158,0.38613861,0.1980198,0.09252669,212,350,562,"sa3016463"
"Luis Serna","NYY","A+",21,46,0.31304348,1.205128205,0.258620689,0.405172413,0.336206896,0.358974358,0.051282051,0.45689655,0.24137931,0.30172414,0.14575412,296,493,789,"sa3016528"
"Bryan Mena","PIT","A+",22,39.1,0.34375,1.777777777,0.242424242,0.484848484,0.272727272,0.194444444,0.194444444,0.51111111,0.23703704,0.25185185,0.10138889,287,433,720,"sa3016613"
"Diego Mosquera","NYM","A+",22,1,0,0.5,0,0.333333333,0.666666666,0,0,0.66666667,0.33333333,0,0,6,8,14,"sa3016825"
"Bryan Polanco","WSN","A+",24,39.1,0.33962264,1,0.229357798,0.3853211,0.3853211,0.166666666,0.214285714,0.49565217,0.29565217,0.20869565,0.15315315,266,400,666,"sa3016915"
"Ismael Agreda","TEX","A+",22,42.1,0.35051546,1.171428571,0.247524752,0.405940594,0.346534653,0.171428571,0.2,0.48076923,0.26923077,0.25,0.17290323,316,459,775,"sa3017010"
"Austin Vernon","TBR","A+",27,2.2,0,0.25,0,0.2,0.8,0.5,0.25,0.4,0,0.6,0.25,18,26,44,"sa3017138"
"Justin Armbruester","NYM","A+",27,1,0,1,0.333333333,0.333333333,0.333333333,1,0,0.66666667,0,0.33333333,0.07142857,7,7,14,"sa3017548"
"Andy Rodriguez","TBR","A+",23,20,0.34545455,2.357142857,0.189655172,0.568965517,0.24137931,0.142857142,0.214285714,0.56896552,0.27586207,0.15517241,0.10670732,128,200,328,"sa3017620"
"Raimon Gomez","BAL","A+",24,2.1,0.55555556,0.5,0.666666666,0.111111111,0.222222222,0.5,0,0.22222222,0.44444444,0.33333333,0.06730769,57,47,104,"sa3017645"
"Keagan Gillies","BAL","A+",28,6.2,0.25,1.666666666,0.333333333,0.416666666,0.25,0,0,0.91666667,0.08333333,0,0.15315315,44,67,111,"sa3017686"
"Jordan Carr","HOU","A+",28,21.1,0.29411765,0.928571428,0.260273972,0.356164383,0.383561643,0.107142857,0.214285714,0.52702703,0.24324324,0.22972973,0.06361323,178,215,393,"sa3017769"
"Jose Pena Jr.","PHI","A+",22,19,0.21052632,0.578947368,0.210526315,0.289473684,0.5,0.315789473,0.052631578,0.41025641,0.23076923,0.35897436,0.1875,106,182,288,"sa3017821"
"Christian McGowan","PHI","A+",26,2,0.57142857,5,0.142857142,0.714285714,0.142857142,0,0,0.57142857,0.42857143,0,0.02564103,14,25,39,"sa3017896"
"Nate Lavender","NYM","A+",26,3,0.5,0.5,0.5,0.166666666,0.333333333,1,0,0,0.5,0.5,0.12698413,18,45,63,"sa3017917"
"Madison Jeffrey","CHW","A+",26,9.1,0.25,1.75,0.24137931,0.48275862,0.275862068,0,0.125,0.53333333,0.23333333,0.23333333,0.09195402,79,95,174,"sa3018206"
"Pablo Aldonis","WSN","A+",24,23.1,0.3220339,0.807692307,0.241935483,0.338709677,0.419354838,0.153846153,0.115384615,0.4516129,0.22580645,0.32258065,0.12444444,164,286,450,"sa3018289"
"Juan Arnaud","NYM","A+",23,17.2,0.28205128,0.777777777,0.219512195,0.341463414,0.43902439,0.111111111,0.222222222,0.44186047,0.25581395,0.30232558,0.12903226,141,200,341,"sa3018294"
"Raimy Rodriguez","HOU","A+",20,19.1,0.3,1.38095238,0.180327868,0.475409836,0.344262295,0.428571428,0.19047619,0.5625,0.234375,0.203125,0.0958231,190,217,407,"sa3018326"
"Victor Cabreja","PIT","A+",24,34.1,0.32673267,0.88095238,0.275229357,0.339449541,0.3853211,0.238095238,0.238095238,0.46363636,0.22727273,0.30909091,0.09694794,208,349,557,"sa3018342"
"Frankeli Arias","CHW","A+",23,20.2,0.33898305,1.3,0.245901639,0.426229508,0.327868852,0.3,0.2,0.52380952,0.19047619,0.28571429,0.14634146,159,251,410,"sa3018352"
"Alfredo Velasquez","BAL","A+",21,0.2,0,0,0,0,1,1,0,0.5,0,0.5,0,2,2,4,"sa3018556"
"Owen Kellington","PIT","A+",23,13.2,0.28571429,0.647058823,0.243243243,0.297297297,0.459459459,0.294117647,0.176470588,0.5,0.28947368,0.21052632,0.08163265,139,155,294,"sa3018801"
"Adilson Peralta","PHI","A+",23,14.2,0.28125,1,0.310344827,0.344827586,0.344827586,0.1,0.1,0.5,0.1875,0.3125,0.15867159,116,155,271,"sa3018816"
"Jose Chirinos","NYM","A+",21,5,0.23076923,2.333333333,0.23076923,0.538461538,0.23076923,0,0,0.46153846,0.15384615,0.38461538,0.11904762,32,52,84,"sa3018859"
"Adolfo Oviedo","PIT","A+",21,8.2,0.33333333,1.222222222,0.354838709,0.354838709,0.29032258,0.222222222,0.222222222,0.5,0.25,0.25,0.09039548,72,105,177,"sa3018882"
"Yeriel Santos","HOU","A+",22,36.1,0.27722772,1.371428571,0.209523809,0.457142857,0.333333333,0.171428571,0.2,0.4537037,0.25,0.2962963,0.10730949,280,363,643,"sa3018891"
"Juan Amarante","PHI","A+",22,17,0.25581395,2,0.181818181,0.545454545,0.272727272,0.25,0.083333333,0.56818182,0.22727273,0.20454545,0.10067114,124,174,298,"sa3019048"
"Alain Pena","HOU","A+",23,22.1,0.35211268,1.107142857,0.253164556,0.392405063,0.354430379,0.107142857,0.321428571,0.5125,0.3125,0.175,0.11185682,185,262,447,"sa3019050"
"Adonis Villavicencio","TEX","A+",25,1.1,0.66666667,1,0.333333333,0.333333333,0.333333333,1,0,0.66666667,0.33333333,0,0.11904762,20,22,42,"sa3019070"
"Enrique Segura","TEX","A+",21,28.1,0.20289855,0.823529411,0.162162162,0.378378378,0.459459459,0.294117647,0.176470588,0.50666667,0.24,0.25333333,0.07564576,244,298,542,"sa3019147"
"Inmer Lobo","PIT","A+",22,18.2,0.29787234,0.52173913,0.285714285,0.244897959,0.469387755,0.434782608,0.130434782,0.36,0.2,0.44,0.12256267,139,220,359,"sa3019151"
"Wilmer Blanco","PHI","A+",22,3,0.3,0.666666666,0.5,0.2,0.3,0.333333333,0,0.3,0.3,0.4,0.109375,29,35,64,"sa3019184"
"Luis Cohen","BOS","A+",23,18.1,0.39705882,1.454545454,0.260273972,0.438356164,0.301369863,0.181818181,0.272727272,0.39189189,0.28378378,0.32432432,0.09756098,145,224,369,"sa3019269"
"Sean Paul Linan","NYY","A+",21,35,0.32467532,0.714285714,0.25,0.3125,0.4375,0.114285714,0.114285714,0.5,0.25,0.25,0.16524702,225,362,587,"sa3019270"
"Alexis Torres","PIT","A+",23,15.2,0.37837838,4.75,0.361111111,0.527777777,0.111111111,0.5,0,0.51351351,0.24324324,0.24324324,0.133829,100,169,269,"sa3019375"
"Wilmy Sanchez","NYY","A+",22,11.1,0.37037037,5.666666666,0.259259259,0.629629629,0.111111111,0,0,0.55555556,0.25925926,0.18518519,0.1291866,90,119,209,"sa3019396"
"Hung-Leng Chang","PIT","A+",24,30.1,0.34782609,1.25,0.198019801,0.445544554,0.356435643,0.222222222,0.277777777,0.46078431,0.2254902,0.31372549,0.11019737,264,344,608,"sa3019518"
"Franyer Herrera","NYY","A+",21,36,0.30487805,0.769230769,0.178571428,0.357142857,0.464285714,0.282051282,0.179487179,0.35955056,0.26966292,0.37078652,0.17700454,247,414,661,"sa3019520"
"Anthony Cruz","HOU","A+",23,27.1,0.33333333,1.1875,0.213483146,0.426966292,0.359550561,0.21875,0.25,0.56521739,0.22826087,0.20652174,0.1020794,219,310,529,"sa3019534"
"Cristofer Gomez","NYM","A+",23,21.2,0.30952381,0.866666666,0.333333333,0.309523809,0.357142857,0.133333333,0,0.4047619,0.11904762,0.47619048,0.13580247,161,244,405,"sa3019567"
"Jose Serrano","HOU","A+",22,7.1,0.32,1.666666666,0.172413793,0.517241379,0.310344827,0.111111111,0.555555555,0.36666667,0.26666667,0.36666667,0.12857143,57,83,140,"sa3019597"
"Yeiber Cartaya","BAL","A+",23,44.1,0.24038462,1.157894736,0.196078431,0.431372549,0.372549019,0.263157894,0.078947368,0.5046729,0.27102804,0.22429907,0.14528796,288,476,764,"sa3019599"
"Jose Guedez","HOU","A+",24,15.2,0.24444444,0.809523809,0.208333333,0.354166666,0.4375,0.238095238,0.19047619,0.46938776,0.24489796,0.28571429,0.08461538,91,169,260,"sa3019682"
"Gregori Louis","NYM","A+",23,17.2,0.33333333,0.882352941,0.219512195,0.365853658,0.414634146,0.294117647,0,0.4047619,0.35714286,0.23809524,0.14052288,127,179,306,"sa3019699"
"Keduar Trujillo","HOU","A+",22,2,0.375,0.166666666,0.222222222,0.111111111,0.666666666,0.333333333,0.166666666,0.22222222,0.22222222,0.55555556,0.075,17,23,40,"sa3019764"
"Ian Mejia","ATL","A+",26,10.2,0.2,0.583333333,0.269230769,0.269230769,0.461538461,0.333333333,0.166666666,0.33333333,0.2962963,0.37037037,0.13089005,74,117,191,"sa3019911"
"Aneudis Mejia","TEX","A+",22,1.1,0.5,0.666666666,0.444444444,0.222222222,0.333333333,0.666666666,0.333333333,0.625,0,0.375,0.06122449,22,27,49,"sa3019960"
"Cedric De Grandpre","ATL","A+",24,50,0.30973451,1.827586206,0.286956521,0.460869565,0.252173913,0.137931034,0.24137931,0.42016807,0.21848739,0.36134454,0.13120567,310,536,846,"sa3020315"
"Jaycob Deese","PIT","A+",26,2,0.44444444,8,0.1,0.8,0.1,0,1,0.33333333,0.33333333,0.33333333,0.07692308,18,34,52,"sa3020376"
"Blake Burkhalter","ATL","A+",25,3,0.33333333,0,0.333333333,0,0.666666666,0.5,0,0.66666667,0,0.33333333,0.19565217,13,33,46,"sa3020382"
"Drew McDaniel","CHW","A+",25,37.2,0.25,0.844444444,0.224299065,0.355140186,0.420560747,0.155555555,0.133333333,0.36363636,0.27272727,0.36363636,0.11658456,230,379,609,"sa3020384"
"Mason Adams","CHW","A+",26,8,0.31578947,2.75,0.25,0.55,0.2,0,0.25,0.5,0.15,0.35,0.10185185,39,69,108,"sa3020388"
"Nolan DeVos","HOU","A+",25,38.2,0.35779817,1.612903225,0.276785714,0.446428571,0.276785714,0.258064516,0.258064516,0.47008547,0.21367521,0.31623932,0.12632979,284,468,752,"sa3020453"
"Brady Hill","WSN","A+",25,21.1,0.23255814,1,0.2,0.4,0.4,0.25,0,0.34883721,0.27906977,0.37209302,0.16,153,222,375,"sa3020559"
"Seth Clark","TEX","A+",26,5,0.4,0.285714285,0.25,0.166666666,0.583333333,0.285714285,0.285714285,0.41666667,0.16666667,0.41666667,0.10843373,90,76,166,"sa3020630"
"Chase Hampton","NYY","A+",24,10.2,0.3,1.083333333,0.137931034,0.448275862,0.413793103,0.25,0.083333333,0.4516129,0.25806452,0.29032258,0.15384615,74,108,182,"sa3020682"
"Brock Porter","TEX","A+",23,31,0.23188406,0.793103448,0.246376811,0.333333333,0.420289855,0.275862068,0.068965517,0.3943662,0.36619718,0.23943662,0.14650767,254,333,587,"sa3020708"
"Dylan Cumming","CHW","A+",27,22,0.35087719,1.933333333,0.254237288,0.491525423,0.254237288,0.266666666,0.266666666,0.47540984,0.26229508,0.26229508,0.13256484,119,228,347,"sa3020818"
"Bradley Brehmer","BAL","A+",26,4.2,0.35714286,1,0.142857142,0.428571428,0.428571428,0,0,0.57142857,0.35714286,0.07142857,0.13095238,27,57,84,"sa3020828"
"Thomas Balboni Jr.","NYY","A+",25,12,0.38461538,0.538461538,0.310344827,0.24137931,0.448275862,0.153846153,0.23076923,0.27586207,0.27586207,0.44827586,0.1182266,73,130,203,"sa3020861"
"Andrew Taylor","HOU","A+",24,7,0.25,0.75,0.222222222,0.333333333,0.444444444,0.25,0.25,0.33333333,0.33333333,0.33333333,0.13559322,42,76,118,"sa3020873"
"Wen-Hui Pan","PHI","A+",23,9,0.2,0.888888888,0.15,0.4,0.45,0.222222222,0,0.35,0.4,0.25,0.09482759,35,81,116,"sa3020878"
"Baron Stuart","WSN","A+",26,12.2,0.36,0.909090909,0.222222222,0.37037037,0.407407407,0.181818181,0.181818181,0.59259259,0.25925926,0.14814815,0.14285714,122,151,273,"sa3020888"
"Gary Gill Hill","TBR","A+",21,27,0.30666667,1.25,0.181818181,0.454545454,0.363636363,0.214285714,0.178571428,0.5125,0.2,0.2875,0.1225,128,272,400,"sa3020972"
"Jeremy Reyes","ATL","A+",20,49,0.27205882,1.5,0.17293233,0.496240601,0.330827067,0.227272727,0.068181818,0.47101449,0.22463768,0.30434783,0.12879708,342,481,823,"sa3021018"
"Eccel Correa","BAL","A+",23,17.1,0.30188679,1.4375,0.25,0.442307692,0.307692307,0.1875,0.0625,0.53703704,0.18518519,0.27777778,0.11073826,123,175,298,"sa3021019"
"Jesus Gamez","TEX","A+",23,16.1,0.4,0.769230769,0.258064516,0.322580645,0.419354838,0.23076923,0.076923076,0.53125,0.15625,0.3125,0.15472779,159,190,349,"sa3021056"
"Thomas Ireland","TEX","A+",24,5,0.3,2.333333333,0,0.7,0.3,0,0,0.4,0.2,0.4,0.13414634,28,54,82,"sa3021469"
"Mavis Graves","PHI","A+",22,38.2,0.28947368,1.392857142,0.172839506,0.481481481,0.345679012,0.214285714,0.178571428,0.45121951,0.2804878,0.26829268,0.17384615,245,405,650,"sa3021472"
"Carlos Castillo","PIT","A+",20,27,0.3902439,1.24,0.348837209,0.360465116,0.290697674,0.28,0.24,0.35632184,0.24137931,0.40229885,0.09541985,233,291,524,"sa3021500"
"Juan Valera","BOS","A+",20,9.1,0.21428571,1.4,0.142857142,0.5,0.357142857,0.4,0.2,0.33333333,0.13333333,0.53333333,0.2109375,46,82,128,"sa3021570"
"Mitch Neunborn","PHI","A+",29,3,0.41666667,0.8,0.25,0.333333333,0.416666666,0.2,0.2,0.38461538,0.30769231,0.30769231,0.13636364,27,39,66,"sa3021722"
"Luis Avila","PHI","A+",23,11.2,0.33333333,0.5,0.275862068,0.24137931,0.48275862,0.428571428,0.142857142,0.34482759,0.24137931,0.4137931,0.10869565,128,148,276,"sa3021805"
"Luis Rodriguez","HOU","A+",22,39.2,0.30172414,0.754716981,0.231404958,0.330578512,0.438016528,0.245283018,0.16981132,0.44,0.304,0.256,0.11111111,264,393,657,"sa3021816"
"Kyle Larsen","PIT","A+",23,27.1,0.34210526,1.857142857,0.240506329,0.493670886,0.265822784,0.142857142,0.19047619,0.475,0.275,0.25,0.122,197,303,500,"sa3021983"
"Jackson Fristoe","NYY","A+",25,13.2,0.21621622,1.9,0.216216216,0.513513513,0.27027027,0.3,0.1,0.40540541,0.24324324,0.35135135,0.10373444,101,140,241,"sa3022104"
"Irving Cota","NYM","A+",22,24.2,0.18055556,1.24,0.2,0.442857142,0.357142857,0.16,0,0.58333333,0.22222222,0.19444444,0.0969697,115,215,330,"sa3022108"
"Jonathan Russell","TBR","A+",21,9,0.23076923,3.4,0.153846153,0.653846153,0.192307692,0,0,0.57692308,0.11538462,0.30769231,0.06849315,53,93,146,"sa3022152"
"Jose Urbina","TBR","A+",20,48.1,0.30821918,0.947368421,0.244897959,0.367346938,0.387755102,0.368421052,0.087719298,0.42384106,0.21854305,0.35761589,0.11786148,302,521,823,"sa3022218"
"Francisco Frias","HOU","A+",21,10,0.48148148,0.818181818,0.285714285,0.321428571,0.392857142,0.272727272,0.09090909,0.44827586,0.17241379,0.37931034,0.13732394,134,150,284,"sa3022278"
"Joe Adametz","TEX","A+",26,38,0.35344828,1.827586206,0.305084745,0.449152542,0.245762711,0.310344827,0.103448275,0.55462185,0.23529412,0.21008403,0.11890244,253,403,656,"sa3022323"
"Joan Ogando","HOU","A+",22,16.2,0.46511628,0.571428571,0.282608695,0.260869565,0.456521739,0.19047619,0.19047619,0.42553191,0.23404255,0.34042553,0.15102975,218,219,437,"sa3022325"
"Jonathan Jimenez","NYM","A+",22,31.1,0.36263736,1.181818181,0.25,0.40625,0.34375,0.181818181,0.212121212,0.44897959,0.2755102,0.2755102,0.09348915,251,348,599,"sa3022343"
"Luke Bell","CHW","A+",25,9.2,0.19047619,1.333333333,0.363636363,0.363636363,0.272727272,0.166666666,0.166666666,0.22727273,0.31818182,0.45454545,0.13432836,42,92,134,"sa3022731"
"Andrew Lindsey","TBR","A+",26,24.2,0.30769231,1.260869565,0.223880597,0.43283582,0.343283582,0.304347826,0.130434782,0.38235294,0.22058824,0.39705882,0.1056701,141,247,388,"sa3022734"
"Carlson Reed","PIT","A+",23,44.2,0.33064516,1.578947368,0.222222222,0.476190476,0.301587301,0.157894736,0.105263157,0.39534884,0.28682171,0.31782946,0.12021136,295,462,757,"sa3022793"
"Colby Langford","HOU","A+",24,20.2,0.33333333,0.857142857,0.204081632,0.367346938,0.428571428,0.095238095,0.238095238,0.46,0.26,0.28,0.10328638,183,243,426,"sa3022800"
"Justin Long","ATL","A+",24,17,0.32692308,1.882352941,0.075471698,0.603773584,0.320754716,0.235294117,0.117647058,0.37037037,0.22222222,0.40740741,0.10062893,130,188,318,"sa3022871"
"Austin Amaral","WSN","A+",24,10.2,0.39285714,1.5,0.285714285,0.428571428,0.285714285,0.125,0,0.48148148,0.11111111,0.40740741,0.09187279,118,165,283,"sa3022903"
"Riley Frey","ATL","A+",24,16.2,0.2826087,1.333333333,0.222222222,0.444444444,0.333333333,0.2,0.133333333,0.3125,0.22916667,0.45833333,0.14285714,80,193,273,"sa3022909"
"Luke Savage","TEX","A+",24,21.2,0.375,1.705882352,0.303030303,0.439393939,0.257575757,0.294117647,0.176470588,0.39393939,0.15151515,0.45454545,0.091133,165,241,406,"sa3022943"
"Cory Wall","ATL","A+",26,3,0,1,0.2,0.4,0.4,0,0,0.4,0.4,0.2,0.08888889,14,31,45,"sa3022944"
"Seth Keener","CHW","A+",24,25,0.30136986,1.125,0.301369863,0.369863013,0.328767123,0.125,0.083333333,0.41891892,0.24324324,0.33783784,0.11084906,164,260,424,"sa3022949"
"Liam Sullivan","WSN","A+",24,6,0.29411765,0.75,0.263157894,0.315789473,0.421052631,0.25,0.25,0.63157895,0.21052632,0.15789474,0.09649123,43,71,114,"sa3022952"
"Morris Austin","CHW","A+",26,23.2,0.28846154,1.15,0.156862745,0.450980392,0.392156862,0.15,0.05,0.33333333,0.38888889,0.27777778,0.12171838,172,247,419,"sa3022955"
"Merrick Baldo","WSN","A+",25,25.2,0.325,1.041666666,0.363636363,0.324675324,0.311688311,0.25,0.083333333,0.5,0.20731707,0.29268293,0.12686567,135,267,402,"sa3022957"
"Jake Bockenstedt","CHW","A+",26,11.1,0.55555556,1.3,0.323529411,0.382352941,0.294117647,0.2,0,0.36111111,0.27777778,0.36111111,0.10497238,61,120,181,"sa3023007"
"Jake Peppers","CHW","A+",24,17,0.41071429,1.25,0.237288135,0.423728813,0.33898305,0.2,0.15,0.3559322,0.30508475,0.33898305,0.11396011,151,200,351,"sa3023008"
"Case Matter","TEX","A+",24,4.2,0.22222222,1.25,0,0.555555555,0.444444444,0.25,0,0.55555556,0.33333333,0.11111111,0.1547619,41,43,84,"sa3023085"
"Brett Banks","NYM","A+",24,4.1,0.28571429,0.666666666,0.166666666,0.333333333,0.5,0.333333333,0,0.28571429,0.28571429,0.42857143,0.17857143,32,52,84,"sa3023097"
"Dakota Hawkins","NYM","A+",26,15.1,0.28571429,1.4,0.142857142,0.5,0.357142857,0,0.066666666,0.60465116,0.27906977,0.11627907,0.15769231,90,170,260,"sa3023103"
"Adam Boucher","WSN","A+",24,16.2,0.16666667,0.631578947,0.088235294,0.352941176,0.558823529,0.263157894,0.210526315,0.29411765,0.32352941,0.38235294,0.10858586,192,204,396,"sa3023128"
"Kiefer Lord","BAL","A+",24,19,0.46511628,2,0.318181818,0.454545454,0.227272727,0.3,0.2,0.53333333,0.24444444,0.22222222,0.1373057,155,231,386,"sa3023135"
"Isaac Gallegos","ATL","A+",23,19.2,0.23913043,2.09090909,0.209302325,0.53488372,0.255813953,0,0.09090909,0.59574468,0.14893617,0.25531915,0.15306122,102,192,294,"sa3023183"
"Connor Oliver","PIT","A+",25,40.2,0.28421053,1.258064516,0.255319148,0.414893617,0.329787234,0.29032258,0.032258064,0.48958333,0.22916667,0.28125,0.12867133,268,447,715,"sa3023200"
"Bryce Jenkins","NYM","A+",25,20.2,0.19148936,1.571428571,0.25,0.458333333,0.291666666,0.214285714,0.071428571,0.36734694,0.24489796,0.3877551,0.11042945,127,199,326,"sa3023211"
"T.J. Fondtain","TBR","A+",25,9.1,0.27586207,0.466666666,0.214285714,0.25,0.535714285,0.2,0,0.51724138,0.17241379,0.31034483,0.09395973,49,100,149,"sa3023271"
"Brandon Beckel","PHI","A+",24,28.1,0.24193548,1.142857142,0.296875,0.375,0.328125,0.333333333,0.19047619,0.5,0.21212121,0.28787879,0.18201754,160,296,456,"sa3023276"
"Paxton Thompson","TEX","A+",26,3.1,0.5,1,0.333333333,0.333333333,0.333333333,0,0.25,0.38461538,0.38461538,0.23076923,0.1,30,50,80,"sa3023277"
"Drew Conover","CHW","A+",24,19.1,0.31746032,1.631578947,0.242424242,0.469696969,0.287878787,0.210526315,0.157894736,0.43283582,0.31343284,0.25373134,0.1257485,140,194,334,"sa3023279"
"Cade Kuehler","ATL","A+",24,51,0.25735294,1.163636363,0.173611111,0.444444444,0.381944444,0.4,0.2,0.47972973,0.22297297,0.2972973,0.13478819,297,482,779,"sa3023306"
"Juaron Watts-Brown","BAL","A+",24,13.2,0.13043478,0.75,0.086956521,0.391304347,0.52173913,0.333333333,0,0.43478261,0.2173913,0.34782609,0.23655914,72,114,186,"sa3023352"
"Bryce Warrecker","NYY","A+",24,6.1,0.33333333,1,0.294117647,0.352941176,0.352941176,0,0.333333333,0.44444444,0.22222222,0.33333333,0.07792208,27,50,77,"sa3023364"
"Aaron Nixon","NYY","A+",24,5,0.57142857,11,0.142857142,0.785714285,0.071428571,0,0,0.71428571,0.07142857,0.21428571,0.12931034,49,67,116,"sa3023376"
"Jake Eddington","PHI","A+",25,16.2,0.31818182,3,0.238095238,0.571428571,0.19047619,0.25,0,0.45454545,0.22727273,0.31818182,0.10216718,150,173,323,"sa3023409"
"Noah Hall","NYM","A+",25,47.1,0.34057971,1.098039215,0.218978102,0.408759124,0.372262773,0.235294117,0.098039215,0.42553191,0.26241135,0.31205674,0.1,386,514,900,"sa3023416"
"Conor Steinbaugh","HOU","A+",27,14.1,0.3255814,0.888888888,0.276595744,0.340425531,0.382978723,0.111111111,0.277777777,0.4375,0.25,0.3125,0.1254902,91,164,255,"sa3023419"
"Jacob Cravey","BAL","A+",24,19,0.24528302,0.863636363,0.254545454,0.345454545,0.4,0.318181818,0.136363636,0.50877193,0.19298246,0.29824561,0.12238806,148,187,335,"sa3023423"
"Bryce Collins","HOU","A+",26,2.1,0.16666667,0.25,0.285714285,0.142857142,0.571428571,0,0.25,0.71428571,0.28571429,0,0.03703704,32,22,54,"sa3023438"
"Wyatt Hudepohl","NYM","A+",24,11.2,0.26666667,1.545454545,0.151515151,0.515151515,0.333333333,0.363636363,0.272727272,0.45454545,0.24242424,0.3030303,0.13142857,64,111,175,"sa3023442"
"Garrett Wright","CHW","A+",24,20,0.225,1,0.25,0.375,0.375,0.2,0.133333333,0.34146341,0.26829268,0.3902439,0.18910256,122,190,312,"sa3023446"
"Jojo Ingrassia","BOS","A+",23,17.2,0.26315789,1.166666666,0.315789473,0.368421052,0.315789473,0.25,0,0.42105263,0.26315789,0.31578947,0.16044776,106,162,268,"sa3023475"
"Austin Ehrlicher","BOS","A+",23,11.2,0.3,0.5625,0.137931034,0.310344827,0.551724137,0.1875,0.0625,0.4,0.3,0.3,0.16113744,79,132,211,"sa3023482"
"Riley Cooper","BAL","A+",24,1.2,0.2,0.5,0,0.333333333,0.666666666,0,0.25,0.83333333,0.16666667,0,0.07142857,12,16,28,"sa3023503"
"Danny Kirwin","BOS","A+",26,17.2,0.3255814,1.23076923,0.325581395,0.372093023,0.302325581,0.076923076,0.23076923,0.52173913,0.26086957,0.2173913,0.12074303,130,193,323,"sa3023553"
"Trevor Harrison","TBR","A+",20,27,0.27272727,1,0.239436619,0.38028169,0.38028169,0.185185185,0.222222222,0.49315068,0.23287671,0.2739726,0.11372549,203,307,510,"sa3023629"
"David Rodriguez","ATL","A+",24,24,0.33898305,1.086956521,0.2,0.416666666,0.383333333,0.260869565,0.086956521,0.36065574,0.18032787,0.45901639,0.12162162,133,237,370,"sa3023659"
"Kamdyn Perry","TEX","A+",20,9,0.15384615,0.5,0.142857142,0.285714285,0.571428571,0.25,0.125,0.39285714,0.21428571,0.39285714,0.07746479,53,89,142,"sa3023663"
"Daviel Hurtado","NYM","A+",21,13,0.12903226,2.666666666,0.266666666,0.533333333,0.2,0.166666666,0,0.4375,0.1875,0.375,0.13253012,52,114,166,"sa3023674"
"Anderson Brito","TBR","A+",21,32.1,0.34210526,1.214285714,0.205128205,0.435897435,0.358974358,0.321428571,0.107142857,0.46153846,0.25641026,0.28205128,0.13427562,225,341,566,"sa3024232"
"Jhoster Baez","HOU","A+",21,1,0,1,0.333333333,0.333333333,0.333333333,1,0,0.66666667,0,0.33333333,0.0952381,9,12,21,"sa3024611"
"Andrew Landry","NYY","A+",24,20.1,0.25,1.04347826,0.113207547,0.452830188,0.433962264,0.173913043,0,0.375,0.14285714,0.48214286,0.10914454,135,204,339,"sa3024982"
"Caden Scarborough","TEX","A+",21,7,0.17647059,0.555555555,0.222222222,0.277777777,0.5,0.222222222,0.111111111,0.38888889,0.05555556,0.55555556,0.07920792,40,61,101,"sa3025060"
"Theo Hardy","TEX","A+",24,1.1,0.33333333,1,0.333333333,0.333333333,0.333333333,0,0,0.33333333,0.5,0.16666667,0,5,8,13,"sa3025187"
"Joe Glassey","BAL","A+",24,20.1,0.41463415,0.9375,0.243902439,0.365853658,0.390243902,0.3125,0.0625,0.30952381,0.33333333,0.35714286,0.15549598,128,245,373,"sa3025303"
"Jacob Kroeger","ATL","A+",26,20.1,0.33962264,2.23076923,0.222222222,0.537037037,0.24074074,0.076923076,0.153846153,0.50909091,0.21818182,0.27272727,0.12121212,168,228,396,"sa3025344"
"Owen Hackman","ATL","A+",24,12.2,0.33333333,0.916666666,0.28125,0.34375,0.375,0.166666666,0,0.3030303,0.27272727,0.42424242,0.13471503,67,126,193,"sa3025349"
"Hudson White","BOS","A+",23,6.2,0.36666667,1.444444444,0.24137931,0.448275862,0.310344827,0.222222222,0.111111111,0.48387097,0.25806452,0.25806452,0.03529412,28,57,85,"sa3025357"
"Jacob Shafer","ATL","A+",24,18.1,0.40384615,1.4375,0.29090909,0.418181818,0.29090909,0.0625,0.25,0.49090909,0.14545455,0.36363636,0.09254499,178,211,389,"sa3025390"
"Anthony Susac","TEX","A+",23,28.1,0.28947368,1.4,0.25,0.4375,0.3125,0.28,0.24,0.4691358,0.35802469,0.17283951,0.11468813,210,287,497,"sa3025400"
"Titan Kennedy-Hayes","PHI","A+",24,13.2,0.33333333,1.5,0.242424242,0.454545454,0.303030303,0.4,0.1,0.27272727,0.3030303,0.42424242,0.10204082,123,171,294,"sa3025462"
"Calvin Bickerstaff","BOS","A+",24,25,0.24242424,0.6,0.294117647,0.264705882,0.44117647,0.1,0.133333333,0.38571429,0.35714286,0.25714286,0.13265306,145,247,392,"sa3025463"
"Griffin Kilander","BOS","A+",23,2.1,0,1,0,0.5,0.5,0,0,0.75,0,0.25,0.15625,15,17,32,"sa3025467"
"Joey Danielson","TEX","A+",25,20.2,0.15217391,0.95,0.113636363,0.431818181,0.454545454,0.25,0,0.35555556,0.28888889,0.35555556,0.15608466,151,227,378,"sa3025479"
"Duncan Pastore","NYY","A+",26,2,0,1,0.2,0.4,0.4,0,0,0.8,0.2,0,0.10714286,13,15,28,"sa3025482"
"Aaron Combs","PHI","A+",24,3.1,0.2,0,0.4,0,0.6,0,0,0.4,0.2,0.4,0.11363636,19,25,44,"sa3025490"
"Sam Highfill","PHI","A+",25,39.1,0.25773196,0.58,0.233009708,0.281553398,0.485436893,0.3,0.14,0.40384615,0.28846154,0.30769231,0.15649452,264,375,639,"sa3025519"
"Pierce George","CHW","A+",23,10.1,0.26315789,0.888888888,0.19047619,0.38095238,0.428571428,0,0.333333333,0.31818182,0.22727273,0.45454545,0.14659686,73,118,191,"sa3025520"
"Robert Cranz","WSN","A+",23,16,0.23076923,1.222222222,0.166666666,0.458333333,0.375,0.111111111,0,0.57692308,0.19230769,0.23076923,0.18148148,107,163,270,"sa3025521"
"Justin Sinibaldi","CHW","A+",24,47,0.32167832,0.772727272,0.204081632,0.346938775,0.448979591,0.136363636,0.136363636,0.43421053,0.32894737,0.23684211,0.10143043,288,481,769,"sa3025524"
"Kyle Robinson","PIT","A+",22,12.2,0.41935484,1.583333333,0.162162162,0.513513513,0.324324324,0.166666666,0.5,0.32432432,0.32432432,0.35135135,0.1875,75,133,208,"sa3025537"
"Jacob Bimbi","PIT","A+",24,25.1,0.28813559,2.307692307,0.27118644,0.508474576,0.220338983,0.538461538,0.23076923,0.46774194,0.22580645,0.30645161,0.11830357,179,269,448,"sa3025547"
"Micah Ashman","BAL","A+",23,1,0.5,2,0,1,0,0,0,0.5,0.5,0,0.125,7,9,16,"sa3025559"
"Cal Stark","TEX","A+",23,2,0.28571429,0.25,0.375,0.125,0.5,0.25,0.25,0.25,0.5,0.25,0.03448276,12,17,29,"sa3025560"
"Reese Dutton","PHI","A+",25,51.1,0.24817518,1.897435897,0.175182481,0.540145985,0.284671532,0.307692307,0.102564102,0.53191489,0.18439716,0.28368794,0.12184874,252,462,714,"sa3025570"
"Logan Samuels","ATL","A+",24,19.1,0.3220339,1.578947368,0.183333333,0.5,0.316666666,0.157894736,0.052631578,0.4,0.26666667,0.33333333,0.12582781,86,216,302,"sa3025571"
"Josh Randall","WSN","A+",23,43,0.31404959,1.75,0.22047244,0.496062992,0.283464566,0.277777777,0.194444444,0.41732283,0.26771654,0.31496063,0.11271676,249,443,692,"sa3025585"
"Alexander Meckley","WSN","A+",22,12.1,0.25,1.3,0.233333333,0.433333333,0.333333333,0.3,0.2,0.53333333,0.23333333,0.23333333,0.0990099,77,125,202,"sa3025591"
"Cam Caminiti","ATL","A+",19,45.1,0.30769231,2.09375,0.2265625,0.5234375,0.25,0.21875,0.125,0.52272727,0.23484848,0.24242424,0.10286458,248,520,768,"sa3025607"
"Twine Palmer","BAL","A+",21,38.2,0.28712871,1.305555555,0.153061224,0.479591836,0.367346938,0.277777777,0.027777777,0.51485149,0.18811881,0.2970297,0.13787879,262,398,660,"sa3025618"
"Channing Austin","NYM","A+",24,38.1,0.22093023,0.970588235,0.202380952,0.392857142,0.404761904,0.264705882,0.029411764,0.38372093,0.29069767,0.3255814,0.15479876,253,393,646,"sa3025635"
"Hoss Brewer","NYM","A+",25,21,0.18965517,1.3,0.192982456,0.45614035,0.350877192,0.15,0.25,0.5,0.20967742,0.29032258,0.11878453,136,226,362,"sa3025636"
"Cole Hertzler","HOU","A+",23,43,0.25609756,0.944444444,0.156626506,0.409638554,0.433734939,0.138888888,0.111111111,0.5,0.20930233,0.29069767,0.14305365,281,446,727,"sa3025638"
"Carson Dorsey","BAL","A+",23,41.2,0.36440678,1.848484848,0.223140495,0.504132231,0.272727272,0.151515151,0.212121212,0.40163934,0.28688525,0.31147541,0.1276901,260,437,697,"sa3025643"
"Hunter Hodges","NYM","A+",23,22.2,0.32,2.454545454,0.224489795,0.551020408,0.224489795,0.272727272,0,0.39215686,0.23529412,0.37254902,0.13756614,137,241,378,"sa3025645"
"Tanner Witt","NYM","A+",23,15.1,0.35294118,1.6,0.235294117,0.470588235,0.294117647,0.2,0.1,0.31428571,0.31428571,0.37142857,0.13398693,134,172,306,"sa3025651"
"Chandler Marsh","BAL","A+",23,21,0.20454545,0.444444444,0.204081632,0.244897959,0.551020408,0.185185185,0.222222222,0.42,0.28,0.3,0.15267176,148,245,393,"sa3025652"
"Dylan Ross","NYM","A+",25,2,0,0.333333333,0.2,0.2,0.6,0,0,0.4,0,0.6,0.17391304,7,16,23,"sa3025659"
"Garrett Gainey","TBR","A+",26,43.2,0.33064516,0.603174603,0.2109375,0.296875,0.4921875,0.333333333,0.142857142,0.43609023,0.27067669,0.29323308,0.1316932,221,470,691,"sa3025668"
"Matt Ager","PIT","A+",23,17.1,0.31578947,0.722222222,0.261904761,0.309523809,0.428571428,0.166666666,0.277777777,0.39534884,0.30232558,0.30232558,0.11525424,97,198,295,"sa3025798"
"Ryan Andrade","TBR","A+",23,20.2,0.31578947,1.647058823,0.181818181,0.509090909,0.309090909,0.352941176,0.117647058,0.45762712,0.16949153,0.37288136,0.15039578,146,233,379,"sa3026078"
"Teo Banks","WSN","A+",22,1,0,2,0,1,0,0,0,0.5,0,0.5,0.15384615,6,7,13,"sa3026520"
"Tanner Bauman","NYY","A+",24,15.1,0.30769231,1.692307692,0.146341463,0.536585365,0.31707317,0.076923076,0.23076923,0.47619048,0.28571429,0.23809524,0.13207547,114,151,265,"sa3026750"
"Tucker Biven","WSN","A+",22,7.2,0.42857143,2.5,0.333333333,0.476190476,0.19047619,0.5,0,0.47619048,0.14285714,0.38095238,0.13333333,47,73,120,"sa3027184"
"Alex Bouchard","BOS","A+",22,31.1,0.3,1.161290322,0.27173913,0.391304347,0.336956521,0.258064516,0.129032258,0.46808511,0.28723404,0.24468085,0.11531191,193,336,529,"sa3027439"
"Steven Brooks","BOS","A+",23,27.2,0.31578947,1.47368421,0.189655172,0.48275862,0.327586206,0.315789473,0.105263157,0.45762712,0.20338983,0.33898305,0.13893967,230,317,547,"sa3027770"
"Dylan Brown","BOS","A+",22,18.1,0.46808511,2.09090909,0.260869565,0.5,0.239130434,0.454545454,0,0.34782609,0.19565217,0.45652174,0.14285714,93,201,294,"sa3027818"
"Gavin Bruni","WSN","A+",23,31,0.39393939,1.03125,0.329896907,0.340206185,0.329896907,0.1875,0.03125,0.47959184,0.23469388,0.28571429,0.13461538,242,382,624,"sa3027900"
"Frank Camarillo","NYM","A+",22,17.2,0.25454545,1.421052631,0.206896551,0.465517241,0.327586206,0.210526315,0.157894736,0.51724138,0.27586207,0.20689655,0.10638298,79,156,235,"sa3028299"
"Jack Cebert","NYY","A+",24,18.1,0.18181818,1.769230769,0.162790697,0.53488372,0.302325581,0.384615384,0.076923076,0.47826087,0.17391304,0.34782609,0.15765766,67,155,222,"sa3028683"
"Cade Citelli","TBR","A+",24,16,0.20512821,0.619047619,0.15,0.325,0.525,0.238095238,0.095238095,0.48780488,0.19512195,0.31707317,0.14056225,111,138,249,"sa3028952"
"Kaleb Corbett","TBR","A+",24,18.2,0.29166667,1.25,0.28,0.4,0.32,0.4375,0.125,0.45098039,0.1372549,0.41176471,0.10921502,105,188,293,"sa3029367"
"Bryce Cunningham","NYY","A+",23,21,0.23913043,0.296296296,0.285714285,0.163265306,0.551020408,0.259259259,0.185185185,0.31372549,0.35294118,0.33333333,0.13114754,145,221,366,"sa3029687"
"Mathieu Curtis","ATL","A+",21,8.1,0.24,1.2,0.083333333,0.5,0.416666666,0.2,0.1,0.48,0.16,0.36,0.0974026,55,99,154,"sa3029729"
"Colin Daniel","ATL","A+",22,49.1,0.25409836,1.222222222,0.224806201,0.426356589,0.348837209,0.2,0.244444444,0.48120301,0.23308271,0.28571429,0.12763158,279,481,760,"sa3029823"
"Gabe Davis","CHW","A+",22,27.1,0.31818182,1.55,0.23880597,0.462686567,0.298507462,0.1,0.05,0.40298507,0.25373134,0.34328358,0.12873563,153,282,435,"sa3029907"
"Brandon Decker","NYY","A+",23,24.1,0.29230769,1.086956521,0.25,0.390625,0.359375,0.347826086,0.04347826,0.42424242,0.24242424,0.33333333,0.12169312,139,239,378,"sa3030001"
"Ryan Degges","PHI","A+",23,20.2,0.29411765,0.809523809,0.283018867,0.320754716,0.396226415,0,0.238095238,0.30357143,0.30357143,0.39285714,0.13065327,165,233,398,"sa3030027"
"Randal Diaz","WSN","A+",23,1,0,0.5,0,0.333333333,0.666666666,0,0,0.66666667,0.33333333,0,0,3,4,7,"sa3030270"
"Brandon Downer","BAL","A+",23,15.2,0.25531915,1.466666666,0.26,0.44,0.3,0.2,0.2,0.58,0.24,0.18,0.0794702,127,175,302,"sa3030530"
"Joseph Dzierwa","BAL","A+",22,40.2,0.22340426,0.97368421,0.175824175,0.406593406,0.417582417,0.342105263,0.052631578,0.40206186,0.27835052,0.31958763,0.15582192,192,392,584,"sa3030726"
"Anthony Eyanson","BOS","A+",21,20.1,0.1875,3.166666666,0.21875,0.59375,0.1875,0.166666666,0.166666666,0.66666667,0.15151515,0.18181818,0.21993127,105,186,291,"sa3031104"
"Rory Fox","NYY","A+",22,46,0.33333333,1.911764705,0.287769784,0.467625899,0.244604316,0.352941176,0.205882352,0.41549296,0.23943662,0.34507042,0.13541667,276,492,768,"sa3031610"
"Devin Futrell","BOS","A+",23,30,0.2625,0.939393939,0.238095238,0.369047619,0.392857142,0.272727272,0.212121212,0.3908046,0.27586207,0.33333333,0.11777302,155,312,467,"sa3031801"
"Luke Gabrysh","PHI","A+",23,39.2,0.29545455,1.193548387,0.268817204,0.397849462,0.333333333,0.096774193,0.193548387,0.41052632,0.15789474,0.43157895,0.13254786,233,446,679,"sa3031808"
"Andres Galan","TBR","A+",22,25,0.29487179,0.536585365,0.231707317,0.268292682,0.5,0.195121951,0.146341463,0.47619048,0.27380952,0.25,0.10969388,148,244,392,"sa3031833"
"Joey Gartrell","BOS","A+",22,23.2,0.2972973,0.933333333,0.226666666,0.373333333,0.4,0.233333333,0.166666666,0.32911392,0.24050633,0.43037975,0.07906977,184,246,430,"sa3032013"
"Ben Grable","NYY","A+",24,7.2,0.33333333,1.666666666,0.111111111,0.555555555,0.333333333,0,0,0.33333333,0.11111111,0.55555556,0.24264706,42,94,136,"sa3032539"
"Ben Hansen","BOS","A+",24,29,0.35616438,2.733333333,0.253333333,0.546666666,0.2,0.133333333,0.2,0.45454545,0.18181818,0.36363636,0.11890838,189,324,513,"sa3033152"
"Camron Hill","PHI","A+",23,10.1,0.2,0.9,0.136363636,0.409090909,0.454545454,0.2,0.2,0.45454545,0.36363636,0.18181818,0.1372549,51,102,153,"sa3033811"
"Dylan Howard","HOU","A+",23,39.2,0.28333333,0.854545454,0.221374045,0.358778625,0.419847328,0.272727272,0.254545454,0.42105263,0.26315789,0.31578947,0.10787172,263,423,686,"sa3034164"
"Camden Janik","PIT","A+",23,1,0.4,0.666666666,0,0.4,0.6,0.666666666,0,0.6,0.2,0.2,0.05263158,9,10,19,"sa3034572"
"Cameron Keshock","PIT","A+",22,42.1,0.26470588,1.484848484,0.226415094,0.46226415,0.311320754,0.151515151,0.212121212,0.44036697,0.28440367,0.27522936,0.11168164,315,464,779,"sa3035309"
"Matt King","PIT","A+",23,1.1,0.2,0.25,0,0.2,0.8,0,0,0.6,0.4,0,0,24,16,40,"sa3035409"
"Brady Kirtner","NYY","A+",24,17.1,0.27906977,1.133333333,0.272727272,0.386363636,0.34090909,0,0.2,0.52272727,0.29545455,0.18181818,0.11607143,128,208,336,"sa3035459"
"Jacob Kisting","TBR","A+",23,31.1,0.25,0.805555555,0.177215189,0.367088607,0.455696202,0.166666666,0.055555555,0.36585366,0.18292683,0.45121951,0.13245033,143,310,453,"sa3035468"
"Jacob Kmatz","TBR","A+",23,28.1,0.28571429,0.483870967,0.220338983,0.254237288,0.525423728,0.322580645,0.129032258,0.36666667,0.31666667,0.31666667,0.2173913,133,304,437,"sa3035522"
"Pico Kohn","NYY","A+",23,5.2,0.16666667,0.8,0.25,0.333333333,0.416666666,0.2,0.2,0.53846154,0.23076923,0.23076923,0.16666667,32,52,84,"sa3035607"
"Isaac Lyon","WSN","A+",22,20.1,0.26530612,2.818181818,0.125,0.645833333,0.229166666,0.363636363,0,0.42857143,0.20408163,0.36734694,0.10493827,114,210,324,"sa3036750"
"Riley Maddox","WSN","A+",23,51.1,0.31428571,2.655172413,0.220588235,0.56617647,0.213235294,0.172413793,0.068965517,0.43971631,0.21276596,0.34751773,0.12592593,288,522,810,"sa3036829"
"Matt McShane","BOS","A+",23,17,0.19047619,0.583333333,0.155555555,0.311111111,0.533333333,0.166666666,0.208333333,0.40425532,0.34042553,0.25531915,0.15492958,95,189,284,"sa3037749"
"Brandon Neely","BOS","A+",22,13.1,0.48780488,1.636363636,0.325581395,0.418604651,0.255813953,0.272727272,0.181818181,0.3255814,0.3255814,0.34883721,0.12903226,103,176,279,"sa3038722"
"Dominic Niman","TBR","A+",25,15,0.23809524,1.058823529,0.166666666,0.428571428,0.404761904,0.176470588,0,0.45238095,0.14285714,0.4047619,0.1314554,62,151,213,"sa3038884"
"Liam Paddack","CHW","A+",22,35,0.26388889,1.363636363,0.297297297,0.405405405,0.297297297,0.181818181,0.181818181,0.35526316,0.23684211,0.40789474,0.15074627,259,411,670,"sa3039330"
"Dalton Pence","TEX","A+",23,24.1,0.26315789,0.515151515,0.137931034,0.293103448,0.568965517,0.363636363,0.09090909,0.36666667,0.28333333,0.35,0.1576087,117,251,368,"sa3039663"
"Marcus Phillips","BOS","A+",21,28.1,0.33802817,2.3125,0.253521126,0.52112676,0.225352112,0.125,0.25,0.33333333,0.25333333,0.41333333,0.12037037,223,317,540,"sa3039870"
"Trey Pooser","TBR","A+",24,9,0.16666667,0.9,0.173913043,0.391304347,0.434782608,0.1,0,0.375,0.125,0.5,0.125,40,80,120,"sa3040077"
"Owen Proksch","TEX","A+",22,2,0.6,4,0.166666666,0.666666666,0.166666666,0,1,0.5,0,0.5,0.2,15,25,40,"sa3040240"
"JT Quinn","BAL","A+",22,41.2,0.30851064,2.75,0.21875,0.572916666,0.208333333,0.2,0.2,0.5625,0.20833333,0.22916667,0.13513514,253,413,666,"sa3040345"
"AJ Russell","TEX","A+",22,3,0,0.5,0.4,0.2,0.4,0.5,0,0.4,0.6,0,0.23809524,12,30,42,"sa3041324"
"Jake Shirk","PIT","A+",24,8,0.38095238,4,0.25,0.6,0.15,0,0,0.23809524,0.33333333,0.42857143,0.09649123,40,74,114,"sa3042195"
"Luke Sinnard","ATL","A+",23,14.2,0.26666667,1.666666666,0.225806451,0.483870967,0.29032258,0.444444444,0.111111111,0.48387097,0.19354839,0.32258065,0.16,77,148,225,"sa3042362"
"Braeden Sloan","BAL","A+",22,15.2,0.11111111,2.125,0.074074074,0.629629629,0.296296296,0.25,0,0.55555556,0.14814815,0.2962963,0.18909091,111,164,275,"sa3042435"
"Parker Smith","HOU","A+",23,47.2,0.34415584,1.975,0.246835443,0.5,0.253164556,0.2,0.2,0.44720497,0.31677019,0.23602484,0.09946237,270,474,744,"sa3042618"
"Shea Sprague","BOS","A+",23,25.2,0.32394366,2.05,0.197368421,0.539473684,0.263157894,0.15,0.4,0.4556962,0.30379747,0.24050633,0.09704641,196,278,474,"sa3042868"
"Garrett Stratton","NYM","A+",22,25.2,0.30909091,1.2,0.214285714,0.428571428,0.357142857,0.1,0.15,0.35087719,0.33333333,0.31578947,0.14508929,186,262,448,"sa3043212"
"Yoel Tejeda Jr.","WSN","A+",22,51.2,0.33823529,1.2,0.277372262,0.394160583,0.328467153,0.266666666,0.066666666,0.42753623,0.22463768,0.34782609,0.12053571,370,526,896,"sa3043611"
"Julian Tonghini","WSN","A+",24,10.2,0.4,3.166666666,0.193548387,0.612903225,0.193548387,0.166666666,0.333333333,0.40625,0.21875,0.375,0.15492958,76,137,213,"sa3043926"
"Joe Vogatsky","BOS","A+",24,8,0.39285714,0.9,0.24,0.36,0.4,0.2,0.1,0.42857143,0.21428571,0.35714286,0.11034483,51,94,145,"sa3044544"
"Kyson Witherspoon","BOS","A+",21,41,0.31372549,1.368421052,0.166666666,0.481481481,0.351851851,0.157894736,0.157894736,0.37037037,0.32407407,0.30555556,0.15271659,264,417,681,"sa3045487"
"Jack Young","CHW","A+",24,22.2,0.30985915,3.23076923,0.225352112,0.591549295,0.183098591,0.153846153,0.153846153,0.50684932,0.26027397,0.23287671,0.08823529,126,214,340,"sa3045743"
"Caden Hunter","BAL","A+",22,8.1,0.3125,2,0.294117647,0.470588235,0.235294117,0,0.25,0.52941176,0.29411765,0.17647059,0.15172414,57,88,145,"sa3059552"
"Ben Vespi","BAL","A+",25,4.2,0.35714286,1.6,0,0.615384615,0.384615384,0.2,0,0.57142857,0,0.42857143,0.11578947,38,57,95,"sa3066731"
"Trace Willhoite","NYM","A+",25,1,0,2,0,0.666666666,0.333333333,0,0,0.33333333,0.33333333,0.33333333,0,3,5,8,"sa3066861"
"Noah Beal","TBR","A+",24,21.2,0.26315789,1,0.220338983,0.389830508,0.389830508,0.52173913,0.086956521,0.50847458,0.25423729,0.23728814,0.16304348,137,231,368,"sa3067027"
"Ryan Dromboski","PHI","A+",23,48.1,0.28688525,1.044444444,0.245901639,0.385245901,0.368852459,0.133333333,0.022222222,0.42276423,0.30081301,0.27642276,0.13383838,327,465,792,"sa3067032"
"Trent Buchanan","ATL","A+",24,15.2,0.20833333,0.916666666,0.115384615,0.423076923,0.461538461,0.5,0.166666666,0.34615385,0.15384615,0.5,0.13738019,130,183,313,"sa3067035"
"Chris Veach","NYY","A+",24,14.1,0.24,1.25,0.25,0.416666666,0.333333333,0.25,0,0.44,0.24,0.32,0.19047619,82,149,231,"sa3067067"
"Aric McAtee","CHW","A+",26,17.1,0.325,3.333333333,0.333333333,0.512820512,0.153846153,0,0.166666666,0.45238095,0.21428571,0.33333333,0.19850187,98,169,267,"sa3067068"
"Jack Sokol","NYY","A+",24,17.1,0.29545455,1.833333333,0.227272727,0.5,0.272727272,0.166666666,0.083333333,0.42222222,0.24444444,0.33333333,0.15614618,115,186,301,"sa3067081"
"Tony Rossi","NYY","A+",26,18.1,0.17647059,2,0.181818181,0.545454545,0.272727272,0.111111111,0,0.42424242,0.24242424,0.33333333,0.15564202,90,167,257,"sa3067082"
"Jonathan Clark","CHW","A+",26,10,0.33333333,1,0.166666666,0.416666666,0.416666666,0.3,0.2,0.5,0.19230769,0.30769231,0.18064516,47,108,155,"sa3067083"
"Mailon Felix","TEX","A+",26,11.2,0.47368421,0.857142857,0.38095238,0.285714285,0.333333333,0.214285714,0.285714285,0.4047619,0.28571429,0.30952381,0.10588235,114,141,255,"sa3067089"
"J'Briell Easley","TEX","A+",24,24.2,0.20754717,0.655172413,0.172413793,0.327586206,0.5,0.068965517,0.172413793,0.37288136,0.40677966,0.22033898,0.12868633,137,236,373,"sa3067101"
"Boston Bateman","BAL","A+",20,40.1,0.37113402,1.592592592,0.278350515,0.443298969,0.278350515,0.296296296,0.037037037,0.40816327,0.20408163,0.3877551,0.13656388,257,424,681,"sa3067145"
"Cohen Achen","BAL","A+",24,2.1,0.75,2,0.5,0.5,0,0,0,0.75,0,0.25,0.26315789,8,30,38,"sa3067146"
"Michael Caldon","BAL","A+",23,8.1,0.32142857,1.111111111,0.296296296,0.37037037,0.333333333,0.333333333,0,0.35714286,0.35714286,0.28571429,0.07065217,89,95,184,"sa3067147"
"Grant Umberger","CHW","A+",24,48.1,0.3,1.113207547,0.243243243,0.398648648,0.358108108,0.264150943,0.16981132,0.46540881,0.26415094,0.27044025,0.11918951,301,538,839,"sa3067156"
"Ryan Cabarcas","BAL","A+",25,12,0.2962963,1.625,0.25,0.464285714,0.285714285,0.125,0.125,0.53571429,0.28571429,0.17857143,0.11413043,73,111,184,"sa3067309"
"Mathias LaCombe","CHW","A+",24,8,0.35714286,2.666666666,0.214285714,0.571428571,0.214285714,0.333333333,0,0.35714286,0.28571429,0.35714286,0.12162162,50,98,148,"sa3067312"
"Josh Sanders","TEX","A+",24,15.1,0.36956522,1.105263157,0.259259259,0.388888888,0.351851851,0.210526315,0.47368421,0.45283019,0.32075472,0.22641509,0.07886435,128,189,317,"sa3067414"
"Jay Allmer","BOS","A+",24,19.2,0.36065574,1.388888888,0.317460317,0.396825396,0.285714285,0.166666666,0.222222222,0.46875,0.25,0.28125,0.09162304,167,215,382,"sa3067432"
"Yulian Quintana","PIT","A+",25,13,0.25,1,0.210526315,0.394736842,0.394736842,0.133333333,0.2,0.46153846,0.25641026,0.28205128,0.09375,136,152,288,"sa3067459"
"Jake Curtis","CHW","A+",24,29.2,0.32941176,1.133333333,0.219512195,0.414634146,0.365853658,0.2,0.066666666,0.45977011,0.25287356,0.28735632,0.125,161,335,496,"sa3067491"
"P.J. Labriola","BOS","A+",25,20.1,0.24074074,2.142857142,0.228070175,0.526315789,0.245614035,0.142857142,0.214285714,0.43859649,0.22807018,0.33333333,0.11343284,122,213,335,"sa3068587"
"Nate Wohlgemuth","HOU","A+",25,21.1,0.35483871,1.1,0.322580645,0.354838709,0.322580645,0.1,0.2,0.43939394,0.1969697,0.36363636,0.12314225,213,258,471,"sa3068675"
"Sayer Diederich","BAL","A+",25,2.2,0.5,1,0.09090909,0.454545454,0.454545454,0,0.2,0.54545455,0.18181818,0.27272727,0.109375,30,34,64,"sa3068766"
"Draven Zeigler","PIT","A+",25,4.2,0.55555556,1.5,0.166666666,0.5,0.333333333,0.25,0.75,0.33333333,0.5,0.16666667,0.10227273,33,55,88,"sa3069097"
"Drew Christo","ATL","A+",23,10,0.33333333,0.692307692,0.333333333,0.272727272,0.393939393,0.23076923,0,0.45454545,0.3030303,0.24242424,0.10106383,80,108,188,"sa3069104"
"Todd Kniebbe","BAL","A+",22,4.1,0.5,3,0.384615384,0.461538461,0.153846153,0,0,0.5,0.14285714,0.35714286,0.11702128,43,51,94,"sa3069163"
"Keegan Batka","PHI","A+",24,5.2,0.28571429,1.2,0.214285714,0.428571428,0.357142857,0.4,0,0.5,0.21428571,0.28571429,0.1627907,29,57,86,"sa3069185"
"Seth Hernandez","PIT","A+",20,17.2,0.17857143,0.647058823,0.151515151,0.333333333,0.515151515,0.411764705,0.294117647,0.33333333,0.27272727,0.39393939,0.20477816,116,177,293,"sa3069247"
"Miguel Sime Jr.","WSN","A+",19,3.2,0.35714286,3,0.384615384,0.461538461,0.153846153,0,0,0.42857143,0.35714286,0.21428571,0.13333333,23,37,60,"sa3069269"
"Ryan Heppner","ATL","A+",21,2,0.28571429,2,0.142857142,0.571428571,0.285714285,0.5,0,0.5,0.16666667,0.33333333,0.06976744,23,20,43,"sa3069407"
"Cole Stasio","TEX","A+",24,24.2,0.17741935,1,0.125,0.4375,0.4375,0.25,0.071428571,0.5,0.21875,0.28125,0.11009174,112,215,327,"sa3074192"
"Jack Kartsonas","TBR","A+",25,28,0.37142857,1.4,0.314285714,0.4,0.285714285,0.2,0.1,0.375,0.33333333,0.29166667,0.13232104,169,292,461,"sa3075388"
"Parker Carlson","NYM","A+",23,21.1,0.30769231,2.058823529,0.223880597,0.522388059,0.253731343,0.117647058,0.117647058,0.56716418,0.23880597,0.19402985,0.12580645,112,198,310,"sa3075826"
"Trey Cooper","CHW","A+",23,2,0.5,1,0.666666666,0.166666666,0.166666666,0,0,0.66666667,0,0.33333333,0.06521739,20,26,46,"sa3076082"
"Jackson Wells","HOU","A+",23,2.1,0.6,4,0.2,0.8,0,0,0,0.8,0,0.2,0.21568627,19,32,51,"sa3076090"
"Harry Blum","BOS","A+",24,3,0,1,0,0.5,0.5,0,0,0.5,0,0.5,0.17021277,17,30,47,"sa3076093"
"Treyson Peters","PIT","A+",23,23,0.23529412,0.647058823,0.2,0.314285714,0.485714285,0.176470588,0.088235294,0.47887324,0.18309859,0.33802817,0.1025641,108,204,312,"sa3076128"
"Ryan Dollar","NYM","A+",22,5.2,0.27272727,0.8,0.181818181,0.363636363,0.454545454,0.4,0,0.27272727,0.36363636,0.36363636,0.16831683,41,60,101,"sa3076166"
"Joe Charles","NYM","A+",26,7,0.44444444,3,0.529411764,0.352941176,0.117647058,0,0,0.44444444,0.11111111,0.44444444,0.10126582,70,88,158,"sa3076171"
"Zac Lampton","BAL","A+",26,1,0,0,1,0,0,0,1,1,0,0,0.0625,16,16,32,"sa3076330"
"Brady Miller","NYM","A+",26,10,0.375,1.857142857,0.354838709,0.419354838,0.225806451,0.142857142,0,0.46875,0.28125,0.25,0.09259259,48,114,162,"sa3076354"
"Cole Roland","TEX","A+",27,8,0.27777778,1.166666666,0.235294117,0.411764705,0.352941176,0.5,0,0.55555556,0.11111111,0.33333333,0.14285714,49,91,140,"sa3076367"
"Andrew Bechtold","PHI","A+",30,1,0.5,2,0.25,0.5,0.25,1,0,0.5,0.25,0.25,0.15151515,13,20,33,"sa829787"