Name,Team,Level,Age,IP,K/9,BB/9,K/BB,HR/9,K%,BB%,K-BB%,AVG,WHIP,BABIP,LOB%,ERA,FIP,E-F,xFIP,PlayerId
Jose Gonzalez,LAD,CPX,21,0.1,0.00,135.00,0.00,0.00,0.0%,62.5%,-62.5%,.667,21.00,.667,42.9%,108.00,49.90,58.10,49.90,sa3022196
Gian Zapata,ARI,CPX,20,0.1,27.00,54.00,0.50,27.00,14.3%,28.6%,-14.3%,.750,15.00,1.000,43.5%,108.00,64.90,43.10,30.38,sa3021079
Jo Oyama,SEA,CPX,25,0.1,0.00,54.00,0.00,0.00,0.0%,33.3%,-33.3%,.750,15.00,.750,80.0%,0.00,22.90,-22.90,27.38,sa3068964
Edwardo Espinal,LAA,CPX,20,1.0,0.00,36.00,0.00,9.00,0.0%,33.3%,-33.3%,.571,8.00,.500,13.2%,72.00,32.90,39.10,27.36,sa3022414
Nick Putnam,LAD,CPX,23,0.1,27.00,81.00,0.33,0.00,25.0%,75.0%,-50.0%,.000,9.00,.000,100.0%,0.00,25.90,-25.90,25.90,sa3077864
Ethan Long,SDP,CPX,25,0.1,0.00,54.00,0.00,0.00,0.0%,50.0%,-50.0%,.500,9.00,.500,66.7%,27.00,22.90,4.10,22.90,sa3022961
Angel Beltran,ARI,CPX,18,0.1,27.00,54.00,0.50,0.00,20.0%,40.0%,-20.0%,.667,12.00,1.000,50.0%,54.00,16.90,37.10,21.38,sa3024556
Tyler Dietz,SDP,CPX,23,1.0,9.00,54.00,0.17,0.00,11.1%,66.7%,-55.6%,.000,6.00,.000,100.0%,0.00,20.90,-20.90,20.90,sa3077845
Aiden Moffett,CHC,CPX,22,1.1,6.75,33.75,0.20,0.00,10.0%,50.0%,-40.0%,.250,4.50,.333,14.3%,40.50,16.90,23.60,18.02,sa3076144
David Morgan,SDP,CPX,26,0.1,27.00,54.00,0.50,0.00,25.0%,50.0%,-25.0%,.500,9.00,1.000,100.0%,0.00,16.90,-16.90,16.90,31616
Alvaro Benua,LAD,CPX,23,10.0,12.60,32.40,0.39,0.00,18.4%,47.4%,-28.9%,.171,4.20,.286,38.3%,23.40,14.40,9.00,15.74,sa3018032
Jairon Digon,ARI,CPX,20,2.1,3.86,27.00,0.14,0.00,5.3%,36.8%,-31.6%,.333,4.71,.364,72.7%,11.57,13.04,-1.47,15.60,sa3022148
Ariel Ramos,CHC,CPX,20,0.0,0.00,27.00,0.00,9.00,0.0%,42.9%,-42.9%,.750,6.00,.667,-21.7%,54.00,26.90,27.10,15.39,sa3068355
Reynaldo De La Paz,OAK,CPX,20,1.0,0.00,9.00,0.00,9.00,0.0%,16.7%,-16.7%,.250,2.00,.000,100.0%,9.00,23.90,-14.90,15.38,sa3021119
Paul Chacon,OAK,CPX,20,2.2,6.75,23.62,0.29,6.75,9.1%,31.8%,-22.7%,.467,5.25,.455,71.4%,20.25,21.03,-0.78,15.19,sa3021499
Cesar Maiz,CIN,CPX,18,6.0,4.50,21.00,0.21,3.00,7.1%,33.3%,-26.2%,.462,4.33,.476,35.7%,28.50,16.23,12.27,14.14,sa3067593
Ryan Reckley,SFG,CPX,21,1.2,0.00,16.20,0.00,0.00,0.0%,37.5%,-37.5%,.000,1.80,.000,100.0%,0.00,12.10,-12.10,13.89,sa3018404
Martin Gonzalez,SEA,CPX,21,3.0,0.00,9.00,0.00,0.00,0.0%,15.0%,-15.0%,.438,3.33,.438,45.5%,18.00,8.90,9.10,13.87,sa3018434
Leandro Alsinois,CHW,CPX,21,1.0,0.00,9.00,0.00,0.00,0.0%,20.0%,-20.0%,.250,2.00,.250,100.0%,0.00,7.90,-7.90,13.87,sa3018624
Luis Garcia,TEX,CPX,22,11.1,10.32,23.82,0.43,1.59,17.3%,40.0%,-22.7%,.135,3.09,.136,47.3%,15.88,14.96,0.92,13.85,sa3021753
Cole Raymond,LAA,CPX,19,5.2,11.12,25.41,0.44,3.18,16.7%,38.1%,-21.4%,.304,4.06,.357,56.0%,20.65,17.08,3.57,13.54,sa3069307
Diego Perez,CHW,CPX,17,8.0,9.00,19.13,0.47,0.00,14.0%,29.8%,-15.8%,.353,3.63,.462,48.6%,19.13,11.53,7.60,13.20,sa3068688
Javier Sanchez,TEX,CPX,18,1.2,0.00,5.40,0.00,5.40,0.0%,11.1%,-11.1%,.286,1.80,.167,100.0%,5.40,16.30,-10.90,12.98,sa3023975
Jared Davis,OAK,CPX,22,2.2,0.00,13.50,0.00,3.37,0.0%,30.8%,-30.8%,.444,3.00,.375,75.8%,10.12,14.28,-4.15,12.76,sa3059003
Aneudy Almonte,LAD,CPX,18,14.1,6.91,18.21,0.38,1.26,11.1%,29.3%,-18.2%,.354,3.63,.404,40.6%,18.84,12.30,6.54,12.46,sa3068079
Wes Burton,CLE,CPX,25,0.2,27.00,40.50,0.67,0.00,33.3%,50.0%,-16.7%,.333,6.00,1.000,75.0%,13.50,12.40,1.10,12.40,sa3076039
Freider Rojas,MIL,CPX,20,1.2,0.00,16.20,0.00,0.00,0.0%,33.3%,-33.3%,.333,3.00,.333,60.0%,10.80,10.30,0.50,12.09,sa3021611
Marco Corcho,LAD,CPX,21,7.1,11.05,27.00,0.41,0.00,16.4%,40.0%,-23.6%,.273,4.23,.375,41.9%,18.41,11.45,6.96,12.06,sa3021484
Miguel Alvarez,SDP,CPX,21,6.1,8.53,15.63,0.55,2.84,15.4%,28.2%,-12.8%,.333,3.16,.368,60.4%,14.21,12.80,1.42,11.99,sa3068602
Diorland Zambrano,CIN,CPX,19,2.2,6.75,13.50,0.50,0.00,11.1%,22.2%,-11.1%,.385,3.37,.455,20.0%,16.87,9.03,7.85,11.82,sa3024121
Jefrank Silva,CHW,CPX,18,4.1,0.00,6.23,0.00,2.08,0.0%,12.5%,-12.5%,.333,2.31,.300,58.1%,6.23,9.98,-3.75,11.45,sa3068733
Christian Oppor,CHW,CPX,21,11.0,15.55,22.91,0.68,0.00,27.1%,40.0%,-12.9%,.167,3.09,.353,65.0%,10.64,10.72,-0.08,11.40,sa3022950
Case Williams,COL,CPX,24,6.2,9.45,18.90,0.50,0.00,15.9%,31.8%,-15.9%,.321,3.45,.429,56.0%,14.85,10.00,4.85,11.12,sa3015013
Luke Hayden,CIN,CPX,23,0.2,13.50,27.00,0.50,0.00,14.3%,28.6%,-14.3%,.600,7.50,.750,20.0%,54.00,10.90,43.10,10.90,sa3025504
Yohandri Contreras,OAK,CPX,19,17.1,10.38,17.13,0.61,0.00,18.7%,30.8%,-12.1%,.310,3.17,.431,39.7%,16.10,8.82,7.27,10.63,sa3024545
Carlos De La Rosa,KCR,CPX,21,12.1,10.95,19.70,0.56,1.46,20.3%,36.5%,-16.2%,.239,3.08,.310,60.8%,12.41,11.39,1.02,10.49,sa3068843
Roderick Flores,MIL,CPX,19,5.1,1.69,6.75,0.25,0.00,4.3%,17.4%,-13.0%,.158,1.31,.167,85.7%,1.69,6.78,-5.09,10.41,sa3021205
Madison Jeffrey,CHW,CPX,26,1.0,9.00,18.00,0.50,0.00,16.7%,33.3%,-16.7%,.000,2.00,.000,0.0%,9.00,8.90,0.10,10.39,sa3018206
Andry Batista,TEX,CPX,19,3.0,3.00,6.00,0.50,0.00,7.7%,15.4%,-7.7%,.182,1.33,.200,50.0%,3.00,6.23,-3.23,10.21,sa3023956
Alejandro Pereira,OAK,CPX,19,2.0,0.00,4.50,0.00,0.00,0.0%,9.1%,-9.1%,.500,3.00,.500,33.3%,18.00,6.40,11.60,10.13,sa3024325
Ayendy Bravo,MIL,CPX,19,11.0,4.91,13.09,0.38,0.82,9.7%,25.8%,-16.1%,.318,2.73,.351,58.8%,9.00,9.90,-0.90,10.07,sa3024090
Edwin Cervantes,CIN,CPX,21,3.0,6.00,9.00,0.67,0.00,12.5%,18.8%,-6.2%,.182,1.67,.222,57.1%,9.00,8.57,0.43,10.06,sa3020965
Oliver Sirotti,OAK,CPX,19,5.1,5.06,8.44,0.60,0.00,8.8%,14.7%,-5.9%,.407,3.00,.458,66.7%,10.13,7.71,2.41,9.95,sa3024082
Frank Cairone,MIL,CPX,18,5.1,11.81,11.81,1.00,0.00,23.3%,23.3%,0.0%,.100,1.69,.154,41.7%,5.06,7.90,-2.84,9.86,sa3069241
Alison Zacarias,COL,CPX,20,25.0,7.20,11.88,0.61,1.44,14.4%,23.7%,-9.4%,.240,2.28,.263,57.5%,9.00,10.06,-1.06,9.83,sa3022388
Owen Pote,CIN,CPX,20,3.0,12.00,9.00,1.33,9.00,21.1%,15.8%,5.3%,.400,3.00,.375,17.2%,27.00,19.23,7.77,9.71,sa3077761
Bryan Regalado,MIL,CPX,19,28.1,5.40,9.53,0.57,1.59,10.9%,19.2%,-8.3%,.331,2.47,.354,50.0%,9.85,9.70,0.15,9.67,sa3069070
Griff McGarry,LAD,CPX,27,2.1,7.71,7.71,1.00,0.00,18.2%,18.2%,0.0%,.125,1.29,.167,100.0%,0.00,7.04,-7.04,9.60,sa3017130
Tristan Smith,CIN,CPX,23,3.0,6.00,9.00,0.67,0.00,15.4%,23.1%,-7.7%,.000,1.00,.000,100.0%,0.00,7.57,-7.57,9.56,sa3042648
Dale Stanavich,SFG,CPX,27,1.1,0.00,13.50,0.00,0.00,0.0%,50.0%,-50.0%,.000,1.50,.000,100.0%,0.00,9.40,-9.40,9.40,sa3019833
Gregory Sanchez,COL,CPX,19,1.0,0.00,9.00,0.00,0.00,0.0%,25.0%,-25.0%,.000,1.00,.000,100.0%,0.00,7.90,-7.90,9.39,sa3024267
Jan Luis Reyes,CHC,CPX,20,0.1,0.00,0.00,0.00,0.00,0.0%,0.0%,0.0%,.000,0.00,.000,100.0%,0.00,4.90,-4.90,9.38,sa3067399
Santiago Almao,TEX,CPX,18,0.1,0.00,0.00,0.00,0.00,0.0%,0.0%,0.0%,.500,3.00,.500,100.0%,0.00,4.90,-4.90,9.38,sa3067839
Edinson Salgado,KCR,CPX,21,10.0,8.10,12.60,0.64,0.90,17.0%,26.4%,-9.4%,.162,2.00,.185,38.8%,9.90,9.20,0.70,9.24,sa3019598
Hayden Vucinovich,MIL,CPX,19,27.1,9.88,13.17,0.75,0.99,19.2%,25.6%,-6.4%,.297,2.67,.385,47.4%,9.88,9.07,0.81,9.23,sa3069288
Dariel Jaquez,MIL,CPX,19,28.0,8.36,13.50,0.62,0.64,17.3%,28.0%,-10.7%,.272,2.50,.347,60.9%,9.00,9.01,-0.01,9.20,sa3024570
Cesar Familia,CHW,CPX,18,19.0,8.05,6.63,1.21,2.37,17.7%,14.6%,3.1%,.205,1.53,.196,67.7%,5.68,10.16,-4.48,9.18,sa3068893
Jose Vasquez,LAD,CPX,21,14.2,10.43,12.89,0.81,0.00,19.8%,24.4%,-4.7%,.302,2.73,.413,45.2%,13.50,7.29,6.21,9.12,sa3022116
Hayden Robinson,MIL,CPX,20,4.2,5.79,7.71,0.75,5.79,10.7%,14.3%,-3.6%,.391,2.79,.353,61.2%,15.43,15.19,0.24,9.07,sa3023574
Alan Carpinteiro,SEA,CPX,19,21.1,9.70,12.23,0.79,0.84,20.4%,25.7%,-5.3%,.244,2.30,.316,64.3%,8.02,8.32,-0.31,9.06,sa3068626
Spencer Green,LAD,CPX,21,19.1,14.43,16.29,0.89,0.93,25.2%,28.5%,-3.3%,.284,3.00,.438,54.7%,10.71,9.56,1.15,9.06,sa3076274
Carlos Rodriguez,MIL,CPX,24,1.1,6.75,6.75,1.00,0.00,12.5%,12.5%,0.0%,.333,2.25,.400,25.0%,20.25,7.90,12.35,9.02,30161
Jhosep Ospino,MIL,CPX,21,16.0,7.31,10.13,0.72,2.25,15.7%,21.7%,-6.0%,.238,2.06,.239,61.2%,8.44,10.28,-1.84,8.98,sa3024452
Diomer Gonzalez,OAK,CPX,21,3.2,0.00,4.91,0.00,0.00,0.0%,10.5%,-10.5%,.353,2.18,.353,62.5%,7.36,6.54,0.83,8.98,sa3025109
Cesar Nunez,CHW,CPX,19,21.1,7.59,9.70,0.78,1.27,15.8%,20.2%,-4.4%,.261,2.16,.299,55.8%,8.44,8.70,-0.26,8.97,sa3067621
Walvin Mena,ARI,CPX,20,4.2,1.93,7.71,0.25,0.00,3.8%,15.4%,-11.5%,.381,2.57,.400,84.6%,3.86,7.69,-3.83,8.96,sa3021505
Jhocsuanth Vargas,TEX,CPX,19,2.0,9.00,13.50,0.67,0.00,11.1%,16.7%,-5.6%,.600,6.00,.692,50.0%,27.00,7.40,19.60,8.89,sa3021631
Blake Shepardson,CHW,CPX,22,2.2,10.12,10.12,1.00,0.00,23.1%,23.1%,0.0%,.444,2.62,.667,62.5%,10.12,7.15,2.97,8.83,sa3042141
Ayendy Pena,CIN,CPX,22,17.1,8.83,12.46,0.71,1.56,18.3%,25.8%,-7.5%,.273,2.42,.326,53.9%,9.35,9.86,-0.52,8.82,sa3024095
Kaemyn Franklin,CHC,CPX,20,3.2,12.27,14.73,0.83,4.91,22.7%,27.3%,-4.5%,.375,3.27,.444,32.6%,22.09,14.17,7.92,8.71,sa3069303
Case Matter,TEX,CPX,24,5.1,13.50,11.81,1.14,0.00,29.6%,25.9%,3.7%,.158,1.88,.273,27.3%,11.81,6.40,5.41,8.64,sa3023085
Dominic Castellano,SEA,CPX,22,10.1,13.94,11.32,1.23,1.74,26.2%,21.3%,4.9%,.318,2.61,.462,46.1%,15.68,9.26,6.42,8.62,sa3076358
Fenuel James,CHC,CPX,23,9.0,8.00,10.00,0.80,1.00,14.5%,18.2%,-3.6%,.341,2.78,.400,44.7%,12.00,8.23,3.77,8.61,sa3077205
Haminton Mendez,LAA,CPX,22,11.1,7.15,11.12,0.64,0.79,12.9%,20.0%,-7.1%,.418,3.26,.489,46.4%,16.68,8.43,8.25,8.60,sa3017150
Deivid Burgos,CIN,CPX,21,8.2,8.31,13.50,0.62,0.00,16.7%,27.1%,-10.4%,.294,2.65,.385,62.5%,5.19,7.90,-2.71,8.59,sa3024229
Zach Jacobs,CLE,CPX,24,4.2,9.64,9.64,1.00,1.93,21.7%,21.7%,0.0%,.118,1.50,.091,30.3%,5.79,9.40,-3.61,8.53,sa3020600
Nick Margevicius,SFG,CPX,30,4.0,2.25,4.50,0.50,0.00,6.7%,13.3%,-6.7%,.083,0.75,.091,100.0%,0.00,6.65,-6.65,8.51,20395
Reudis Diaz,CHW,CPX,20,16.1,7.71,6.06,1.27,0.00,17.7%,13.9%,3.8%,.169,1.29,.222,53.3%,6.06,6.86,-0.80,8.50,sa3021566
Edgar Leon,LAD,CPX,21,4.0,11.25,13.50,0.83,2.25,19.2%,23.1%,-3.8%,.350,3.25,.429,34.5%,15.75,10.15,5.60,8.39,sa3019161
J.B. Bukauskas,MIL,CPX,29,1.0,18.00,0.00,2.00,0.00,28.6%,0.0%,28.6%,.500,3.00,.750,0.0%,36.00,3.90,32.10,8.38,20491
Michael Ramirez,LAD,CPX,21,18.1,9.82,12.27,0.80,0.49,18.9%,23.6%,-4.7%,.309,2.73,.400,57.6%,9.33,7.52,1.81,8.36,sa3024985
Michael Valverde,TEX,CPX,23,19.1,10.71,11.64,0.92,0.47,21.1%,22.9%,-1.8%,.293,2.53,.397,62.5%,7.91,7.38,0.53,8.33,sa3022157
Cal Riehl,SDP,CPX,23,2.1,7.71,7.71,1.00,0.00,15.4%,15.4%,0.0%,.300,2.14,.375,50.0%,0.00,7.04,-7.04,8.32,sa3076276
Diovel Mariano,CLE,CPX,22,12.1,7.30,8.76,0.83,1.46,14.3%,17.1%,-2.9%,.386,2.76,.444,43.5%,13.86,8.55,5.32,8.26,sa3018363
Luis Mata,CHC,CPX,20,30.1,10.09,10.98,0.92,0.89,19.8%,21.5%,-1.7%,.269,2.37,.344,54.9%,6.23,8.10,-1.87,8.24,sa3068096
Yuliangel De La Cruz,LAD,CPX,21,11.2,10.03,11.57,0.87,0.77,18.8%,21.7%,-2.9%,.358,2.91,.462,53.6%,13.11,7.90,5.21,8.19,sa3018858
Modesto Vargas,ARI,CPX,21,20.1,8.41,11.95,0.70,0.00,17.4%,24.8%,-7.3%,.228,2.21,.300,66.7%,5.75,7.46,-1.70,8.19,sa3024243
Yander Maria,CHC,CPX,19,26.1,10.59,10.59,1.00,2.05,20.9%,20.9%,0.0%,.277,2.35,.333,39.2%,12.30,9.61,2.69,8.18,sa3023842
Cole Cheatham,SEA,CPX,22,3.2,14.73,14.73,1.00,0.00,25.0%,25.0%,0.0%,.333,3.27,.500,58.3%,7.36,6.54,0.83,8.16,sa3076357
Amilcar Medina,OAK,CPX,21,16.1,14.33,13.22,1.08,0.55,29.2%,27.0%,2.2%,.237,2.33,.406,61.0%,9.37,8.02,1.34,8.14,sa3024199
Josue Toledo,MIL,CPX,20,13.2,11.20,11.85,0.94,0.66,24.3%,25.7%,-1.4%,.167,1.90,.233,52.4%,7.90,8.19,-0.29,8.12,sa3024562
Victor Garcia,LAA,CPX,22,2.2,13.50,6.75,2.00,0.00,33.3%,16.7%,16.7%,.111,1.12,.200,100.0%,0.00,5.28,-5.28,8.07,sa3023615
Dane Lais,SDP,CPX,21,3.2,9.82,9.82,1.00,2.45,18.2%,18.2%,0.0%,.389,3.00,.462,31.3%,17.18,9.54,7.64,8.03,sa3068892
Hector Castillo,CLE,CPX,19,21.1,7.17,6.75,1.06,1.27,15.2%,14.3%,0.9%,.319,2.16,.365,45.7%,10.97,7.67,3.30,7.94,sa3024872
Kendal Meza,SEA,CPX,20,16.1,9.92,8.82,1.13,1.65,21.7%,19.3%,2.4%,.262,1.96,.325,71.0%,7.71,9.13,-1.41,7.92,sa3022125
Jose Parra,OAK,CPX,20,39.2,9.08,9.53,0.95,0.68,20.1%,21.1%,-1.0%,.220,1.89,.280,48.8%,9.30,7.57,1.73,7.91,sa3024574
Bryan Perez,COL,CPX,22,0.1,27.00,27.00,1.00,0.00,25.0%,25.0%,0.0%,.667,9.00,1.000,0.0%,81.00,7.90,73.10,7.90,sa3016515
Jordan Romano,COL,CPX,33,1.0,0.00,9.00,0.00,0.00,0.0%,25.0%,-25.0%,.000,1.00,.000,100.0%,0.00,7.90,-7.90,7.90,16122
Prelander Berroa,CHW,CPX,26,0.0,0.00,9.00,0.00,0.00,0.0%,100.0%,-100.0%,.000,1.00,.000,100.0%,0.00,7.90,-7.90,7.90,22932
Yael Romero,CIN,CPX,20,0.0,0.00,0.00,0.00,0.00,0.0%,0.0%,0.0%,1.000,1.00,1.000,100.0%,0.00,7.90,-7.90,7.90,sa3021062
Aiden Moffett,OAK,CPX,22,1.0,0.00,9.00,0.00,0.00,0.0%,33.3%,-33.3%,.000,1.00,.000,100.0%,0.00,7.90,-7.90,7.90,sa3076144
Yanuel Casiano,CIN,CPX,19,2.1,3.86,7.71,0.50,0.00,11.1%,22.2%,-11.1%,.000,0.86,.000,100.0%,0.00,6.61,-6.61,7.89,sa3067398
David Rodriguez,KCR,CPX,22,9.0,9.00,10.00,0.90,1.00,18.8%,20.8%,-2.1%,.324,2.44,.407,64.8%,7.00,8.01,-1.01,7.89,sa3018810
Dalvi Nunez,SDP,CPX,19,28.0,7.71,7.07,1.09,0.00,17.1%,15.7%,1.4%,.270,1.86,.345,64.4%,5.79,6.29,-0.51,7.89,sa3068374
Jostin Florentino,CHC,CPX,21,3.1,2.70,2.70,1.00,0.00,6.3%,6.3%,0.0%,.286,1.50,.308,33.3%,2.70,6.10,-3.40,7.89,sa3021510
Christian Oliveira,LAD,CPX,20,1.1,6.75,6.75,1.00,0.00,14.3%,14.3%,0.0%,.333,2.25,.400,100.0%,0.00,5.65,-5.65,7.89,sa3067439
Gregori Ramirez,ARI,CPX,21,27.2,10.41,9.11,1.14,1.63,22.7%,19.9%,2.8%,.241,1.95,.296,51.9%,9.11,8.51,0.59,7.84,sa3020412
Camilo Hernandez,OAK,CPX,22,19.2,10.53,10.07,1.05,0.46,23.0%,22.0%,1.0%,.263,2.14,.365,61.0%,7.78,6.88,0.90,7.74,sa3018899
Michael Prosecky,COL,CPX,25,3.0,3.00,3.00,1.00,0.00,8.3%,8.3%,0.0%,.300,1.33,.333,80.0%,3.00,6.23,-3.23,7.73,sa3020526
Samuel Savinon,LAD,CPX,19,11.1,18.26,15.09,1.21,0.79,33.8%,27.9%,5.9%,.261,2.74,.500,36.8%,15.88,7.81,8.07,7.72,sa3067581
Bernardo Rivera,TEX,CPX,21,5.2,6.35,7.94,0.80,1.59,16.7%,20.8%,-4.2%,.278,1.76,.308,62.5%,3.18,8.96,-5.78,7.72,sa3024531
Ruben Ramirez,SEA,CPX,21,10.0,9.00,9.00,1.00,0.90,20.4%,20.4%,0.0%,.263,2.00,.333,51.0%,9.90,7.50,2.40,7.69,sa3024616
Lazaro Mena,CHC,CPX,19,36.1,7.68,7.18,1.07,1.24,18.1%,17.0%,1.2%,.275,1.84,.324,60.9%,7.18,7.71,-0.52,7.68,sa3076311
Javier Bartolozzi,LAD,CPX,21,3.2,9.82,7.36,1.33,0.00,22.2%,16.7%,5.6%,.286,1.91,.400,62.5%,7.36,5.99,1.37,7.62,sa3021568
Orlando Suarez,CHW,CPX,19,38.1,10.10,7.75,1.30,1.41,23.0%,17.6%,5.3%,.250,1.83,.313,65.1%,6.10,7.74,-1.64,7.62,sa3023863
Luis Gutierrez,SDP,CPX,22,1.2,16.20,16.20,1.00,0.00,37.5%,37.5%,0.0%,.200,2.40,.500,100.0%,0.00,6.70,-6.70,7.60,sa3016469
Carson Latimer,CIN,CPX,22,14.0,15.43,13.50,1.14,1.29,28.2%,24.7%,3.5%,.306,2.86,.472,40.8%,15.43,8.26,7.17,7.57,sa3059763
J.C. Hechavarria,LAA,CPX,22,17.0,7.41,4.76,1.56,3.18,16.3%,10.5%,5.8%,.320,1.94,.327,60.2%,10.06,9.78,0.28,7.56,sa3023602
Eduardo Uscanga,SEA,CPX,19,3.0,6.00,3.00,2.00,3.00,15.4%,7.7%,7.7%,.250,1.33,.222,0.0%,12.00,8.90,3.10,7.55,sa3076331
Wuillians Herrera,LAD,CPX,22,16.0,11.25,9.00,1.25,0.56,26.3%,21.1%,5.3%,.179,1.63,.257,69.9%,5.06,6.96,-1.90,7.55,sa3018302
Zach Kirby,LAA,CPX,26,4.1,8.31,4.15,2.00,2.08,13.8%,6.9%,6.9%,.519,3.69,.591,41.1%,20.77,7.44,13.33,7.54,sa3077769
Erick Matos,OAK,CPX,19,29.2,10.92,8.19,1.33,0.61,22.4%,16.8%,5.6%,.357,2.46,.484,45.2%,13.35,6.59,6.76,7.52,sa3024094
Tyson Guerrero,KCR,CPX,27,6.1,8.53,5.68,1.50,0.00,18.8%,12.5%,6.3%,.296,1.89,.381,61.5%,5.68,5.37,0.31,7.49,sa3017140
Angel Vizcaino,OAK,CPX,20,18.2,6.27,3.37,1.86,1.93,13.3%,7.1%,6.1%,.356,2.04,.386,52.2%,10.12,8.06,2.06,7.43,sa3068905
Brayan Restituyo,OAK,CPX,24,14.2,7.98,6.75,1.18,0.61,16.5%,13.9%,2.5%,.354,2.32,.431,59.0%,9.20,6.88,2.33,7.42,sa3015461
Kyle DeGroat,KCR,CPX,20,23.1,11.57,7.33,1.58,2.70,26.3%,16.7%,9.6%,.277,1.93,.333,58.0%,7.71,8.80,-1.09,7.39,sa3067388
Ryan Prager,CLE,CPX,23,4.0,9.00,6.75,1.33,0.00,21.1%,15.8%,5.3%,.067,1.00,.091,40.0%,4.50,5.90,-1.40,7.39,sa3040167
Matt Dunaway,SFG,CPX,27,3.0,9.00,6.00,1.50,0.00,17.6%,11.8%,5.9%,.357,2.33,.455,62.5%,9.00,5.90,3.10,7.39,sa3068824
Rolando Anzola,LAA,CPX,21,19.2,10.07,10.07,1.00,0.46,21.6%,21.6%,0.0%,.316,2.39,.429,57.9%,9.61,6.83,2.78,7.39,sa3021513
Francis Marte,OAK,CPX,20,18.0,8.50,6.00,1.42,1.00,20.0%,14.1%,5.9%,.214,1.50,.255,44.1%,6.50,6.96,-0.46,7.33,sa3022118
Javi Rivera,CIN,CPX,26,6.0,6.00,4.50,1.33,1.50,14.3%,10.7%,3.6%,.250,1.50,.263,81.4%,3.00,7.73,-4.73,7.31,sa3018184
Andres Herrera,COL,CPX,20,13.2,9.88,7.24,1.36,1.98,24.6%,18.0%,6.6%,.234,1.61,.276,67.3%,7.24,8.63,-1.39,7.31,sa3024456
Jeremy Gonzalez,CHW,CPX,21,29.2,9.40,5.76,1.63,0.30,20.5%,12.6%,7.9%,.299,1.92,.389,57.8%,7.58,5.68,1.91,7.30,sa3019086
Randy Baron,CLE,CPX,18,5.0,5.40,5.40,1.00,0.00,14.3%,14.3%,0.0%,.294,1.60,.357,77.8%,3.60,6.10,-2.50,7.29,sa3068349
Enyel Lopez,TEX,CPX,20,31.2,11.37,9.66,1.18,0.85,24.2%,20.6%,3.6%,.325,2.37,.458,48.8%,11.37,7.30,4.07,7.25,sa3067495
Jose Rengel,SFG,CPX,20,19.2,7.32,5.49,1.33,1.83,16.8%,12.6%,4.2%,.288,1.78,.317,67.9%,6.41,8.21,-1.80,7.23,sa3021790
Anthony Simonelli,KCR,CPX,27,9.0,7.00,4.00,1.75,5.00,17.5%,10.0%,7.5%,.306,1.67,.250,87.5%,8.00,11.90,-3.90,7.16,sa3017312
Ma'Kale Holden,MIL,CPX,19,37.2,10.99,8.84,1.24,0.72,25.0%,20.1%,4.9%,.232,1.86,.323,55.1%,8.12,6.84,1.29,7.15,sa3069244
Pedro Da Costa Lemos,SEA,CPX,23,4.0,6.75,6.75,1.00,0.00,18.8%,18.8%,0.0%,.083,1.00,.111,80.0%,0.00,6.40,-6.40,7.15,sa3016781
Angelo Smith,LAA,CPX,22,2.2,10.12,10.12,1.00,0.00,21.4%,21.4%,0.0%,.364,2.62,.500,71.4%,6.75,6.03,0.72,7.14,sa3060599
Edgar Alfonso,LAA,CPX,22,1.1,0.00,0.00,0.00,0.00,0.0%,0.0%,0.0%,.500,3.00,.500,50.0%,13.50,4.90,8.60,7.14,sa3015870
Jose G. Gonzalez,SFG,CPX,24,22.0,6.55,5.32,1.23,0.82,14.3%,11.6%,2.7%,.354,2.14,.410,55.1%,8.18,6.81,1.37,7.12,sa3016249
Johan Rodriguez,SFG,CPX,23,18.2,12.05,9.16,1.32,0.96,27.5%,20.9%,6.6%,.224,1.82,.325,82.9%,3.86,7.47,-3.61,7.12,sa3021807
Dailoui Abad,LAD,CPX,24,8.2,10.38,5.19,2.00,0.00,25.6%,12.8%,12.8%,.226,1.38,.333,46.7%,5.19,5.36,-0.17,7.08,sa3016027
Yan Mago,ARI,CPX,22,10.1,7.84,6.10,1.29,0.00,20.5%,15.9%,4.5%,.243,1.55,.321,50.0%,6.10,5.19,0.91,7.07,sa3019047
Julio Valdez,CHC,CPX,21,34.0,7.15,5.29,1.35,1.85,16.1%,11.9%,4.2%,.299,1.85,.327,61.2%,7.94,8.11,-0.17,7.05,sa3019687
Nelfri Payano,CIN,CPX,21,16.0,11.81,7.88,1.50,1.13,25.0%,16.7%,8.3%,.288,2.06,.395,61.4%,8.44,7.28,1.16,7.05,sa3019260
Kendry Castro,SFG,CPX,19,4.2,7.71,9.64,0.80,0.00,21.1%,26.3%,-5.3%,.071,1.29,.100,100.0%,0.00,6.40,-6.40,7.04,sa3024263
Will Johnston,OAK,CPX,25,4.0,2.25,2.25,1.00,0.00,6.3%,6.3%,0.0%,.200,1.00,.214,100.0%,0.00,5.15,-5.15,7.01,sa3022940
Jeronimo Palmeros,SDP,CPX,19,19.2,7.32,5.49,1.33,0.46,17.4%,13.0%,4.3%,.299,1.78,.367,71.0%,5.03,6.22,-1.19,7.00,sa3068635
Johan Cabeza,CIN,CPX,19,18.0,5.50,3.50,1.57,1.50,15.1%,9.6%,5.5%,.212,1.17,.212,65.5%,4.50,7.01,-2.51,7.00,sa3024075
Cristian Aray,SEA,CPX,19,28.1,6.99,4.45,1.57,0.32,18.5%,11.8%,6.7%,.168,1.09,.205,65.5%,3.81,5.71,-1.90,6.99,sa3024266
Quinn Priester,MIL,CPX,25,6.0,12.00,10.50,1.14,0.00,26.7%,23.3%,3.3%,.136,1.67,.214,63.6%,6.00,6.23,-0.23,6.98,25977
Sergio Villa,CIN,CPX,20,24.0,9.75,6.75,1.44,1.50,22.2%,15.4%,6.8%,.208,1.58,.242,50.8%,7.50,7.53,-0.03,6.97,sa3024200
Roberto Urdaneta,OAK,CPX,20,36.1,9.66,7.68,1.26,0.99,20.7%,16.5%,4.3%,.305,2.15,.387,53.1%,8.67,6.99,1.68,6.96,sa3021504
Fabian Gallardo,LAA,CPX,20,30.0,7.50,6.60,1.14,0.90,15.2%,13.3%,1.8%,.381,2.50,.450,49.5%,11.10,7.13,3.97,6.93,sa3024091
Joelvis Perez,CLE,CPX,21,24.0,10.88,5.63,1.93,1.13,24.6%,12.7%,11.9%,.290,1.83,.382,58.4%,7.50,6.36,1.14,6.91,sa3021511
Marwys Cabrera,KCR,CPX,20,29.2,8.49,6.67,1.27,0.91,18.9%,14.9%,4.1%,.252,1.79,.304,56.0%,6.67,6.86,-0.18,6.90,sa3021992
Joseph Herrera,SDP,CPX,20,11.0,8.18,7.36,1.11,0.00,20.0%,18.0%,2.0%,.175,1.45,.233,52.9%,6.55,5.81,0.74,6.89,sa3024471
Argenis Aparicio,MIL,CPX,20,18.2,8.20,5.30,1.55,2.41,19.1%,12.4%,6.7%,.247,1.61,.255,62.5%,5.30,8.49,-3.19,6.85,sa3021643
Wenderlyn King,MIL,CPX,20,6.2,9.45,5.40,1.75,2.70,22.6%,12.9%,9.7%,.222,1.50,.222,55.6%,5.40,8.50,-3.10,6.84,sa3024235
Anthony Astudillo,TEX,CPX,20,32.2,8.82,4.68,1.88,1.10,18.8%,10.0%,8.8%,.367,2.17,.450,50.4%,11.02,6.65,4.37,6.83,sa3025166
Davion Hickson,LAD,CPX,22,4.2,11.57,9.64,1.20,0.00,30.0%,25.0%,5.0%,.333,2.14,.556,80.0%,3.86,5.54,-1.69,6.82,sa3033771
Jose Taveras,LAD,CPX,20,16.0,9.56,6.19,1.55,1.13,21.5%,13.9%,7.6%,.299,1.94,.375,65.1%,5.06,6.65,-1.59,6.80,sa3068755
Raudy Rivera,CLE,CPX,21,14.1,15.07,10.67,1.41,2.51,32.4%,23.0%,9.5%,.214,2.02,.286,57.4%,8.79,8.95,-0.16,6.78,sa3021813
Jhon Almonte,LAA,CPX,19,47.2,7.55,6.42,1.18,0.76,18.4%,15.7%,2.8%,.282,1.74,.346,69.4%,5.85,7.02,-1.17,6.77,sa3067577
Adrian Rodriguez,TEX,CPX,25,4.0,13.50,9.00,1.50,0.00,28.6%,19.0%,9.5%,.353,2.50,.545,50.0%,11.25,4.90,6.35,6.76,sa3015385
Gabe Tanner,CHW,CPX,24,2.2,6.75,3.37,2.00,3.37,15.4%,7.7%,7.7%,.417,2.25,.444,65.2%,10.12,9.40,0.72,6.76,sa3077616
Jack Mathey,SDP,CPX,22,1.1,6.75,0.00,1.00,0.00,25.0%,0.0%,25.0%,.000,0.00,.000,100.0%,0.00,3.40,-3.40,6.76,sa3067286
Kevin Concepcion,COL,CPX,18,28.2,7.85,3.77,2.08,1.26,17.2%,8.3%,9.0%,.380,2.13,.450,62.3%,8.16,6.64,1.52,6.76,sa3068629
Joan Pena,MIL,CPX,18,39.0,10.85,6.69,1.62,0.46,24.7%,15.3%,9.5%,.248,1.74,.343,59.2%,4.85,5.70,-0.85,6.75,sa3068485
Ben Joyce,LAA,CPX,25,3.0,12.00,9.00,1.33,0.00,22.2%,16.7%,5.6%,.429,3.00,.600,70.0%,9.00,6.23,2.77,6.73,31461
Cristopher Aranguren,CHC,CPX,20,23.2,10.27,6.85,1.50,1.14,23.1%,15.4%,7.7%,.271,1.86,.348,58.4%,6.46,6.93,-0.46,6.73,sa3067583
Yatner Crisostomo,CLE,CPX,23,18.0,12.00,8.50,1.41,1.00,27.9%,19.8%,8.1%,.235,1.83,.333,57.7%,7.50,6.68,0.82,6.73,sa3021991
Diego Figueroa,KCR,CPX,20,9.0,9.00,7.00,1.29,0.00,16.7%,13.0%,3.7%,.340,2.56,.421,43.5%,5.00,5.23,-0.23,6.73,sa3068834
Reinder Gomez,CHW,CPX,19,30.1,10.68,6.23,1.71,1.19,25.5%,14.9%,10.6%,.234,1.55,.310,67.5%,5.34,7.21,-1.87,6.72,sa3068131
Maicol Reyes,TEX,CPX,21,23.0,13.30,10.57,1.26,1.17,26.6%,21.1%,5.5%,.280,2.39,.397,42.5%,12.13,7.29,4.84,6.70,sa3067441
Julio Gutierrez,KCR,CPX,21,24.0,9.38,7.13,1.32,0.38,21.2%,16.1%,5.1%,.271,1.88,.357,53.6%,6.00,6.11,-0.11,6.69,sa3022280
Cory Geinzer,TEX,CPX,19,17.2,12.74,7.13,1.79,2.55,25.5%,14.3%,11.2%,.300,2.15,.380,51.4%,8.15,8.81,-0.66,6.65,sa3069405
David Sanchez,ARI,CPX,19,47.0,5.94,4.02,1.48,0.96,14.8%,10.0%,4.8%,.283,1.57,.318,62.3%,5.17,6.43,-1.26,6.64,sa3024845
Eliezer Pena,COL,CPX,20,40.0,11.25,9.00,1.25,0.68,26.2%,20.9%,5.2%,.295,2.08,.430,69.2%,5.85,6.75,-0.90,6.63,sa3022119
Franco Zabaleta,OAK,CPX,19,50.0,9.00,5.58,1.61,1.08,19.9%,12.4%,7.6%,.321,1.98,.397,58.8%,7.74,6.80,0.94,6.61,sa3024242
Kelvin Rosario,ARI,CPX,19,27.2,12.04,5.86,2.06,1.30,25.9%,12.6%,13.3%,.306,1.99,.413,56.2%,7.16,6.49,0.67,6.61,sa3022128
Alejandro Chiquillo,TEX,CPX,23,4.2,9.64,3.86,2.50,0.00,22.7%,9.1%,13.6%,.316,1.71,.429,77.8%,3.86,4.69,-0.83,6.60,sa3024270
Michael Salina,SDP,CPX,22,2.1,15.43,7.71,2.00,0.00,28.6%,14.3%,14.3%,.417,3.00,.625,42.9%,15.43,4.04,11.39,6.60,sa3041443
Chaily Ramirez,CHC,CPX,21,31.0,11.03,6.10,1.81,0.58,25.9%,14.3%,11.6%,.298,1.87,.417,57.7%,7.26,5.51,1.74,6.60,sa3068111
Evelio Hernandez,CLE,CPX,22,17.0,9.53,6.35,1.50,2.65,21.4%,14.3%,7.1%,.324,2.06,.375,69.0%,7.94,8.90,-0.96,6.57,sa3019487
Naimer Rosario,ARI,CPX,19,25.0,9.72,4.68,2.08,1.08,23.3%,11.2%,12.1%,.235,1.48,.292,56.2%,5.76,5.98,-0.22,6.57,sa3024213
Raminel Almonte,ARI,CPX,19,29.1,10.43,4.91,2.13,1.84,24.5%,11.5%,12.9%,.314,1.81,.397,54.4%,8.90,7.39,1.51,6.56,sa3025380
Marco Eluscat,SDP,CPX,19,6.2,10.80,5.40,2.00,0.00,22.9%,11.4%,11.4%,.467,2.70,.636,36.8%,16.20,4.75,11.45,6.54,sa3025026
Keiber Armas,TEX,CPX,23,24.1,7.03,5.18,1.36,0.74,19.6%,14.4%,5.2%,.159,1.11,.180,91.3%,1.85,6.26,-4.41,6.54,sa3023848
Maximo Rodriguez,SEA,CPX,20,15.1,9.39,7.04,1.33,1.17,21.6%,16.2%,5.4%,.344,2.15,.442,60.9%,8.22,7.05,1.16,6.52,sa3067559
Luke Roupe,MIL,CPX,19,24.0,8.25,5.63,1.47,1.50,18.8%,12.8%,6.0%,.320,1.96,.378,55.3%,8.25,7.36,0.89,6.50,sa3069312
Erick Batista,SDP,CPX,20,35.2,11.36,8.07,1.41,0.50,26.9%,19.2%,7.8%,.267,1.88,.393,70.4%,5.30,6.13,-0.84,6.49,sa3022026
Kendry Garcia,CHW,CPX,22,24.0,10.88,7.13,1.53,0.75,27.1%,17.8%,9.3%,.161,1.38,.214,64.1%,4.13,6.07,-1.94,6.48,sa3076339
Fidel Montero,CHW,CPX,22,40.2,11.51,5.75,2.00,0.89,26.5%,13.3%,13.3%,.255,1.65,.352,52.6%,7.52,6.20,1.32,6.43,sa3015856
Franderly Morel,LAD,CPX,22,28.2,10.05,4.08,2.46,3.14,23.5%,9.6%,14.0%,.274,1.57,.293,64.9%,8.48,9.19,-0.71,6.43,sa3020980
Caleb Nieman,MIL,CPX,21,32.1,8.63,5.57,1.55,1.11,20.0%,12.9%,7.1%,.275,1.73,.333,58.8%,6.40,6.82,-0.42,6.41,sa3076303
Dioris De La Rosa,LAA,CPX,19,30.0,11.40,6.00,1.90,1.50,26.2%,13.8%,12.4%,.320,1.97,.430,47.3%,10.80,6.83,3.97,6.41,sa3024240
Geovanny Vasquez,CHC,CPX,22,22.1,12.90,9.27,1.39,0.00,27.4%,19.7%,7.7%,.267,2.10,.414,60.8%,4.84,5.66,-0.83,6.40,sa3023865
Jeremiah Estrada,SDP,CPX,27,1.0,0.00,0.00,0.00,0.00,0.0%,0.0%,0.0%,.000,0.00,.000,100.0%,0.00,4.90,-4.90,6.39,22210
Jeferson Villabona,SDP,CPX,25,1.0,0.00,0.00,0.00,9.00,0.0%,0.0%,0.0%,.500,2.00,.333,100.0%,9.00,17.90,-8.90,6.39,sa3068685
Bryce Schaum,MIL,CPX,23,1.0,0.00,0.00,0.00,0.00,0.0%,0.0%,0.0%,.333,1.00,.333,100.0%,0.00,4.90,-4.90,6.39,sa3077422
Luke Craig,ARI,CPX,24,4.1,10.38,6.23,1.67,2.08,20.0%,12.0%,8.0%,.409,2.77,.500,47.2%,12.46,7.67,4.79,6.39,sa3025433
Keisther Castillo,KCR,CPX,18,34.0,13.50,7.68,1.76,2.65,29.5%,16.8%,12.7%,.296,2.09,.395,62.7%,8.47,8.46,0.01,6.39,sa3068594
Jacob Wallace,CHC,CPX,27,2.0,13.50,4.50,3.00,0.00,33.3%,11.1%,22.2%,.250,1.50,.400,100.0%,0.00,3.40,-3.40,6.38,sa3010374
Fabian Ysalla,CHW,CPX,21,36.0,6.25,3.50,1.79,1.75,14.3%,8.0%,6.3%,.325,1.83,.352,50.7%,8.00,7.29,0.71,6.38,sa3021020
Jeury Espinal,ARI,CPX,19,38.0,7.58,4.26,1.78,0.95,17.8%,10.0%,7.8%,.296,1.71,.350,67.3%,5.45,6.24,-0.80,6.37,sa3024105
Isael Torres,ARI,CPX,20,19.2,9.61,6.86,1.40,0.92,23.1%,16.5%,6.6%,.243,1.68,.314,68.3%,5.49,6.68,-1.19,6.34,sa3068153
Ryan Reed,SDP,CPX,22,8.2,8.31,5.19,1.60,1.04,20.5%,12.8%,7.7%,.206,1.38,.240,66.0%,4.15,6.29,-2.13,6.33,sa3040535
Luis A. Reyes,CHC,CPX,22,7.2,12.91,10.57,1.22,0.00,30.6%,25.0%,5.6%,.148,1.70,.250,76.9%,3.52,5.55,-2.03,6.33,sa3019049
Derek Munoz,CLE,CPX,18,39.0,10.15,5.31,1.91,0.92,24.3%,12.7%,11.6%,.285,1.69,.379,59.3%,6.69,6.29,0.41,6.33,sa3069320
Marcos Pimentel,COL,CPX,19,21.2,9.14,4.15,2.20,0.83,20.0%,9.1%,10.9%,.361,2.08,.452,46.5%,10.80,5.87,4.93,6.32,sa3024085
Dony Aguilera,CIN,CPX,19,37.0,9.97,5.11,1.95,1.70,24.6%,12.6%,12.0%,.259,1.57,.316,58.6%,7.54,7.09,0.45,6.28,sa3024470
Carlos Martorella,COL,CPX,19,36.1,7.93,4.21,1.88,0.00,20.8%,11.0%,9.7%,.281,1.51,.369,64.9%,4.95,4.71,0.25,6.27,sa3024552
Lan-Hong Su,SDP,CPX,19,15.2,9.77,4.60,2.13,0.57,25.0%,11.8%,13.2%,.271,1.53,.366,76.3%,4.02,5.28,-1.26,6.26,sa3076261
Manuel Perez,OAK,CPX,20,22.1,10.88,5.64,1.93,2.82,25.2%,13.1%,12.1%,.275,1.75,.316,76.9%,6.04,8.71,-2.66,6.23,sa3019373
Yoesmerli Beltre,SDP,CPX,20,18.2,10.61,5.79,1.83,0.48,25.3%,13.8%,11.5%,.257,1.66,.353,68.6%,4.34,5.33,-0.99,6.23,sa3024876
Gilberto Lopez,TEX,CPX,22,24.0,9.00,4.50,2.00,1.88,20.9%,10.4%,10.4%,.303,1.75,.357,48.7%,8.25,7.61,0.64,6.21,sa3024782
Conner Whittaker,CLE,CPX,23,4.2,5.79,3.86,1.50,0.00,16.7%,11.1%,5.6%,.067,0.64,.083,100.0%,0.00,5.54,-5.54,6.18,sa3045152
Bridger Holmes,LAA,CPX,23,6.1,15.63,4.26,3.67,2.84,33.3%,9.1%,24.2%,.320,1.74,.500,60.6%,11.37,9.32,2.05,6.16,sa3025189
Connor Wilford,SEA,CPX,25,17.0,7.41,3.18,2.33,0.53,19.2%,8.2%,11.0%,.219,1.18,.265,83.3%,2.65,5.61,-2.96,6.16,sa3077601
Efrain Cubilla,COL,CPX,21,39.2,7.94,4.08,1.94,0.91,19.8%,10.2%,9.6%,.289,1.61,.350,58.2%,5.67,5.81,-0.14,6.15,sa3024289
Luke Mensik,SFG,CPX,18,40.1,9.60,4.46,2.15,1.12,21.6%,10.1%,11.6%,.306,1.81,.384,51.4%,6.25,6.31,-0.07,6.14,sa3069311
Samuel Gonzalez,OAK,CPX,19,2.0,4.50,0.00,1.00,0.00,14.3%,0.0%,14.3%,.286,1.00,.333,100.0%,0.00,3.90,-3.90,6.14,sa3024117
Luke LaCourse,LAA,CPX,19,41.0,9.44,3.95,2.39,0.44,22.2%,9.3%,12.9%,.308,1.73,.402,56.8%,7.24,5.05,2.20,6.12,sa3069283
Alex Faedo,LAA,CPX,30,5.1,8.44,3.38,2.50,3.38,21.7%,8.7%,13.0%,.143,0.94,.071,45.5%,5.06,9.03,-3.96,6.11,19874
Alberto Toribio,KCR,CPX,19,15.1,9.98,4.11,2.43,1.17,23.9%,9.9%,14.1%,.317,1.76,.409,75.4%,5.28,5.94,-0.66,6.10,sa3025239
Rob Zastryzny,MIL,CPX,34,1.2,10.80,5.40,2.00,0.00,25.0%,12.5%,12.5%,.286,1.80,.400,33.3%,10.80,4.30,6.50,6.09,15094
Roiger Mujica,LAD,CPX,20,9.1,16.39,12.54,1.31,0.00,36.2%,27.7%,8.5%,.176,2.04,.353,57.9%,6.75,5.44,1.31,6.08,sa3018863
Oswal Rodriguez,KCR,CPX,21,26.2,10.12,5.06,2.00,2.02,23.4%,11.7%,11.7%,.287,1.72,.347,68.1%,6.75,7.83,-1.08,6.08,sa3024953
Irvin Gonzalez,CIN,CPX,20,27.1,9.55,4.94,1.93,0.33,25.0%,12.9%,12.1%,.216,1.32,.299,64.8%,4.94,5.34,-0.40,6.06,sa3021995
Dusty Revis,CIN,CPX,22,12.0,12.75,6.75,1.89,0.75,28.3%,15.0%,13.3%,.347,2.17,.516,63.9%,8.25,5.90,2.35,6.06,sa3040639
Caleb Franzen,SEA,CPX,25,7.0,10.29,5.14,2.00,1.29,21.6%,10.8%,10.8%,.424,2.57,.542,54.2%,10.29,6.19,4.10,6.03,sa3020531
Adriano Marrero,LAD,CPX,18,23.2,10.65,6.08,1.75,0.00,25.2%,14.4%,10.8%,.213,1.48,.311,63.4%,4.94,5.32,-0.38,6.02,sa3068503
Max Poirier,KCR,CPX,19,26.1,7.52,4.78,1.57,1.37,18.2%,11.6%,6.6%,.257,1.56,.291,53.5%,6.49,7.03,-0.53,6.02,sa3076392
Ben Abeldt,TEX,CPX,22,40.2,10.40,5.75,1.81,1.11,27.3%,15.1%,12.2%,.194,1.33,.250,59.2%,5.31,6.25,-0.94,6.01,sa3025700
Ricardo Yan,ARI,CPX,23,8.2,11.42,6.23,1.83,0.00,25.0%,13.6%,11.4%,.270,1.85,.385,52.9%,7.27,4.79,2.48,5.99,sa3016056
Felix Doroteo,CHW,CPX,21,18.0,12.00,5.50,2.18,1.00,29.6%,13.6%,16.0%,.194,1.33,.268,62.0%,4.50,6.01,-1.51,5.98,sa3076301
Tommy Case,LAD,CPX,18,20.0,10.80,5.85,1.85,0.90,24.5%,13.3%,11.2%,.286,1.85,.379,39.8%,6.75,5.90,0.85,5.94,sa3076423
Nien-Hsi Yang,SFG,CPX,19,13.1,9.45,4.05,2.33,0.68,24.1%,10.3%,13.8%,.235,1.35,.306,79.5%,3.38,5.35,-1.98,5.94,sa3068860
Jhan Almeida,CIN,CPX,21,23.1,10.41,5.40,1.93,0.39,25.2%,13.1%,12.1%,.258,1.59,.361,63.1%,5.01,5.46,-0.44,5.92,sa3024237
Yeremmy Cabeza,COL,CPX,22,5.0,9.00,1.80,5.00,0.00,25.0%,5.0%,20.0%,.176,0.80,.250,100.0%,0.00,4.70,-4.70,5.89,sa3024202
Ryan Slater,SFG,CPX,24,2.0,9.00,4.50,2.00,0.00,22.2%,11.1%,11.1%,.125,1.00,.167,0.0%,0.00,4.40,-4.40,5.89,sa3042417
Bjay Cooke,OAK,CPX,23,1.0,9.00,0.00,1.00,0.00,33.3%,0.0%,33.3%,.000,0.00,.000,100.0%,0.00,2.90,-2.90,5.88,sa3019807
Abel Lorenzo,LAD,CPX,20,1.0,9.00,0.00,1.00,0.00,25.0%,0.0%,25.0%,.250,1.00,.333,100.0%,0.00,2.90,-2.90,5.88,sa3021831
Kannon Kemp,SDP,CPX,21,5.2,6.35,4.76,1.33,1.59,14.3%,10.7%,3.6%,.320,1.94,.350,52.1%,9.53,7.37,2.16,5.87,sa3067314
Darien Smith,SFG,CPX,26,5.2,6.35,3.18,2.00,0.00,16.7%,8.3%,8.3%,.227,1.24,.278,42.9%,3.18,4.55,-1.37,5.86,sa3067264
Felix Castro,OAK,CPX,22,4.2,11.57,5.79,2.00,1.93,25.0%,12.5%,12.5%,.333,2.14,.429,34.9%,11.57,7.04,4.53,5.86,sa3018361
Will Sanders,CHC,CPX,24,3.2,12.27,4.91,2.50,0.00,22.7%,9.1%,13.6%,.526,3.27,.714,38.5%,19.64,4.63,15.01,5.85,sa3023508
Jonaikel Meza,CLE,CPX,19,14.2,10.43,3.68,2.83,1.23,23.3%,8.2%,15.1%,.328,1.84,.422,47.8%,6.75,6.20,0.55,5.85,sa3024849
Will Mabrey,ARI,CPX,25,5.1,8.44,6.75,1.25,0.00,20.0%,16.0%,4.0%,.190,1.50,.250,37.5%,3.38,5.28,-1.90,5.83,sa3020709
Luis Ghisays,CHC,CPX,20,26.0,9.69,4.50,2.15,1.38,23.1%,10.7%,12.4%,.262,1.58,.320,57.7%,6.23,6.36,-0.13,5.80,sa3024474
Teddy McGraw,SEA,CPX,24,5.0,5.40,3.60,1.50,0.00,15.0%,10.0%,5.0%,.278,1.40,.333,85.7%,1.80,4.90,-3.10,5.80,sa3025220
Ryan Jensen,CHC,CPX,28,1.2,0.00,0.00,0.00,0.00,0.0%,0.0%,0.0%,.000,0.00,.000,100.0%,0.00,4.90,-4.90,5.80,sa3011496
Justin Fuson,CHW,CPX,26,44.0,9.61,3.68,2.61,1.64,22.8%,8.7%,14.1%,.308,1.70,.377,55.4%,6.95,6.56,0.39,5.79,sa3076406
Neiker Palacios,ARI,CPX,19,24.2,9.12,4.74,1.92,0.36,23.1%,12.0%,11.1%,.215,1.34,.284,62.5%,3.28,5.22,-1.94,5.79,sa3068727
Alexander Fuentes,SFG,CPX,21,18.0,15.50,7.00,2.21,1.50,36.0%,16.3%,19.8%,.214,1.61,.333,74.6%,4.00,6.29,-2.29,5.78,sa3024072
Denis Samudio,KCR,CPX,21,5.2,7.94,3.18,2.50,1.59,20.8%,8.3%,12.5%,.136,0.88,.125,0.0%,3.18,6.49,-3.31,5.77,sa3068497
Griffin Herring,COL,CPX,23,8.0,11.25,5.63,2.00,0.00,30.3%,15.2%,15.2%,.179,1.25,.278,60.0%,2.25,4.28,-2.03,5.77,sa3033707
Adrian Belen,KCR,CPX,21,34.2,11.94,3.89,3.07,2.60,30.3%,9.9%,20.4%,.248,1.38,.299,73.7%,6.23,7.64,-1.41,5.74,sa3024795
Freddy Rodriguez,CHC,CPX,22,38.1,10.10,3.99,2.53,0.23,25.7%,10.2%,15.6%,.218,1.28,.301,69.2%,3.76,4.56,-0.80,5.74,sa3040979
Erian Rodriguez,CHC,CPX,24,5.1,10.13,5.06,2.00,0.00,19.4%,9.7%,9.7%,.393,2.63,.500,35.7%,13.50,4.34,9.16,5.74,sa3019625
Anthony Karoly,SEA,CPX,22,5.1,10.13,5.06,2.00,0.00,31.6%,15.8%,15.8%,.063,0.75,.100,75.0%,1.69,4.34,-2.65,5.74,sa3069401
Carlos De La Rosa,SFG,CPX,18,44.0,9.61,5.52,1.74,0.41,23.4%,13.4%,10.0%,.299,1.80,.400,60.4%,6.55,5.20,1.35,5.72,sa3068459
Daury Vasquez,ARI,CPX,20,12.2,10.66,4.26,2.50,0.71,28.3%,11.3%,17.0%,.200,1.18,.276,44.9%,7.11,5.45,1.65,5.72,sa3021767
Wikelman González,CHW,CPX,24,3.0,12.00,3.00,4.00,3.00,28.6%,7.1%,21.4%,.308,1.67,.375,27.8%,12.00,7.57,4.43,5.72,26641
Dylan Carmouche,CHW,CPX,24,17.2,12.74,4.58,2.78,1.53,30.9%,11.1%,19.8%,.324,1.81,.465,48.6%,8.15,5.98,2.17,5.71,sa3023412
Mason Marriott,ARI,CPX,23,3.2,7.36,2.45,3.00,4.91,18.8%,6.3%,12.5%,.333,1.64,.300,93.8%,7.36,11.17,-3.81,5.71,sa3025505
Jesus Oliveira,KCR,CPX,21,32.1,14.20,6.96,2.04,1.39,33.8%,16.6%,17.2%,.250,1.73,.382,64.7%,6.40,6.26,0.14,5.68,sa3023051
Chen-Hsun Lee,SFG,CPX,24,24.2,11.31,4.74,2.38,1.09,28.4%,11.9%,16.5%,.221,1.38,.295,64.9%,5.47,5.67,-0.20,5.66,sa3022527
Diego Lanzosa,TEX,CPX,20,30.2,9.98,4.11,2.43,0.59,27.6%,11.4%,16.3%,.187,1.11,.254,66.3%,3.23,5.10,-1.87,5.66,sa3068648
Ismael Luciano,COL,CPX,23,19.2,12.36,6.86,1.80,0.46,30.7%,17.0%,13.6%,.208,1.53,.318,84.5%,2.75,5.26,-2.51,5.66,sa3016227
Manuel Osorio,CLE,CPX,20,35.1,10.70,4.58,2.33,1.27,27.6%,11.8%,15.8%,.246,1.44,.322,61.4%,4.33,5.89,-1.56,5.66,sa3021772
Brayan Narvaez,SFG,CPX,21,38.2,8.61,2.56,3.36,1.16,23.0%,6.8%,16.1%,.238,1.19,.286,59.5%,4.89,5.75,-0.87,5.65,sa3022133
Chris Campos,LAD,CPX,25,2.0,13.50,9.00,1.50,0.00,42.9%,28.6%,14.3%,.000,1.00,.000,100.0%,0.00,4.90,-4.90,5.65,sa3020396
Luis Martinez-Gomez,CHC,CPX,23,6.0,9.00,3.00,3.00,1.50,23.1%,7.7%,15.4%,.227,1.17,.267,65.8%,3.00,7.07,-4.07,5.65,sa3023285
Edelvis Perez,CLE,CPX,21,24.0,11.25,5.25,2.14,1.13,28.8%,13.5%,15.4%,.193,1.29,.255,86.8%,2.63,6.03,-3.40,5.64,sa3024783
Francisco Pazos,SEA,CPX,20,20.0,8.10,2.70,3.00,0.45,23.4%,7.8%,15.6%,.186,0.95,.235,75.3%,1.80,4.80,-3.00,5.64,sa3022380
Jose T. Perez,SFG,CPX,22,22.0,14.73,6.55,2.25,0.82,35.3%,15.7%,19.6%,.214,1.55,.348,78.3%,4.09,5.26,-1.17,5.64,sa3017966
Jubrayker Salaya,CHC,CPX,19,28.0,10.93,4.82,2.27,0.32,27.2%,12.0%,15.2%,.259,1.54,.370,50.5%,6.11,4.76,1.35,5.63,sa3069144
Ryan Och,SDP,CPX,27,4.1,12.46,4.15,3.00,2.08,28.6%,9.5%,19.0%,.333,1.85,.455,39.5%,12.46,7.21,5.25,5.59,sa3017146
Isaiah Coupet,COL,CPX,23,7.1,9.82,3.68,2.67,1.23,28.6%,10.7%,17.9%,.125,0.82,.133,89.3%,1.23,6.13,-4.90,5.58,sa3023156
Jack O'Connor,LAD,CPX,22,22.0,12.27,4.91,2.50,1.23,29.7%,11.9%,17.8%,.256,1.55,.358,57.9%,6.95,5.99,0.96,5.57,sa3039026
Cesar Espinal,MIL,CPX,20,21.1,10.55,5.48,1.92,1.27,28.7%,14.9%,13.8%,.216,1.36,.283,60.5%,4.64,6.21,-1.57,5.57,sa3019192
Richard Fernandez,OAK,CPX,23,20.0,13.50,6.30,2.14,0.90,32.3%,15.1%,17.2%,.213,1.50,.326,57.7%,6.75,5.90,0.85,5.57,sa3018898
Yoendris Gonzalez,CHC,CPX,23,6.2,12.15,2.70,4.50,1.35,31.0%,6.9%,24.1%,.167,0.90,.214,92.1%,2.70,6.40,-3.70,5.57,sa3020334
Gregory Santos,SFG,CPX,26,3.0,6.00,3.00,2.00,0.00,16.7%,8.3%,8.3%,.182,1.00,.222,66.7%,3.00,4.57,-1.57,5.56,21894
Ryan McDonagh,KCR,CPX,20,21.0,8.57,2.57,3.33,0.86,24.1%,7.2%,16.9%,.184,0.95,.222,71.4%,2.57,5.23,-2.66,5.56,sa3067438
A.J. Puk,ARI,CPX,31,3.0,6.00,0.00,2.00,0.00,22.2%,0.0%,22.2%,.222,0.67,.286,100.0%,0.00,3.57,-3.57,5.56,19343
Xavier Mitchell,LAA,CPX,19,24.1,14.79,8.51,1.74,1.11,31.7%,18.3%,13.5%,.265,2.05,.407,44.9%,9.99,6.17,3.81,5.55,sa3069301
Will Hynes,CLE,CPX,18,38.0,7.58,3.08,2.46,0.95,18.6%,7.6%,11.0%,.306,1.61,.364,62.7%,5.21,5.77,-0.56,5.54,sa3069263
Jake Barbee,TEX,CPX,19,14.1,11.30,5.65,2.00,0.63,26.5%,13.2%,13.2%,.271,1.74,.375,38.1%,9.42,5.18,4.24,5.52,sa3069299
Peter Bonilla,LAD,CPX,21,20.1,15.49,7.97,1.94,0.89,37.2%,19.1%,18.1%,.173,1.52,.289,75.3%,3.98,5.54,-1.56,5.51,sa3018850
Moises Amezquita,KCR,CPX,21,30.0,6.30,3.90,1.62,0.00,17.2%,10.7%,6.6%,.202,1.17,.250,71.4%,2.40,4.80,-2.40,5.50,sa3022203
Moises Meza,COL,CPX,20,26.0,7.96,3.12,2.56,1.04,20.5%,8.0%,12.5%,.245,1.31,.289,58.4%,5.19,5.79,-0.59,5.49,sa3023822
Braden Osbolt,CIN,CPX,21,26.2,7.76,2.02,3.83,1.35,18.3%,4.8%,13.5%,.353,1.80,.413,55.3%,7.76,5.91,1.85,5.47,sa3039231
Hayden Wynja,SFG,CPX,27,10.2,12.66,4.22,3.00,1.69,31.3%,10.4%,20.8%,.279,1.59,.385,70.4%,5.91,5.93,-0.03,5.45,sa3020464
Rob Kaminsky,LAA,CPX,31,6.1,11.37,7.11,1.60,0.00,26.7%,16.7%,10.0%,.200,1.58,.294,70.0%,2.84,4.74,-1.90,5.45,15792
Trey Seeley,SFG,CPX,24,9.0,11.00,4.00,2.75,1.00,26.2%,9.5%,16.7%,.289,1.67,.385,44.1%,7.00,5.23,1.77,5.45,sa3069394
Andres Cova,LAA,CPX,21,22.2,13.90,7.15,1.94,0.40,34.0%,17.5%,16.5%,.238,1.68,.396,69.1%,4.37,4.90,-0.53,5.45,sa3024530
Wuilliams Rodriguez,SEA,CPX,22,32.0,12.94,5.06,2.56,2.25,31.9%,12.5%,19.4%,.218,1.41,.271,83.8%,3.09,7.15,-4.06,5.44,sa3019672
Vitico Valdez,ARI,CPX,22,8.1,9.72,5.40,1.80,0.00,24.3%,13.5%,10.8%,.344,1.92,.478,62.5%,6.48,4.54,1.94,5.44,sa3017472
Mikey Cascino,LAA,CPX,19,48.1,10.99,4.28,2.57,0.74,24.8%,9.7%,15.1%,.308,1.82,.412,49.8%,7.63,5.21,2.42,5.43,sa3069304
Itsuki Takemoto,OAK,CPX,22,5.2,9.53,3.18,3.00,0.00,25.0%,8.3%,16.7%,.364,1.76,.500,60.0%,4.76,3.84,0.92,5.42,sa3043475
Erigaldi Perez,CLE,CPX,20,32.1,10.58,3.34,3.17,0.28,27.0%,8.5%,18.4%,.278,1.45,.391,63.8%,3.62,4.34,-0.73,5.42,sa3023812
Roberto Perez,SEA,CPX,22,45.2,8.28,1.97,4.20,0.00,23.1%,5.5%,17.6%,.202,0.96,.270,66.7%,2.56,3.98,-1.42,5.42,sa3023703
Joey Broughton,MIL,CPX,20,14.1,11.30,5.02,2.25,0.63,28.1%,12.5%,15.6%,.255,1.53,.361,69.4%,1.88,5.18,-3.30,5.42,sa3076308
Argenis Cayama,SFG,CPX,19,7.0,6.43,1.29,5.00,0.00,17.2%,3.4%,13.8%,.231,1.00,.286,66.7%,3.86,4.76,-0.90,5.40,sa3025006
Chase Bentley,MIL,CPX,19,39.0,11.08,4.15,2.67,2.08,28.6%,10.7%,17.9%,.215,1.28,.250,70.3%,4.85,6.90,-2.05,5.39,sa3069243
Florangel Vasquez,SDP,CPX,20,30.1,12.46,3.26,3.82,1.19,31.1%,8.1%,23.0%,.252,1.35,.356,69.3%,5.04,5.43,-0.38,5.39,sa3067618
Yorman Gómez,CLE,CPX,23,10.1,12.19,4.35,2.80,0.00,31.8%,11.4%,20.5%,.263,1.45,.417,56.3%,6.10,3.93,2.16,5.38,sa3015931
Seong-Jun Kim,TEX,CPX,19,8.2,10.38,5.19,2.00,0.00,27.0%,13.5%,13.5%,.194,1.27,.286,75.0%,1.04,4.67,-3.63,5.36,sa3069132
Brody McCullough,CHC,CPX,26,4.2,15.43,9.64,1.60,0.00,33.3%,20.8%,12.5%,.211,1.93,.364,55.6%,7.71,4.69,3.03,5.33,sa3020599
Augie Mojica,ARI,CPX,21,17.2,9.17,1.53,6.00,0.51,25.0%,4.2%,20.8%,.197,0.91,.255,68.2%,3.06,4.62,-1.56,5.32,sa3068592
Josh Staumont,CIN,CPX,32,3.2,14.73,4.91,3.00,0.00,33.3%,11.1%,22.2%,.200,1.36,.333,16.7%,2.45,4.08,-1.63,5.30,18335
Marcos Herrera,COL,CPX,21,22.1,10.88,5.64,1.93,1.21,26.5%,13.7%,12.7%,.267,1.66,.357,69.0%,4.84,6.38,-1.54,5.30,sa3019261
Miguel Neira,TEX,CPX,21,16.0,12.94,3.38,3.83,2.25,31.9%,8.3%,23.6%,.277,1.50,.368,61.9%,6.19,6.59,-0.40,5.30,sa3068956
Daniel Ouderkirk,SEA,CPX,26,1.1,13.50,6.75,2.00,0.00,28.6%,14.3%,14.3%,.333,2.25,.500,66.7%,6.75,4.15,2.60,5.27,sa3023154
Jordan Valenzuela,SDP,CPX,21,19.0,16.11,9.00,1.79,0.00,39.5%,22.1%,17.4%,.167,1.58,.344,77.4%,2.84,4.48,-1.64,5.26,sa3021820
Jacob Stretch,TEX,CPX,23,13.1,14.18,6.75,2.10,1.35,32.8%,15.6%,17.2%,.259,1.80,.387,47.2%,8.78,5.95,2.82,5.23,sa3068935
Blake Larson,CHW,CPX,20,4.2,17.36,7.71,2.25,0.00,39.1%,17.4%,21.7%,.222,1.71,.444,22.2%,5.79,4.26,1.53,5.22,sa3069438
Joel Cruz,LAD,CPX,22,39.0,10.85,3.69,2.94,0.69,26.3%,8.9%,17.3%,.277,1.54,.376,55.2%,3.92,5.03,-1.11,5.21,sa3023819
Marlon Franco,SFG,CPX,23,39.0,10.85,2.77,3.92,0.69,26.0%,6.6%,19.3%,.319,1.64,.434,54.7%,7.15,4.87,2.28,5.21,sa3016242
Leandro Rodriguez,SFG,CPX,20,47.1,11.03,2.09,5.27,0.57,30.1%,5.7%,24.4%,.222,1.06,.313,61.8%,4.18,4.35,-0.17,5.20,sa3067623
Connor Foley,ARI,CPX,22,5.0,16.20,7.20,2.25,3.60,42.9%,19.0%,23.8%,.188,1.40,.200,57.7%,9.00,9.50,-0.50,5.20,sa3031511
Blake Cederlind,ARI,CPX,30,6.2,6.75,1.35,5.00,0.00,16.1%,3.2%,12.9%,.400,1.95,.480,53.8%,6.75,3.85,2.90,5.19,20344
Luis Maracara,SDP,CPX,18,16.2,12.42,2.70,4.60,2.70,30.3%,6.6%,23.7%,.271,1.44,.333,55.6%,5.94,7.12,-1.18,5.19,sa3024260
Odarlin Cruz,COL,CPX,21,31.2,11.08,2.84,3.90,1.14,28.1%,7.2%,20.9%,.242,1.26,.321,68.5%,4.55,5.50,-0.95,5.18,sa3021814
Alberto Pacheco,COL,CPX,23,11.1,11.91,5.56,2.14,0.79,30.0%,14.0%,16.0%,.238,1.50,.346,96.4%,1.59,5.52,-3.93,5.16,sa3015421
Marco Vega,LAA,CPX,21,23.1,11.57,3.86,3.00,0.77,30.6%,10.2%,20.4%,.250,1.37,.357,68.5%,4.63,4.73,-0.10,5.15,sa3019486
Owen Holt,CIN,CPX,27,2.0,9.00,4.50,2.00,0.00,25.0%,12.5%,12.5%,.000,0.50,.000,100.0%,0.00,4.40,-4.40,5.15,sa3017861
Jaxon Wiggins,CHC,CPX,24,2.0,9.00,4.50,2.00,0.00,22.2%,11.1%,11.1%,.375,2.00,.500,50.0%,4.50,4.40,0.10,5.15,sa3023635
Jayden Dubanewicz,MIL,CPX,20,4.0,9.00,2.25,4.00,0.00,25.0%,6.3%,18.8%,.333,1.50,.455,66.7%,2.25,3.65,-1.40,5.14,sa3067382
Wilfred Alvarado,OAK,CPX,20,19.1,11.17,5.12,2.18,0.93,29.6%,13.6%,16.0%,.186,1.24,.250,70.8%,3.26,5.47,-2.21,5.13,sa3020990
Carlton Perkins,CHW,CPX,23,7.0,15.43,7.71,2.00,0.00,40.0%,20.0%,20.0%,.091,1.14,.200,80.0%,2.57,4.90,-2.33,5.11,sa3022740
Griffin Tobias,MIL,CPX,20,5.0,7.20,1.80,4.00,0.00,18.2%,4.5%,13.6%,.286,1.40,.353,71.4%,1.80,3.90,-2.10,5.09,sa3067389
Jesus Mendez,CHW,CPX,21,7.2,14.09,3.52,4.00,1.17,28.6%,7.1%,21.4%,.389,2.22,.565,53.8%,11.74,5.81,5.93,5.09,sa3019295
Anderson Cardenas,ARI,CPX,20,38.0,12.08,3.79,3.19,0.24,32.3%,10.1%,22.2%,.187,1.11,.287,68.8%,3.08,4.06,-0.98,5.09,sa3020991
Corey Braun,OAK,CPX,23,2.2,6.75,3.37,2.00,0.00,15.4%,7.7%,7.7%,.333,1.87,.400,80.0%,3.37,4.53,-1.15,5.08,sa3027612
Jose Cabrera,LAD,CPX,21,5.1,16.88,8.44,2.00,0.00,40.0%,20.0%,20.0%,.200,1.69,.400,44.4%,8.44,3.96,4.47,5.08,sa3024078
Dariel Polanco,SDP,CPX,20,42.2,11.18,3.16,3.53,1.69,28.5%,8.1%,20.4%,.276,1.45,.358,77.2%,4.22,5.98,-1.76,5.08,sa3022419
Reid Clague,CIN,CPX,19,18.2,11.57,4.34,2.67,0.96,30.0%,11.3%,18.8%,.261,1.45,.372,68.7%,4.34,5.49,-1.15,5.06,sa3077200
Marlon Nieves,LAD,CPX,21,3.0,15.00,0.00,5.00,0.00,31.3%,0.0%,31.3%,.333,1.67,.500,50.0%,3.00,2.57,0.43,5.05,sa3021567
Brandon Woodruff,MIL,CPX,33,3.2,12.27,4.91,2.50,0.00,29.4%,11.8%,17.6%,.333,1.91,.500,57.1%,7.36,3.81,3.55,5.03,16162
Angel Cruz,LAD,CPX,21,7.2,18.78,7.04,2.67,0.00,42.1%,15.8%,26.3%,.200,1.57,.429,78.6%,2.35,3.86,-1.51,5.02,sa3020988
Jacob Johnson,TEX,CPX,20,25.1,11.72,5.68,2.06,0.00,31.1%,15.1%,16.0%,.170,1.22,.273,72.7%,2.84,4.43,-1.58,5.02,sa3069384
Josiah Romeo,OAK,CPX,20,17.1,8.83,3.63,2.43,1.04,22.4%,9.2%,13.2%,.239,1.33,.292,72.1%,1.04,6.00,-4.96,5.01,sa3067315
Josehp Marte,LAD,CPX,21,22.1,11.69,4.03,2.90,0.81,29.3%,10.1%,19.2%,.247,1.39,.352,55.9%,6.04,5.35,0.70,4.99,sa3024284
Renil Ramos,CLE,CPX,20,5.2,7.94,3.18,2.50,0.00,29.4%,11.8%,17.6%,.133,0.71,.200,100.0%,0.00,4.19,-4.19,4.98,sa3022124
Josh Knoth,MIL,CPX,20,6.0,12.00,6.00,2.00,0.00,30.8%,15.4%,15.4%,.182,1.33,.286,62.5%,4.50,4.23,0.27,4.98,sa3023420
Ryan Degges,CLE,CPX,23,6.1,11.37,4.26,2.67,0.00,30.8%,11.5%,19.2%,.217,1.26,.333,100.0%,0.00,3.80,-3.80,4.97,sa3030027
Josh Owens,TEX,CPX,19,20.2,10.45,3.05,3.43,0.00,27.0%,7.9%,19.1%,.296,1.50,.421,75.0%,3.48,3.74,-0.26,4.97,sa3069169
Harrison Bodendorf,CLE,CPX,22,7.1,13.50,3.68,3.67,1.23,31.4%,8.6%,22.9%,.333,1.77,.500,66.2%,4.91,5.72,-0.81,4.96,sa3027303
Cameron Nohos,SDP,CPX,23,37.2,13.86,4.78,2.90,0.24,32.4%,11.2%,21.2%,.263,1.62,.412,55.9%,6.21,4.00,2.21,4.96,sa3069180
Victor Zarraga,CHC,CPX,22,9.0,8.00,5.00,1.60,0.00,21.6%,13.5%,8.1%,.281,1.56,.375,71.4%,4.00,4.79,-0.79,4.96,sa3067535
Diustin Mayorquin,MIL,CPX,18,34.2,10.38,2.60,4.00,1.30,27.0%,6.8%,20.3%,.287,1.41,.374,65.9%,4.93,5.51,-0.57,4.92,sa3068487
Dilan Fernandez,SFG,CPX,21,0.1,0.00,0.00,0.00,0.00,0.0%,0.0%,0.0%,.500,3.00,.500,0.0%,27.00,4.90,22.10,4.90,sa3023688
Cesar Lugo,CHC,CPX,19,0.1,0.00,0.00,0.00,0.00,0.0%,0.0%,0.0%,.000,0.00,.000,100.0%,0.00,4.90,-4.90,4.90,sa3024319
Aaron Savary,CLE,CPX,21,0.2,0.00,0.00,0.00,0.00,0.0%,0.0%,0.0%,.500,1.50,.500,100.0%,0.00,4.90,-4.90,4.90,sa3041614
Michael Fowler,MIL,CPX,23,3.0,9.00,6.00,1.50,0.00,23.1%,15.4%,7.7%,.182,1.33,.250,100.0%,0.00,4.90,-4.90,4.90,sa3069077
Dylan Wilson,SEA,CPX,20,45.1,12.11,3.97,3.05,0.60,29.9%,9.8%,20.1%,.222,1.32,.319,61.9%,4.37,4.66,-0.29,4.88,sa3021017
Michael Braswell III,KCR,CPX,23,29.0,11.79,1.55,7.60,0.93,30.4%,4.0%,26.4%,.256,1.21,.355,62.1%,5.28,4.45,0.82,4.86,sa3076271
Po-Chun Lin,SEA,CPX,19,45.0,11.80,3.40,3.47,0.80,30.4%,8.8%,21.6%,.247,1.33,.351,61.0%,5.00,4.77,0.23,4.84,sa3069437
Jhon Cabral,CHC,CPX,20,5.2,20.65,11.12,1.86,1.59,44.8%,24.1%,20.7%,.227,2.12,.500,37.7%,11.12,6.31,4.81,4.81,sa3019299
Bryan Salgado,CIN,CPX,19,5.0,12.60,3.60,3.50,1.80,31.8%,9.1%,22.7%,.300,1.60,.417,75.8%,5.40,5.90,-0.50,4.79,sa3024104
Kohl Franklin,CHC,CPX,26,4.0,9.00,0.00,4.00,0.00,30.8%,0.0%,30.8%,.083,0.25,.125,100.0%,0.00,3.65,-3.65,4.77,sa3008335
Caden Scarborough,TEX,CPX,21,4.0,9.00,2.25,4.00,0.00,21.1%,5.3%,15.8%,.444,2.25,.571,55.6%,6.75,3.65,3.10,4.77,sa3025060
CJ Gray,LAA,CPX,19,26.1,12.99,4.44,2.92,0.34,32.2%,11.0%,21.2%,.210,1.29,.328,61.2%,4.44,4.56,-0.12,4.74,sa3069276
Jhon Rosario,CHC,CPX,21,10.0,13.50,2.70,5.00,0.00,33.3%,6.7%,26.7%,.275,1.40,.440,62.5%,4.50,3.40,1.10,4.74,sa3023698
Adler Cecil,SDP,CPX,21,41.1,15.24,4.79,3.18,1.09,39.3%,12.4%,27.0%,.197,1.26,.325,63.3%,4.79,4.97,-0.18,4.74,sa3023600
Luis Germán,SDP,CPX,24,7.0,11.57,3.86,3.00,0.00,39.1%,13.0%,26.1%,.050,0.57,.091,100.0%,0.00,3.61,-3.61,4.68,sa3019658
Rocco Reid,ARI,CPX,23,2.1,15.43,3.86,4.00,0.00,30.8%,7.7%,23.1%,.417,2.57,.625,66.7%,7.71,2.76,4.96,4.68,sa3025546
Josnier Parra,OAK,CPX,24,11.1,11.12,3.18,3.50,0.79,29.2%,8.3%,20.8%,.227,1.24,.310,79.4%,3.18,4.64,-1.46,4.67,sa3021488
Taijuan Walker,LAA,CPX,33,6.1,8.53,1.42,6.00,0.00,23.1%,3.8%,19.2%,.240,1.11,.316,71.4%,1.42,3.48,-2.06,4.66,11836
Jack Mahoney,COL,CPX,24,2.0,4.50,0.00,1.00,0.00,14.3%,0.0%,14.3%,.143,0.50,.167,100.0%,0.00,3.90,-3.90,4.65,sa3023157
Ismael Yanez,MIL,CPX,20,8.0,14.63,5.63,2.60,1.13,39.4%,15.2%,24.2%,.214,1.38,.357,93.8%,2.25,5.15,-2.90,4.64,sa3022354
Nick Pinto,CHW,CPX,26,4.0,11.25,2.25,5.00,0.00,33.3%,6.7%,26.7%,.286,1.25,.444,100.0%,0.00,3.15,-3.15,4.64,sa3025641
Luis Gamez,LAD,CPX,19,43.0,13.40,4.19,3.20,0.63,36.2%,11.3%,24.9%,.176,1.09,.279,76.9%,2.72,4.51,-1.78,4.64,sa3068502
Juan Carela,CHW,CPX,24,3.2,12.27,4.91,2.50,0.00,35.7%,14.3%,21.4%,.250,1.36,.429,80.0%,2.45,3.81,-1.36,4.62,sa3009237
Josh Harlow,CLE,CPX,25,3.1,13.50,2.70,5.00,2.70,27.8%,5.6%,22.2%,.353,2.10,.455,0.0%,18.90,6.70,12.20,4.59,sa3022914
Erich Tovar,CLE,CPX,19,4.2,11.57,1.93,6.00,0.00,28.6%,4.8%,23.8%,.278,1.29,.417,87.5%,0.00,4.26,-4.26,4.58,sa3024871
Wilmis Paulino,COL,CPX,20,26.1,12.99,2.39,5.43,0.00,36.2%,6.7%,29.5%,.163,0.84,.278,60.7%,2.39,3.50,-1.10,4.57,sa3021815
Juan Cazarez,SEA,CPX,20,38.1,12.21,3.05,4.00,1.64,29.4%,7.3%,22.0%,.296,1.59,.398,65.8%,5.17,5.74,-0.57,4.57,sa3024207
Manuel Colon,KCR,CPX,19,27.1,11.85,3.29,3.60,0.33,30.8%,8.5%,22.2%,.274,1.43,.406,59.6%,5.27,3.95,1.32,4.57,sa3024788
Melvin Pineda,SFG,CPX,22,26.2,18.22,7.42,2.45,0.34,44.6%,18.2%,26.4%,.168,1.42,.375,71.4%,4.39,4.26,0.12,4.56,sa3018815
Redinson Gomez,COL,CPX,21,13.1,14.18,3.38,4.20,0.68,32.3%,7.7%,24.6%,.310,1.73,.472,67.8%,6.08,4.30,1.77,4.56,sa3016612
Steven Zobac,KCR,CPX,25,11.1,11.12,2.38,4.67,0.00,31.8%,6.8%,25.0%,.250,1.15,.385,71.4%,3.18,3.49,-0.31,4.54,sa3020875
Harrison Ruiz,CLE,CPX,22,20.1,11.95,2.21,5.40,1.33,32.5%,6.0%,26.5%,.244,1.18,.333,80.8%,3.10,4.90,-1.80,4.52,sa3022193
Alejandro Rios,ARI,CPX,21,1.1,6.75,0.00,1.00,0.00,16.7%,0.0%,16.7%,.167,0.75,.200,0.0%,0.00,3.40,-3.40,4.52,sa3018511
Tommy Vail,CHW,CPX,27,5.1,16.88,5.06,3.33,1.69,45.5%,13.6%,31.8%,.211,1.31,.375,89.3%,3.38,5.28,-1.90,4.52,sa3023413
Grayson Boles,KCR,CPX,19,10.0,18.00,8.10,2.22,2.70,41.7%,18.8%,22.9%,.231,1.80,.375,65.2%,6.30,7.50,-1.20,4.50,sa3069315
Jesus Colina,CIN,CPX,21,25.0,12.60,2.52,5.00,0.36,34.0%,6.8%,27.2%,.211,1.08,.322,60.2%,2.16,3.58,-1.42,4.49,sa3019776
Emilio Ramos,CHC,CPX,20,19.1,11.64,2.79,4.17,0.47,30.1%,7.2%,22.9%,.224,1.19,.320,70.8%,2.79,4.07,-1.28,4.48,sa3024291
Samir Chires,SFG,CPX,22,26.0,13.85,3.46,4.00,0.69,36.4%,9.1%,27.3%,.210,1.19,.328,53.2%,2.08,3.98,-1.90,4.47,sa3016254
Hunter Hollan,CIN,CPX,24,7.0,11.57,3.86,3.00,0.00,36.0%,12.0%,24.0%,.091,0.71,.154,100.0%,0.00,3.61,-3.61,4.47,sa3025045
Grif Hughes,COL,CPX,24,15.1,12.91,1.17,11.00,1.17,35.5%,3.2%,32.3%,.237,1.04,.343,77.5%,3.52,4.31,-0.79,4.47,sa3068779
Ferny Barreda,SEA,CPX,22,17.0,12.71,1.59,8.00,1.06,31.6%,3.9%,27.6%,.271,1.29,.386,49.5%,6.35,4.67,1.69,4.45,sa3077678
Luke Holman,CIN,CPX,23,6.2,12.15,1.35,9.00,0.00,33.3%,3.7%,29.6%,.200,0.90,.313,71.4%,2.70,3.10,-0.40,4.44,sa3034003
Jackson Kirkpatrick,CHC,CPX,23,10.2,16.03,7.59,2.11,0.00,41.3%,19.6%,21.7%,.189,1.50,.389,62.5%,5.06,3.87,1.19,4.43,sa3067258
Landry Jurecka,SDP,CPX,23,24.1,9.99,1.85,5.40,0.37,25.5%,4.7%,20.8%,.290,1.40,.389,56.5%,5.92,3.96,1.96,4.40,sa3035000
Marcelo Valladares,CHW,CPX,21,1.0,9.00,0.00,1.00,0.00,33.3%,0.0%,33.3%,.000,0.00,.000,100.0%,0.00,2.90,-2.90,4.39,sa3019754
Ben Peterson,SFG,CPX,24,1.0,9.00,0.00,1.00,0.00,33.3%,0.0%,33.3%,.000,0.00,.000,100.0%,0.00,2.90,-2.90,4.39,sa3067064
Evan Chrest,CLE,CPX,22,5.0,14.40,1.80,8.00,3.60,30.8%,3.8%,26.9%,.360,2.00,.467,69.4%,5.40,7.50,-2.10,4.39,sa3028874
Mason McConnaughey,TEX,CPX,22,6.2,9.45,2.70,3.50,0.00,28.0%,8.0%,20.0%,.174,0.90,.250,83.3%,1.35,3.70,-2.35,4.37,sa3037493
Sandy Ozuna,COL,CPX,20,14.0,13.50,2.57,5.25,1.93,35.6%,6.8%,28.8%,.222,1.14,.300,70.3%,4.50,5.76,-1.26,4.36,sa3021041
Sebastian Caseres,LAA,CPX,18,17.1,11.42,2.60,4.40,0.52,30.1%,6.8%,23.3%,.224,1.15,.318,61.2%,1.56,4.15,-2.59,4.35,sa3068118
Daniel Corniel,MIL,CPX,21,9.0,7.00,0.00,7.00,2.00,21.2%,0.0%,21.2%,.182,0.67,.167,62.5%,2.00,6.23,-4.23,4.34,sa3019395
Samuel Gonzalez,ARI,CPX,21,9.0,10.00,1.00,10.00,0.00,29.4%,2.9%,26.5%,.182,0.78,.261,100.0%,0.00,3.01,-3.01,4.34,sa3025098
Ryan DeSanto,CLE,CPX,22,17.0,10.59,2.12,5.00,0.53,31.3%,6.3%,25.0%,.153,0.76,.211,71.4%,2.65,4.19,-1.55,4.31,sa3030191
Connor O'Hara,TEX,CPX,25,38.0,11.37,3.32,3.43,1.42,30.6%,8.9%,21.7%,.238,1.26,.315,55.6%,5.21,5.53,-0.32,4.30,sa3076422
Moises Castillo,CIN,CPX,21,16.0,16.31,5.06,3.22,0.56,36.3%,11.3%,25.0%,.304,1.88,.513,49.0%,9.56,4.15,5.41,4.27,sa3024517
Cesar Sanchez,LAD,CPX,20,22.0,13.91,3.27,4.25,1.64,34.7%,8.2%,26.5%,.300,1.59,.442,78.2%,4.91,5.26,-0.36,4.26,sa3068339
Anderson Guevara,SEA,CPX,21,11.2,16.20,4.63,3.50,1.54,43.8%,12.5%,31.3%,.125,0.94,.176,88.2%,3.09,5.59,-2.50,4.25,sa3019182
Jacob Steinmetz,ARI,CPX,22,5.1,16.88,6.75,2.50,1.69,43.5%,17.4%,26.1%,.211,1.50,.375,45.5%,6.75,5.84,0.91,4.24,sa3017976
Jack White,SEA,CPX,26,6.0,16.50,4.50,3.67,0.00,44.0%,12.0%,32.0%,.143,1.00,.300,71.4%,0.00,3.23,-3.23,4.23,sa3023404
Johnny Slawinski,LAA,CPX,19,54.0,13.67,2.83,4.82,0.67,35.8%,7.4%,28.4%,.232,1.20,.364,69.9%,3.33,4.05,-0.72,4.22,sa3069264
Logan Tanner,CIN,CPX,25,4.1,18.69,8.31,2.25,2.08,50.0%,22.2%,27.8%,.071,1.15,.000,100.0%,2.08,6.52,-4.44,4.20,sa3020117
Jose Romero,CHC,CPX,25,9.1,15.43,3.86,4.00,0.00,32.7%,8.2%,24.5%,.432,2.46,.679,41.7%,12.54,3.08,9.46,4.20,sa3015483
Tyler Hampu,COL,CPX,23,1.1,13.50,6.75,2.00,0.00,25.0%,12.5%,12.5%,.286,2.25,.400,0.0%,20.25,4.15,16.10,4.15,sa3033115
Carlos Hernández,CLE,CPX,29,5.0,9.00,1.80,5.00,0.00,27.8%,5.6%,22.2%,.118,0.60,.167,66.7%,0.00,3.50,-3.50,4.10,22713
Julius Sanchez,TEX,CPX,22,3.0,6.00,0.00,2.00,0.00,16.7%,0.0%,16.7%,.250,1.00,.300,66.7%,3.00,3.57,-0.57,4.06,sa3041485
Trevor Stephan,CLE,CPX,30,2.1,15.43,0.00,4.00,3.86,50.0%,0.0%,50.0%,.125,0.43,.000,100.0%,3.86,7.04,-3.19,4.03,19932
Gustavo Rodriguez,OAK,CPX,25,5.2,11.12,1.59,7.00,0.00,31.8%,4.5%,27.3%,.238,1.06,.357,83.3%,1.59,2.96,-1.37,4.01,sa3008438
Alejandro Rivera,CLE,CPX,19,48.0,13.13,3.00,4.38,0.38,35.9%,8.2%,27.7%,.191,1.04,.302,74.7%,2.44,3.59,-1.15,4.01,sa3023840
Braden Nett,OAK,CPX,24,5.0,10.80,0.00,6.00,1.80,31.6%,0.0%,31.6%,.211,0.80,.250,100.0%,1.80,5.10,-3.30,3.99,sa3020336
Dean Livingston,ARI,CPX,19,14.0,10.93,2.57,4.25,0.00,33.3%,7.8%,25.5%,.170,0.86,.267,83.3%,1.29,3.33,-2.04,3.97,sa3069272
Mason Adams,CHW,CPX,26,2.0,4.50,0.00,1.00,0.00,12.5%,0.0%,12.5%,.125,0.50,.143,0.0%,4.50,3.90,0.60,3.90,sa3020388
Carson Skipper,COL,CPX,26,1.0,18.00,9.00,2.00,0.00,66.7%,33.3%,33.3%,.000,1.00,.000,100.0%,0.00,3.90,-3.90,3.90,sa3020451
Ty Adcock,SDP,CPX,29,3.0,9.00,0.00,3.00,0.00,27.3%,0.0%,27.3%,.182,0.67,.250,50.0%,0.00,2.90,-2.90,3.89,25651
Javi Torres,CLE,CPX,21,14.0,14.79,3.86,3.83,1.93,37.7%,9.8%,27.9%,.236,1.36,.345,81.1%,4.50,5.69,-1.19,3.86,sa3068954
Ryjeteri Merite,CIN,CPX,20,42.1,15.52,4.89,3.17,0.64,39.5%,12.4%,27.0%,.225,1.39,.393,73.9%,2.98,4.14,-1.17,3.82,sa3025117
Aaron Watson,CIN,CPX,19,27.2,11.71,2.28,5.14,0.65,29.0%,5.6%,23.4%,.310,1.55,.436,77.7%,3.58,4.11,-0.53,3.81,sa3069259
Juan Ledezma,ARI,CPX,21,9.2,13.97,2.79,5.00,0.00,35.7%,7.1%,28.6%,.158,0.93,.261,40.0%,0.00,3.04,-3.04,3.81,sa3068878
Cameron Millar,KCR,CPX,19,17.0,13.24,1.59,8.33,2.65,39.1%,4.7%,34.4%,.246,1.06,.323,81.8%,4.76,6.31,-1.55,3.80,sa3069267
Sam Mettert,CHC,CPX,22,7.2,16.43,5.87,2.80,0.00,42.4%,15.2%,27.3%,.179,1.30,.357,40.0%,4.70,3.20,1.49,3.79,sa3076299
Zack Qin,SDP,CPX,20,21.2,14.95,1.66,9.00,0.83,40.9%,4.5%,36.4%,.238,1.11,.391,99.1%,1.25,3.33,-2.09,3.78,sa3021986
Randy Vásquez,SDP,CPX,27,2.2,10.12,0.00,3.00,0.00,33.3%,0.0%,33.3%,.111,0.37,.167,100.0%,0.00,2.65,-2.65,3.77,24719
Kaleb Wing,CHC,CPX,19,12.0,13.50,1.50,9.00,3.00,36.0%,4.0%,32.0%,.250,1.17,.308,59.5%,6.75,6.73,0.02,3.77,sa3069271
Matt Moore,KCR,CPX,37,3.0,12.00,0.00,4.00,0.00,40.0%,0.0%,40.0%,.000,0.00,.000,100.0%,0.00,3.23,-3.23,3.73,1890
Matt Wilkinson,SFG,CPX,23,3.0,12.00,3.00,4.00,0.00,40.0%,10.0%,30.0%,.000,0.33,.000,100.0%,0.00,3.23,-3.23,3.73,sa3023171
Luichi Casilla,COL,CPX,21,13.1,13.50,2.70,5.00,0.00,31.3%,6.3%,25.0%,.333,1.80,.500,58.3%,5.40,2.80,2.60,3.70,sa3018332
Michael Hobbs,SEA,CPX,26,3.1,13.50,2.70,5.00,0.00,33.3%,6.7%,26.7%,.286,1.50,.444,60.0%,0.00,2.80,-2.80,3.70,sa3017498
Reiver Sanmartin,SFG,CPX,30,2.0,9.00,0.00,2.00,0.00,33.3%,0.0%,33.3%,.000,0.00,.000,100.0%,0.00,2.90,-2.90,3.65,19754
Jhony Brito,SDP,CPX,28,6.0,13.50,1.50,9.00,3.00,34.6%,3.8%,30.8%,.360,1.67,.500,69.4%,7.50,6.73,0.77,3.64,25386
Iker Redona,CIN,CPX,18,47.0,12.26,1.34,9.14,0.19,33.3%,3.6%,29.7%,.232,1.06,.350,61.7%,2.68,2.90,-0.22,3.64,sa3068467
Jose Atencio,LAA,CPX,24,8.1,12.96,3.24,4.00,0.00,33.3%,8.3%,25.0%,.303,1.56,.476,69.2%,4.32,3.10,1.22,3.64,sa3010304
Angel Jimenez,COL,CPX,22,5.0,12.60,1.80,7.00,0.00,36.8%,5.3%,31.6%,.167,0.80,.273,75.0%,1.80,2.70,-0.90,3.60,sa3018287
J.D. Thompson,MIL,CPX,22,4.0,11.25,2.25,5.00,0.00,29.4%,5.9%,23.5%,.250,1.25,.364,80.0%,2.25,3.15,-0.90,3.52,sa3043764
Julio Dilone,SDP,CPX,26,5.0,14.40,3.60,4.00,0.00,42.1%,10.5%,31.6%,.176,1.00,.333,100.0%,0.00,2.90,-2.90,3.50,sa3015085
Coleman Picard,KCR,CPX,24,2.1,15.43,3.86,4.00,0.00,40.0%,10.0%,30.0%,.333,1.71,.600,100.0%,0.00,2.76,-2.76,3.40,sa3023202
Grant Knipp,SEA,CPX,24,6.1,14.21,2.84,5.00,1.42,37.0%,7.4%,29.6%,.240,1.26,.357,60.6%,5.68,4.74,0.94,3.40,sa3035555
Logan Martin,SFG,CPX,24,10.1,11.32,0.87,13.00,0.00,38.2%,2.9%,35.3%,.091,0.39,.150,75.0%,0.87,2.67,-1.80,3.40,sa3023213
Aidan Major,CLE,CPX,23,5.0,10.80,0.00,6.00,0.00,35.3%,0.0%,35.3%,.118,0.40,.182,100.0%,0.00,2.50,-2.50,3.40,sa3036887
José Rodríguez,LAD,CPX,24,5.1,16.88,3.38,5.00,0.00,52.6%,10.5%,42.1%,.118,0.75,.286,50.0%,3.38,2.28,1.10,3.39,sa3015437
Connor Schultz,CHC,CPX,27,8.1,14.04,1.08,13.00,1.08,32.5%,2.5%,30.0%,.308,1.56,.440,25.9%,5.40,3.70,1.70,3.39,sa3024948
Drew Thorpe,CHW,CPX,25,2.0,13.50,0.00,3.00,0.00,42.9%,0.0%,42.9%,.143,0.50,.250,100.0%,0.00,1.90,-1.90,3.39,31967
Patrick Forbes,ARI,CPX,21,2.0,13.50,0.00,3.00,0.00,50.0%,0.0%,50.0%,.000,0.00,.000,100.0%,0.00,1.90,-1.90,3.39,sa3031537
Angel Chicuate,SEA,CPX,19,1.0,27.00,0.00,3.00,0.00,60.0%,0.0%,60.0%,.250,1.00,1.000,100.0%,0.00,1.90,-1.90,3.39,sa3069087
Bernard Jose,SDP,CPX,23,16.0,15.19,1.13,13.50,0.00,40.3%,3.0%,37.3%,.250,1.13,.432,84.2%,1.13,2.09,-0.96,3.30,sa3021812
Phil Fox,CHW,CPX,23,3.2,14.73,0.00,6.00,0.00,50.0%,0.0%,50.0%,.083,0.27,.167,100.0%,0.00,1.63,-1.63,3.25,sa3031609
Zac Leigh,CHC,CPX,28,3.0,12.00,3.00,4.00,0.00,44.4%,11.1%,33.3%,.000,0.33,.000,100.0%,0.00,3.23,-3.23,3.23,sa3017873
Daniel Nunez,ARI,CPX,23,3.0,12.00,3.00,4.00,0.00,40.0%,10.0%,30.0%,.111,0.67,.200,100.0%,0.00,3.23,-3.23,3.23,sa3023597
Mathias LaCombe,CHW,CPX,24,3.0,12.00,0.00,4.00,0.00,36.4%,0.0%,36.4%,.273,1.00,.429,100.0%,0.00,2.23,-2.23,3.23,sa3067312
Robert Puason,OAK,CPX,23,5.1,15.19,3.38,4.50,0.00,37.5%,8.3%,29.2%,.318,1.69,.538,55.6%,6.75,2.65,4.10,3.21,sa3014697
Luis Rujano,CHC,CPX,23,10.0,14.40,3.60,4.00,1.80,39.0%,9.8%,29.3%,.189,1.10,.263,73.2%,3.60,5.50,-1.90,3.20,sa3020904
Austin Testerman,CLE,CPX,24,5.0,19.80,5.40,3.67,1.80,50.0%,13.6%,36.4%,.158,1.20,.286,100.0%,1.80,4.90,-3.10,3.20,sa3077797
Devin Kirby,OAK,CPX,26,13.0,12.46,1.38,9.00,0.00,34.6%,3.8%,30.8%,.180,0.85,.281,72.7%,1.38,2.59,-1.21,3.17,sa3022908
Henry Cone,CHC,CPX,23,2.0,31.50,13.50,2.33,0.00,63.6%,27.3%,36.4%,.125,2.00,1.000,50.0%,4.50,2.40,2.10,3.15,sa3076397
Zack Morris,COL,CPX,25,6.2,12.15,1.35,9.00,0.00,32.1%,3.6%,28.6%,.259,1.20,.389,100.0%,0.00,2.65,-2.65,3.10,sa3068749
Daison Acosta,SDP,CPX,27,3.0,15.00,0.00,5.00,3.00,45.5%,0.0%,45.5%,.273,1.00,.400,100.0%,3.00,5.90,-2.90,3.06,sa944989
Hunter Greene,CIN,CPX,26,4.0,13.50,2.25,6.00,0.00,42.9%,7.1%,35.7%,.154,0.75,.286,100.0%,0.00,2.65,-2.65,3.02,22182
Gerson Garabito,MIL,CPX,30,5.1,13.50,1.69,8.00,1.69,40.0%,5.0%,35.0%,.158,0.75,.200,38.5%,3.38,4.90,-1.53,3.02,19835
Daniel Keaney,TEX,CPX,21,24.1,14.42,1.48,9.75,0.00,36.8%,3.8%,33.0%,.284,1.36,.460,66.7%,3.70,2.19,1.51,2.99,sa3023598
Scott Alexander,KCR,CPX,36,1.0,9.00,0.00,1.00,0.00,33.3%,0.0%,33.3%,.000,0.00,.000,100.0%,0.00,2.90,-2.90,2.90,10591
David Davalillo,TEX,CPX,25,7.0,12.86,1.29,10.00,0.00,37.0%,3.7%,33.3%,.269,1.14,.438,62.5%,2.57,2.47,0.10,2.90,sa3020448
José Leclerc,SDP,CPX,32,5.1,15.19,1.69,9.00,1.69,40.9%,4.5%,36.4%,.238,1.13,.364,87.0%,3.38,4.53,-1.15,2.65,14524
Brayan Castillo,COL,CPX,25,5.1,15.19,1.69,9.00,0.00,37.5%,4.2%,33.3%,.304,1.50,.500,25.0%,10.13,2.09,8.04,2.65,sa3006544
Jarrod Cande,COL,CPX,26,2.0,13.50,0.00,3.00,0.00,50.0%,0.0%,50.0%,.167,0.50,.333,100.0%,0.00,1.90,-1.90,2.65,sa3017813
Luis Valdez,KCR,CPX,21,7.2,16.43,2.35,7.00,2.35,46.7%,6.7%,40.0%,.179,0.91,.250,71.4%,4.70,5.42,-0.73,2.61,sa3019288
Harrison Kreiling,SEA,CPX,24,8.2,13.50,0.00,13.00,1.04,44.8%,0.0%,44.8%,.103,0.35,.133,62.5%,2.08,3.40,-1.32,2.59,sa3035703
Ty Floyd,CIN,CPX,24,7.0,15.43,0.00,12.00,1.29,48.0%,0.0%,48.0%,.160,0.57,.250,100.0%,1.29,3.33,-2.04,2.54,sa3031488
Grayson Rodriguez,LAA,CPX,26,5.0,12.60,0.00,7.00,0.00,36.8%,0.0%,36.8%,.263,1.00,.417,80.0%,1.80,2.10,-0.30,2.40,24492
Blake Weiman,LAA,CPX,30,3.0,18.00,3.00,6.00,0.00,54.5%,9.1%,45.5%,.000,0.33,.000,100.0%,0.00,1.90,-1.90,2.40,sa3004211
Derek Law,ARI,CPX,35,2.0,18.00,0.00,4.00,4.50,50.0%,0.0%,50.0%,.250,1.00,.333,100.0%,4.50,7.40,-2.90,2.39,13133
Edwin Díaz,LAD,CPX,32,1.0,18.00,0.00,2.00,0.00,66.7%,0.0%,66.7%,.000,0.00,.000,100.0%,0.00,0.90,-0.90,2.39,14710
Marc Church,TEX,CPX,25,2.1,11.57,0.00,3.00,0.00,33.3%,0.0%,33.3%,.222,0.86,.333,100.0%,0.00,2.33,-2.33,2.33,26353
Izack Tiger,TEX,CPX,25,6.2,18.90,2.70,7.00,0.00,53.8%,7.7%,46.2%,.167,0.90,.400,66.7%,2.70,1.60,1.10,2.27,sa3022875
Zach Harris,COL,CPX,22,2.2,16.87,0.00,5.00,3.37,41.7%,0.0%,41.7%,.333,1.50,.500,38.5%,10.12,6.03,4.10,2.27,sa3033317
David Lorduy,CIN,CPX,22,7.0,16.71,2.57,6.50,1.29,39.4%,6.1%,33.3%,.290,1.57,.471,52.1%,6.43,3.90,2.53,2.26,sa3019135
Joe Ariola,ARI,CPX,22,3.1,18.90,2.70,7.00,0.00,53.8%,7.7%,46.2%,.167,0.90,.400,66.7%,2.70,1.60,1.10,2.05,sa3026188
Aaron Bummer,CHC,CPX,32,2.0,13.50,0.00,3.00,0.00,42.9%,0.0%,42.9%,.286,1.00,.500,100.0%,0.00,1.90,-1.90,1.90,16258
Tyler Gough,LAD,CPX,22,3.0,21.00,3.00,7.00,0.00,53.8%,7.7%,46.2%,.250,1.33,.600,50.0%,6.00,1.23,4.77,1.73,sa3020865
Luis Pimentel,CIN,CPX,22,3.0,15.00,0.00,5.00,0.00,55.6%,0.0%,55.6%,.000,0.00,.000,100.0%,0.00,1.57,-1.57,1.57,sa3024231
Anhuar Garcia,CHC,CPX,22,3.0,15.00,0.00,5.00,0.00,50.0%,0.0%,50.0%,.000,0.00,.000,100.0%,0.00,1.57,-1.57,1.57,sa3067383
Eduarniel Núñez,CHC,CPX,27,2.0,22.50,4.50,5.00,0.00,62.5%,12.5%,50.0%,.143,1.00,.500,100.0%,0.00,1.40,-1.40,1.40,23162
Cody Morse,LAD,CPX,23,3.0,18.00,0.00,6.00,0.00,66.7%,0.0%,66.7%,.000,0.00,.000,100.0%,0.00,0.90,-0.90,1.40,sa3067028
Keaton Winn,SFG,CPX,28,1.0,18.00,0.00,2.00,0.00,66.7%,0.0%,66.7%,.000,0.00,.000,100.0%,0.00,0.90,-0.90,0.90,23499
Liam Hendriks,CHC,CPX,37,1.0,18.00,0.00,2.00,0.00,66.7%,0.0%,66.7%,.000,0.00,.000,100.0%,0.00,0.90,-0.90,0.90,3548
Matt Jachec,CLE,CPX,24,4.0,18.00,0.00,8.00,0.00,66.7%,0.0%,66.7%,.000,0.00,.000,100.0%,0.00,0.90,-0.90,0.90,sa3022906
Shotaro Morii,OAK,CPX,19,1.0,18.00,0.00,2.00,0.00,50.0%,0.0%,50.0%,.250,1.00,.500,100.0%,0.00,0.90,-0.90,0.90,sa3067343
Spencer Giesting,ARI,CPX,24,3.1,18.90,0.00,7.00,0.00,53.8%,0.0%,53.8%,.231,0.90,.500,33.3%,2.70,0.70,2.00,0.70,sa3020402
Peter Heubeck,LAD,CPX,23,1.0,27.00,0.00,3.00,0.00,100.0%,0.0%,100.0%,.000,0.00,.000,100.0%,0.00,-1.10,1.10,-1.10,sa3017936
Luke Fox,LAD,CPX,24,1.0,27.00,0.00,3.00,0.00,100.0%,0.0%,100.0%,.000,0.00,.000,100.0%,0.00,-1.10,1.10,-1.10,sa3023673
