Name,Team,Level,Age,IP,BABIP,GB/FB,LD%,GB%,FB%,IFFB%,HR/FB,Pull%,Cent%,Oppo%,SwStr%,Balls,Strikes,Pitches,PlayerId
Daniel Guerra,TOR,CPX,22,2.2,.200,,,,,,,,,,,,,,sa3019786
T.J. Brock,TOR,CPX,26,1.0,.000,,,,,,,,,,,,,,sa3020079
Landon Harmon,WSN,CPX,19,1.2,.333,,,,,,,,,,,,,,sa3069265
Xavier Lopez,TBR,CPX,21,56.1,.353,1.49,16.0%,50.3%,33.7%,11.5%,4.9%,51.9%,22.5%,25.7%,10.6%,335,534,869,sa3024539
Luis Gonzalez,PHI,CPX,20,53.0,.337,0.83,24.0%,34.4%,41.6%,21.9%,17.2%,47.0%,25.6%,27.4%,12.6%,307,547,854,sa3019164
Jeremy Pilon,TBR,CPX,20,48.2,.342,1.97,23.9%,50.4%,25.6%,23.3%,0.0%,42.1%,22.3%,35.5%,11.6%,350,501,851,sa3023614
Cristian Hernandez,MIN,CPX,21,47.1,.350,1.19,19.5%,43.8%,36.7%,17.0%,14.9%,36.4%,30.3%,33.3%,13.5%,332,495,827,sa3021788
Gensi Angeles,ATL,CPX,18,55.2,.244,1.25,18.2%,45.5%,36.4%,26.8%,3.6%,53.2%,21.5%,25.3%,11.1%,333,488,821,sa3068154
Adrian Ardines,HOU,CPX,19,52.2,.284,1.20,21.2%,43.1%,35.8%,22.4%,10.2%,37.4%,21.6%,41.0%,14.4%,294,482,776,sa3024257
Juan Lopez,WSN,CPX,21,37.0,.300,0.58,16.5%,30.6%,52.9%,42.2%,11.1%,45.9%,22.4%,31.8%,13.1%,291,403,694,sa3068105
Angel Liranzo,PHI,CPX,19,39.1,.427,0.98,21.1%,39.0%,39.8%,24.5%,12.2%,45.1%,24.6%,30.3%,14.3%,246,434,680,sa3022217
Camden Lohman,NYM,CPX,19,43.0,.354,1.34,31.3%,39.4%,29.3%,41.4%,13.8%,51.4%,17.8%,30.8%,18.3%,275,398,673,sa3069289
Connor Gehr,BAL,CPX,20,46.1,.292,0.87,18.2%,38.0%,43.8%,20.8%,11.3%,45.3%,25.0%,29.7%,12.9%,261,412,673,sa3069409
Pedro Peralta,PHI,CPX,19,35.0,.424,0.93,22.1%,37.5%,40.4%,11.9%,19.0%,48.6%,30.8%,20.6%,10.3%,298,365,663,sa3022182
Aleiman Cruz,DET,CPX,20,39.1,.250,0.38,24.0%,21.0%,55.0%,29.1%,5.5%,46.6%,28.2%,25.2%,13.9%,244,419,663,sa3069120
Eris Albino,NYM,CPX,22,38.0,.275,1.68,23.5%,48.0%,28.6%,14.3%,10.7%,47.6%,20.0%,32.4%,12.1%,299,362,661,sa3018894
Sadbiel Delzine,BOS,CPX,18,39.2,.245,0.95,18.8%,39.6%,41.7%,30.0%,0.0%,42.9%,24.5%,32.7%,13.8%,242,418,660,sa3068089
Carlos Rodriguez,DET,CPX,20,38.1,.395,1.86,28.4%,46.6%,25.0%,24.1%,20.7%,48.3%,28.3%,23.3%,13.7%,235,424,659,sa3024277
Wuilinyer Tovar,ATL,CPX,18,41.2,.302,1.28,18.0%,45.9%,36.0%,17.5%,7.5%,39.5%,28.1%,32.5%,6.0%,277,368,645,sa3068652
Jhonan Coba,DET,CPX,19,39.1,.294,0.75,29.2%,30.3%,40.4%,22.2%,16.7%,42.9%,25.3%,31.9%,18.8%,274,366,640,sa3025048
Gabriel Chinchilla,STL,CPX,19,42.0,.349,1.46,28.1%,42.7%,29.2%,17.9%,14.3%,34.3%,21.2%,44.4%,15.2%,233,404,637,sa3024773
Jan Cabrera,STL,CPX,21,42.2,.370,2.00,20.7%,52.9%,26.4%,28.1%,12.5%,43.1%,26.0%,30.9%,14.9%,217,420,637,sa3068371
Brody Fowler,ATL,CPX,22,40.1,.283,1.28,25.5%,41.8%,32.7%,19.4%,25.0%,50.4%,23.5%,26.1%,14.1%,227,410,637,sa3069402
Miguel Toscano,TBR,CPX,20,42.2,.382,1.23,21.3%,43.4%,35.2%,25.6%,9.3%,40.3%,23.4%,36.3%,8.4%,235,399,634,sa3022031
Jhoster Baez,HOU,CPX,21,33.0,.318,2.24,20.0%,55.3%,24.7%,19.0%,9.5%,46.6%,19.3%,34.1%,14.9%,263,355,618,sa3024611
Angelo Ladera,BOS,CPX,19,30.1,.464,1.67,22.6%,48.4%,29.0%,22.2%,0.0%,49.0%,17.7%,33.3%,12.5%,255,363,618,sa3068143
Yordanis Guerra,PHI,CPX,19,36.2,.385,1.24,20.4%,44.1%,35.5%,21.2%,0.0%,36.1%,34.0%,29.9%,15.2%,230,388,618,sa3068469
Manuel Cruz,NYY,CPX,20,38.0,.283,1.77,23.9%,48.7%,27.4%,16.1%,12.9%,49.1%,20.7%,30.2%,11.8%,261,351,612,sa3067567
Owen Hall,DET,CPX,20,39.2,.291,1.02,18.6%,41.2%,40.2%,24.4%,17.1%,53.6%,20.9%,25.5%,17.2%,242,368,610,sa3066594
Hamlet Garcia,MIA,CPX,20,31.2,.379,1.18,24.7%,40.7%,34.6%,35.7%,14.3%,50.0%,27.4%,22.6%,12.0%,281,328,609,sa3021022
Sabier Marte,NYY,CPX,22,34.1,.333,1.80,24.7%,48.4%,26.9%,32.0%,16.0%,46.3%,15.8%,37.9%,16.2%,220,385,605,sa3019431
Miguel Pantoja,TOR,CPX,18,37.0,.218,1.03,14.8%,43.2%,42.0%,21.6%,16.2%,54.9%,24.2%,20.9%,15.9%,247,352,599,sa3068501
Juan Reyes,WSN,CPX,21,41.0,.313,1.11,20.4%,41.9%,37.6%,28.6%,5.7%,36.8%,34.7%,28.4%,16.1%,223,372,595,sa3025021
Berny Ortiz,BOS,CPX,20,30.0,.371,0.95,16.3%,40.7%,43.0%,24.3%,0.0%,51.7%,25.8%,22.5%,13.5%,253,339,592,sa3067578
Jean Brito,NYM,CPX,20,32.0,.214,0.68,20.0%,32.5%,47.5%,31.6%,2.6%,51.2%,17.4%,31.4%,10.8%,240,344,584,sa3025348
Deiry Gonzalez,PHI,CPX,18,40.2,.405,1.59,22.1%,47.8%,30.1%,20.6%,14.7%,53.9%,30.4%,15.7%,14.5%,213,367,580,sa3068468
Jose Guevara,NYM,CPX,21,32.0,.282,0.75,29.1%,30.4%,40.5%,12.5%,18.8%,46.4%,26.2%,27.4%,12.6%,235,344,579,sa3023823
Earle Zulueta,STL,CPX,19,36.1,.327,1.00,19.6%,40.2%,40.2%,20.5%,12.8%,46.6%,20.4%,33.0%,14.4%,233,345,578,sa3067563
Yohanfer Santana,MIA,CPX,20,29.2,.300,3.10,22.6%,58.5%,18.9%,20.0%,40.0%,54.7%,17.0%,28.3%,14.4%,272,297,569,sa3022143
Jorge Nunez,ATL,CPX,18,27.2,.296,2.00,22.9%,51.4%,25.7%,16.7%,5.6%,47.3%,24.3%,28.4%,9.1%,283,276,559,sa3024840
Wifrailyn Jaquez,PIT,CPX,19,33.1,.374,1.50,23.8%,45.7%,30.5%,15.6%,3.1%,45.9%,22.9%,31.2%,7.2%,237,319,556,sa3024278
Angel Peralta,HOU,CPX,19,38.2,.315,1.17,26.1%,39.8%,34.1%,43.3%,10.0%,56.8%,21.1%,22.1%,15.6%,226,327,553,sa3024549
Yander Pinero,ATL,CPX,19,36.0,.276,0.89,25.3%,35.2%,39.6%,22.2%,2.8%,38.7%,31.2%,30.1%,10.0%,226,323,549,sa3024870
Edwin Marte,BAL,CPX,19,31.0,.256,0.84,31.3%,31.3%,37.3%,22.6%,9.7%,47.1%,25.9%,27.1%,7.3%,229,306,535,sa3067635
Francisco Morao,BAL,CPX,20,34.1,.292,1.21,15.1%,46.6%,38.4%,32.1%,7.1%,52.7%,14.9%,32.4%,16.7%,206,322,528,sa3022130
Jose Lopez,NYM,CPX,22,27.1,.308,1.18,22.8%,41.8%,35.4%,32.1%,17.9%,48.2%,20.5%,31.3%,10.5%,224,300,524,sa3025068
Stanly Alcantara,NYY,CPX,22,29.2,.356,1.52,15.0%,51.2%,33.8%,11.1%,11.1%,47.6%,24.4%,28.0%,11.5%,243,272,515,sa3022151
Seojun Moon,TOR,CPX,19,30.1,.349,0.71,31.8%,28.2%,40.0%,26.5%,8.8%,41.9%,27.9%,30.2%,14.1%,215,295,510,sa3069439
Jonathan Rosario,MIA,CPX,19,27.1,.262,2.62,14.5%,61.8%,23.6%,23.1%,15.4%,52.6%,19.3%,28.1%,11.9%,237,269,506,sa3024540
Angel Rivero,TOR,CPX,19,42.0,.317,1.13,18.1%,43.4%,38.6%,21.9%,9.4%,54.7%,18.6%,26.7%,16.7%,181,322,503,sa3024548
Ismael Obregon,HOU,CPX,18,28.1,.357,1.40,31.8%,39.8%,28.4%,44.0%,20.0%,58.4%,21.3%,20.2%,10.2%,193,307,500,sa3067604
Yoelvin Chirino,BOS,CPX,21,23.0,.338,0.54,15.5%,29.6%,54.9%,25.6%,5.1%,46.7%,26.7%,26.7%,7.6%,261,237,498,sa3022303
Luisberth Valdez,ATL,CPX,18,26.0,.385,1.67,15.8%,52.6%,31.6%,25.0%,20.8%,59.0%,12.0%,28.9%,9.5%,230,266,496,sa3067602
Angel Soriano,PIT,CPX,19,29.2,.300,1.40,15.3%,49.4%,35.3%,30.0%,0.0%,55.7%,18.2%,26.1%,11.3%,233,263,496,sa3068680
David Hernandez,PHI,CPX,19,30.1,.333,0.65,18.8%,31.9%,49.3%,29.4%,20.6%,45.8%,33.3%,20.8%,17.1%,201,295,496,sa3076302
Omar Gonzalez,NYY,CPX,20,35.2,.263,1.09,22.1%,40.7%,37.2%,9.4%,18.8%,49.5%,23.1%,27.5%,13.2%,171,322,493,sa3019380
Melvin Rodriguez,MIN,CPX,20,33.2,.256,0.45,11.3%,27.5%,61.3%,18.4%,12.2%,54.9%,18.3%,26.8%,18.4%,211,277,488,sa3024087
Merlin Bido,BOS,CPX,20,25.0,.226,0.95,20.4%,38.9%,40.7%,22.7%,9.1%,43.6%,21.8%,34.5%,10.7%,241,243,484,sa3023821
Ty Bothwell,WSN,CPX,26,25.2,.448,2.54,34.3%,47.1%,18.6%,30.8%,38.5%,56.3%,23.9%,19.7%,17.0%,191,286,477,sa3076385
Aneury Montilla,PHI,CPX,19,30.0,.341,1.31,25.6%,42.2%,32.2%,17.2%,10.3%,52.2%,27.8%,20.0%,9.7%,205,271,476,sa3068144
Christopher Cordero,BOS,CPX,17,30.0,.369,1.21,18.4%,44.7%,36.9%,21.1%,2.6%,45.3%,24.5%,30.2%,6.9%,224,252,476,sa3068486
Jake Dykhoff,BAL,CPX,27,34.2,.244,1.23,17.9%,45.2%,36.9%,29.0%,3.2%,44.3%,26.1%,29.5%,14.1%,163,312,475,sa3076437
Nick Borquez,HOU,CPX,19,22.1,.225,0.50,21.7%,26.1%,52.2%,22.2%,5.6%,57.5%,16.4%,26.0%,9.7%,241,233,474,sa3024926
Frenny Grant,DET,CPX,22,31.0,.286,0.97,18.5%,40.2%,41.3%,23.7%,10.5%,46.3%,26.3%,27.4%,12.5%,167,305,472,sa3021572
Raymond Sosa,BAL,CPX,20,29.2,.319,0.82,24.4%,34.1%,41.5%,17.6%,0.0%,44.7%,30.6%,24.7%,7.6%,227,244,471,sa3021516
Juan Olmos,ATL,CPX,21,24.0,.361,2.07,27.1%,49.2%,23.7%,0.0%,7.1%,41.0%,24.6%,34.4%,9.0%,228,239,467,sa3019778
Will Eldridge,ATL,CPX,22,21.0,.393,1.53,18.9%,49.1%,32.1%,23.5%,5.9%,34.5%,27.3%,38.2%,9.0%,241,226,467,sa3076272
Andres Silvera,PIT,CPX,21,25.0,.368,0.79,10.3%,39.7%,50.0%,29.4%,11.8%,54.2%,16.7%,29.2%,11.8%,202,264,466,sa3016284
Jonas Uzcategui,MIA,CPX,21,26.0,.327,0.95,30.2%,34.0%,35.8%,57.9%,5.3%,48.1%,16.7%,35.2%,16.4%,181,283,464,sa3019281
Denison Sanchez,BOS,CPX,20,21.1,.246,0.77,23.3%,33.3%,43.3%,19.2%,7.7%,42.9%,27.0%,30.2%,8.6%,234,229,463,sa3018907
Branneli Franco,STL,CPX,19,22.0,.426,2.33,26.5%,51.5%,22.1%,40.0%,20.0%,49.3%,19.7%,31.0%,10.6%,220,241,461,sa3023818
Claudio Estelie,PIT,CPX,22,31.2,.341,0.97,22.6%,38.1%,39.3%,27.3%,6.1%,42.5%,26.4%,31.0%,18.7%,165,295,460,sa3068992
Noah Millikan,WSN,CPX,23,32.1,.280,1.93,25.4%,49.2%,25.4%,53.3%,0.0%,58.7%,19.0%,22.2%,12.1%,180,276,456,sa3076425
Alexander Campos,TBR,CPX,23,32.1,.322,0.88,21.0%,37.0%,42.0%,6.0%,10.0%,49.2%,25.0%,25.8%,10.5%,141,314,455,sa3022221
Andrew Bolívar,STL,CPX,20,28.1,.254,1.24,21.7%,43.3%,35.0%,33.3%,9.5%,50.0%,25.8%,24.2%,10.8%,226,229,455,sa3024521
Starlin Savinon,TBR,CPX,21,26.1,.355,1.16,30.5%,37.3%,32.2%,26.3%,0.0%,37.1%,25.8%,37.1%,15.2%,192,262,454,sa3021735
Victor Rodriguez,MIA,CPX,19,29.0,.263,1.27,24.2%,42.4%,33.3%,27.3%,4.5%,50.0%,25.8%,24.2%,12.6%,203,251,454,sa3025066
Sann Omosako,TOR,CPX,20,34.2,.348,1.12,23.3%,40.5%,36.2%,38.1%,11.9%,50.8%,22.5%,26.7%,13.3%,139,313,452,sa3022315
Gerardo Lopez,PHI,CPX,20,32.0,.330,1.43,25.3%,44.0%,30.8%,17.9%,21.4%,52.1%,21.3%,26.6%,12.2%,163,289,452,sa3024891
Enixon Sanchez,NYY,CPX,18,24.2,.381,1.05,27.1%,37.3%,35.6%,9.5%,14.3%,44.3%,23.0%,32.8%,12.5%,205,244,449,sa3024569
Jean Robles,WSN,CPX,19,24.0,.270,1.40,9.1%,53.0%,37.9%,36.0%,16.0%,50.7%,16.4%,32.8%,11.0%,192,253,445,sa3023831
Luis Gomez,MIA,CPX,21,27.0,.338,3.56,25.5%,58.2%,16.4%,22.2%,22.2%,67.9%,10.7%,21.4%,13.3%,212,233,445,sa3068813
Deiker Pineda,TOR,CPX,20,33.0,.273,0.60,16.7%,31.1%,52.2%,21.3%,12.8%,50.0%,26.6%,23.4%,12.6%,167,277,444,sa3068163
Jake Covey,MIN,CPX,24,25.2,.288,1.28,19.6%,45.1%,35.3%,27.8%,0.0%,44.2%,23.1%,32.7%,14.2%,181,262,443,sa3077360
Esteban Luna,BAL,CPX,19,27.1,.305,1.36,21.4%,45.2%,33.3%,39.3%,7.1%,51.2%,13.1%,35.7%,10.4%,199,242,441,sa3024100
Juan Muniz,PIT,CPX,18,31.2,.269,0.70,14.3%,35.2%,50.5%,17.4%,0.0%,52.7%,23.7%,23.7%,13.9%,165,274,439,sa3068684
Santiago Rojas,MIN,CPX,19,29.2,.235,0.58,13.6%,31.8%,54.5%,11.1%,19.4%,54.9%,23.9%,21.1%,11.9%,190,248,438,sa3024585
Rony Calderon,BOS,CPX,18,20.1,.302,0.37,14.0%,23.3%,62.8%,37.0%,7.4%,48.9%,22.2%,28.9%,13.3%,213,224,437,sa3068997
Stainer Valdez,PIT,CPX,19,30.1,.233,1.17,15.6%,45.6%,38.9%,31.4%,5.7%,51.1%,25.6%,23.3%,11.7%,197,239,436,sa3068786
Jordi Infante,TBR,CPX,21,26.0,.344,1.36,21.2%,45.5%,33.3%,40.9%,18.2%,49.3%,23.2%,27.5%,18.5%,147,286,433,sa3021482
Robinson Smith,PIT,CPX,18,30.1,.289,1.59,16.7%,51.2%,32.1%,18.5%,7.4%,52.9%,22.4%,24.7%,15.0%,163,269,432,sa3068778
Holden deJong,BAL,CPX,22,21.0,.475,1.75,24.1%,48.3%,27.6%,18.8%,6.3%,40.0%,31.7%,28.3%,15.1%,172,258,430,sa3030040
Raymon Rosario,PHI,CPX,21,24.0,.286,2.17,16.2%,57.4%,26.5%,33.3%,11.1%,43.7%,11.3%,45.1%,7.7%,197,230,427,sa3022801
Irwin Ramirez,PIT,CPX,19,27.0,.200,1.94,20.6%,52.4%,27.0%,11.8%,5.9%,40.9%,27.3%,31.8%,12.0%,182,234,416,sa3024088
Noah Palmese,TOR,CPX,22,25.1,.319,0.93,23.5%,36.8%,39.7%,18.5%,7.4%,34.2%,34.2%,31.5%,12.3%,148,265,413,sa3069393
Edinzo Marquez,NYY,CPX,21,28.2,.250,0.75,18.8%,34.8%,46.4%,25.0%,9.4%,45.9%,17.6%,36.5%,19.2%,140,271,411,sa3019300
Jack Bushell,DET,CPX,20,26.2,.271,0.77,14.5%,37.1%,48.4%,20.0%,20.0%,41.5%,26.2%,32.3%,17.8%,141,269,410,sa3023577
Edward Cedano,ATL,CPX,20,20.1,.328,1.72,22.2%,49.2%,28.6%,5.6%,5.6%,40.0%,27.7%,32.3%,10.1%,201,206,407,sa3021792
Dillon Stiltner,NYM,CPX,19,26.0,.368,2.00,27.3%,48.5%,24.2%,25.0%,18.8%,50.7%,14.9%,34.3%,12.3%,165,242,407,sa3069316
Brad Rudis,MIN,CPX,23,26.1,.276,0.84,14.8%,38.9%,46.3%,28.0%,0.0%,45.6%,26.3%,28.1%,13.9%,164,239,403,sa3076359
Rafael Arias,NYY,CPX,22,24.1,.344,1.58,16.9%,50.8%,32.2%,31.6%,42.1%,43.3%,18.3%,38.3%,18.4%,161,236,397,sa3025007
Carter Rasmussen,BOS,CPX,22,16.0,.353,0.31,34.4%,15.6%,50.0%,25.0%,6.3%,42.9%,37.1%,20.0%,11.4%,234,161,395,sa3040470
Luis Sotillo,NYM,CPX,21,18.2,.333,1.14,16.7%,44.4%,38.9%,35.7%,7.1%,37.8%,29.7%,32.4%,10.9%,194,200,394,sa3021804
Halton Hardy,MIN,CPX,24,29.1,.263,1.06,14.7%,44.0%,41.3%,12.9%,12.9%,52.5%,22.5%,25.0%,13.2%,120,274,394,sa3077565
Omari Daniel,DET,CPX,22,19.0,.340,1.11,16.7%,43.8%,39.6%,10.5%,21.1%,35.3%,31.4%,33.3%,9.7%,205,188,393,sa3021050
Edgar Gallegos,TOR,CPX,20,20.2,.400,1.00,28.4%,35.8%,35.8%,13.8%,20.7%,48.1%,27.2%,24.7%,12.2%,138,254,392,sa3023857
Gerinton Mendez,MIA,CPX,19,21.0,.306,1.24,20.8%,43.8%,35.4%,17.6%,11.8%,45.8%,25.0%,29.2%,16.7%,176,214,390,sa3024543
Ramon Sanchez,MIA,CPX,24,15.1,.500,1.70,35.7%,40.5%,23.8%,30.0%,0.0%,34.9%,46.5%,18.6%,16.0%,181,206,387,sa3019132
Giovanni Vargas,STL,CPX,20,22.1,.400,1.35,26.6%,42.2%,31.3%,30.0%,10.0%,47.0%,21.2%,31.8%,14.5%,151,236,387,sa3021515
Williams Montero,BOS,CPX,18,29.0,.412,0.87,9.7%,41.9%,48.4%,20.0%,3.3%,43.8%,21.9%,34.4%,15.8%,145,241,386,sa3068359
Jarol Baéz,STL,CPX,20,18.0,.440,0.68,40.7%,24.1%,35.2%,15.8%,31.6%,51.8%,19.6%,28.6%,11.5%,170,214,384,sa3022010
Ronaldys Jimenez,PIT,CPX,20,20.0,.333,1.39,18.9%,47.2%,34.0%,27.8%,11.1%,45.6%,8.8%,45.6%,12.5%,172,211,383,sa3025092
Marco Manzano,NYY,CPX,22,21.0,.367,1.44,21.4%,46.4%,32.1%,11.1%,11.1%,44.8%,20.7%,34.5%,21.3%,168,212,380,sa3024246
Alexander Almonte,NYY,CPX,19,22.2,.308,1.48,20.5%,47.4%,32.1%,28.0%,4.0%,54.4%,29.1%,16.5%,8.7%,161,219,380,sa3024593
Jack Walker,MIN,CPX,25,19.1,.414,2.14,21.4%,53.6%,25.0%,42.9%,0.0%,39.3%,17.9%,42.9%,17.9%,175,205,380,sa3076384
Sunayro Martina,NYY,CPX,22,22.1,.392,1.26,30.7%,38.7%,30.7%,21.7%,17.4%,42.9%,24.7%,32.5%,12.4%,153,226,379,sa3022106
Efrailin Ramos,TBR,CPX,20,23.2,.254,1.38,23.1%,44.6%,32.3%,19.0%,0.0%,53.0%,21.2%,25.8%,11.3%,137,242,379,sa3023691
Yeison Martinez,PIT,CPX,18,24.2,.353,1.44,27.4%,42.9%,29.8%,24.0%,8.0%,43.2%,21.6%,35.2%,8.2%,159,220,379,sa3025227
Luis Amador,HOU,CPX,18,19.0,.259,1.04,11.7%,45.0%,43.3%,15.4%,15.4%,46.8%,27.4%,25.8%,9.0%,183,196,379,sa3067615
Yoralbert Cadiz,NYM,CPX,21,20.0,.352,1.25,30.8%,38.5%,30.8%,18.8%,18.8%,52.7%,29.1%,18.2%,11.9%,165,213,378,sa3021822
Jakson Gamboa,BOS,CPX,19,23.0,.368,0.65,25.9%,29.3%,44.8%,19.2%,7.7%,33.3%,30.0%,36.7%,12.7%,155,222,377,sa3068090
McLane Moody,PIT,CPX,19,15.1,.429,1.50,23.1%,46.2%,30.8%,8.3%,16.7%,58.1%,23.3%,18.6%,13.0%,201,176,377,sa3069306
Carter Holjes,MIN,CPX,25,28.2,.253,2.15,22.2%,53.1%,24.7%,20.0%,15.0%,43.0%,22.1%,34.9%,13.6%,142,234,376,sa3076275
Leonardo Leon,DET,CPX,20,21.0,.341,1.27,27.7%,40.4%,31.9%,33.3%,20.0%,44.7%,19.1%,36.2%,10.9%,177,198,375,sa3025347
Alain Pena,HOU,CPX,23,24.2,.246,1.27,24.2%,42.4%,33.3%,36.4%,9.1%,53.7%,26.9%,19.4%,13.7%,153,219,372,sa3019050
Cesar Rodriguez,ATL,CPX,21,17.0,.300,1.00,24.0%,38.0%,38.0%,21.1%,15.8%,37.7%,28.3%,34.0%,7.6%,190,178,368,sa3068896
Jun-Seok Shim,NYM,CPX,22,20.0,.212,1.25,12.2%,48.8%,39.0%,25.0%,6.3%,41.9%,18.6%,39.5%,10.9%,194,173,367,sa3022110
Danny Flatt,NYY,CPX,22,19.1,.390,1.32,22.8%,43.9%,33.3%,10.5%,10.5%,41.0%,23.0%,36.1%,11.3%,144,220,364,sa3023618
Jeison Payano,BOS,CPX,20,13.0,.235,0.53,14.7%,29.4%,55.9%,31.6%,10.5%,47.2%,19.4%,33.3%,11.3%,193,171,364,sa3024609
Alejandro Lóaiza,STL,CPX,22,18.0,.357,1.16,30.5%,37.3%,32.2%,21.1%,36.8%,59.7%,21.0%,19.4%,14.1%,157,205,362,sa3016195
Bryce Alewine,DET,CPX,21,20.0,.333,1.19,14.9%,46.3%,38.8%,23.1%,3.8%,50.7%,22.4%,26.9%,10.3%,158,201,359,sa3067422
Victor Duarte,ATL,CPX,18,21.0,.435,1.27,19.0%,45.2%,35.7%,26.7%,6.7%,29.5%,22.7%,47.7%,14.5%,145,213,358,sa3068959
Robinson Narciso,ATL,CPX,21,13.2,.313,2.70,21.3%,57.4%,21.3%,0.0%,30.0%,47.9%,18.8%,33.3%,5.0%,213,145,358,sa3069142
Omar Victorino,NYM,CPX,21,20.0,.458,1.85,28.8%,46.2%,25.0%,30.8%,7.7%,37.0%,24.1%,38.9%,10.4%,155,200,355,sa3019273
Colby Frieda,WSN,CPX,23,20.2,.391,1.00,22.6%,38.7%,38.7%,33.3%,0.0%,30.8%,23.1%,46.2%,15.2%,129,226,355,sa3076365
Juanyerlin Duran,BOS,CPX,18,18.1,.302,1.71,17.4%,52.2%,30.4%,21.4%,21.4%,41.3%,21.7%,37.0%,13.4%,157,195,352,sa3068494
Dioris Martinez,PIT,CPX,20,21.1,.315,2.42,24.1%,53.7%,22.2%,8.3%,0.0%,38.9%,14.8%,46.3%,10.5%,173,178,351,sa3022376
Camilo Sanchez,WSN,CPX,23,19.0,.357,1.23,16.9%,45.8%,37.3%,36.4%,18.2%,55.7%,24.6%,19.7%,12.0%,138,212,350,sa3018834
Johnathan Rogers,DET,CPX,21,21.1,.321,1.18,28.8%,38.5%,32.7%,11.8%,0.0%,51.9%,23.1%,25.0%,9.4%,153,197,350,sa3023182
Victor Santos,BAL,CPX,19,19.1,.308,3.75,22.4%,61.2%,16.3%,25.0%,0.0%,33.3%,31.5%,35.2%,9.7%,163,187,350,sa3025107
Janzen Keisel,TBR,CPX,23,13.2,.333,1.00,29.7%,35.1%,35.1%,38.5%,7.7%,27.0%,27.0%,45.9%,10.3%,186,164,350,sa3035165
Yomar De La Rosa,BOS,CPX,21,24.0,.229,1.28,16.2%,47.1%,36.8%,24.0%,4.0%,49.3%,23.9%,26.8%,10.9%,132,217,349,sa3068080
Roberto Medina,TBR,CPX,21,20.0,.260,0.84,16.4%,38.2%,45.5%,24.0%,20.0%,58.9%,17.9%,23.2%,11.5%,150,197,347,sa3021498
Austin Breedlove,NYY,CPX,22,23.0,.250,2.90,20.4%,59.2%,20.4%,50.0%,0.0%,50.0%,10.0%,40.0%,14.2%,115,231,346,sa3076309
Yoan Valdez,DET,CPX,20,17.1,.395,0.63,31.1%,26.7%,42.2%,15.8%,36.8%,44.0%,28.0%,28.0%,16.0%,141,203,344,sa3019292
Edrwin Veras,TOR,CPX,23,24.1,.309,1.24,17.6%,45.6%,36.8%,32.0%,4.0%,50.7%,18.8%,30.4%,13.1%,129,215,344,sa3068378
Melvin Hidalgo,ATL,CPX,20,21.0,.246,0.96,16.1%,41.1%,42.9%,16.7%,12.5%,50.0%,24.1%,25.9%,6.7%,173,171,344,sa3068822
Hendry Chivilli,MIN,CPX,20,25.0,.262,1.39,12.7%,50.8%,36.5%,8.7%,4.3%,30.3%,28.8%,40.9%,10.3%,127,202,329,sa3021095
Mason Davenport,TOR,CPX,21,21.1,.309,1.11,25.9%,38.9%,35.2%,21.1%,10.5%,38.2%,34.5%,27.3%,11.6%,136,192,328,sa3076087
Giacomo Taschin,TOR,CPX,19,22.2,.298,0.67,16.7%,33.3%,50.0%,29.2%,8.3%,51.0%,26.5%,22.4%,21.0%,116,212,328,sa3076300
Jose Paulino,MIA,CPX,19,16.0,.229,2.50,15.2%,60.6%,24.2%,12.5%,0.0%,51.4%,17.1%,31.4%,13.6%,151,172,323,sa3024557
Victor Trejo,PIT,CPX,20,22.2,.268,3.07,16.2%,63.2%,20.6%,7.1%,14.3%,47.9%,21.9%,30.1%,6.0%,129,189,318,sa3024218
Freigher Barco,TOR,CPX,20,17.1,.286,0.72,17.3%,34.6%,48.1%,16.0%,20.0%,44.4%,20.4%,35.2%,13.2%,133,184,317,sa3068518
Blake Gillespie,NYY,CPX,22,25.1,.262,0.83,19.7%,36.4%,43.9%,13.8%,13.8%,42.9%,24.3%,32.9%,19.8%,77,236,313,sa3032227
Rubender Pena,TBR,CPX,21,21.1,.328,1.15,29.5%,37.7%,32.8%,30.0%,15.0%,53.1%,23.4%,23.4%,9.0%,106,204,310,sa3024097
Alonso Carrera,TBR,CPX,21,18.1,.389,1.18,22.9%,41.7%,35.4%,23.5%,5.9%,40.8%,22.4%,36.7%,16.6%,125,183,308,sa3068165
Carlos Mateo,PIT,CPX,20,15.0,.364,1.80,36.4%,40.9%,22.7%,0.0%,0.0%,40.9%,45.5%,13.6%,17.6%,145,161,306,sa3022011
Javier González,BAL,CPX,20,18.0,.293,1.31,26.8%,41.5%,31.7%,15.4%,0.0%,46.3%,34.1%,19.5%,14.6%,124,178,302,sa3022135
Yordy Herrera,STL,CPX,21,17.0,.250,0.78,15.8%,36.8%,47.4%,27.8%,5.6%,52.5%,17.5%,30.0%,14.3%,128,173,301,sa3019643
Salvador Casado,BAL,CPX,20,19.1,.271,2.62,16.1%,60.7%,23.2%,23.1%,0.0%,59.3%,15.3%,25.4%,12.7%,131,169,300,sa3024103
Roberto Pena,NYM,CPX,18,18.1,.326,4.60,30.0%,57.5%,12.5%,0.0%,80.0%,51.2%,17.1%,31.7%,10.3%,150,150,300,sa3076332
Leonardo Rossell,DET,CPX,21,21.0,.192,3.60,14.8%,66.7%,18.5%,40.0%,20.0%,51.9%,16.7%,31.5%,14.8%,120,178,298,sa3022317
Andrew Dunford,HOU,CPX,21,19.2,.306,2.57,21.9%,56.3%,21.9%,21.4%,14.3%,40.9%,22.7%,36.4%,6.8%,138,155,293,sa3023086
Moises Palma,TBR,CPX,21,17.1,.220,1.50,12.5%,52.5%,35.0%,28.6%,7.1%,50.0%,21.4%,28.6%,11.4%,119,171,290,sa3019162
Yoandys Veraza,BOS,CPX,19,11.0,.267,1.00,15.4%,42.3%,42.3%,36.4%,0.0%,43.3%,23.3%,33.3%,10.4%,161,128,289,sa3024251
Xiomer Guacache,DET,CPX,22,18.2,.268,0.78,24.1%,33.3%,42.6%,26.1%,4.3%,52.6%,21.1%,26.3%,9.8%,105,182,287,sa3018887
Julio Gonzalez,NYM,CPX,19,17.1,.163,1.06,27.5%,37.3%,35.3%,27.8%,50.0%,59.6%,17.3%,23.1%,10.1%,125,162,287,sa3068731
Matt Barr,MIN,CPX,20,16.0,.256,0.84,10.3%,41.0%,48.7%,15.8%,10.5%,36.6%,31.7%,31.7%,14.7%,130,156,286,sa3069374
Kevin Velasco,BAL,CPX,20,16.2,.324,0.86,31.6%,31.6%,36.8%,7.1%,7.1%,42.1%,21.1%,36.8%,11.0%,124,159,283,sa3021524
Yander Bonaci,BOS,CPX,19,16.1,.348,0.94,22.2%,37.8%,40.0%,22.2%,5.6%,39.1%,28.3%,32.6%,16.3%,110,172,282,sa3023841
Engel Peralta,MIA,CPX,22,14.2,.317,1.38,24.4%,43.9%,31.7%,53.8%,15.4%,65.1%,16.3%,18.6%,11.4%,109,164,273,sa3019538
Ramon Suarez,TOR,CPX,22,16.0,.316,1.36,27.8%,41.7%,30.6%,45.5%,9.1%,47.5%,22.5%,30.0%,16.8%,105,168,273,sa3020237
Juan Mieses,HOU,CPX,20,14.2,.355,1.00,15.2%,42.4%,42.4%,28.6%,14.3%,48.5%,15.2%,36.4%,13.1%,126,142,268,sa3024618
Owen Rice,STL,CPX,23,12.1,.259,0.92,17.9%,39.3%,42.9%,25.0%,8.3%,62.1%,17.2%,20.7%,12.3%,122,146,268,sa3040689
Blake Morgan,TBR,CPX,23,21.1,.246,1.09,24.6%,39.3%,36.1%,18.2%,4.5%,47.6%,22.2%,30.2%,16.0%,66,197,263,sa3038359
Davidxon Lara,MIA,CPX,19,13.1,.349,1.18,17.8%,44.4%,37.8%,29.4%,23.5%,53.2%,27.7%,19.1%,11.1%,101,161,262,sa3022127
Brailyn Paulino,STL,CPX,20,14.0,.362,1.00,23.4%,38.3%,38.3%,22.2%,5.6%,53.2%,27.7%,19.1%,8.9%,126,133,259,sa3022038
Jerson Alejandro,NYY,CPX,20,12.0,.370,0.38,33.3%,18.5%,48.1%,15.4%,0.0%,29.6%,37.0%,33.3%,10.5%,118,140,258,sa3021533
Victor Espiritu,TOR,CPX,21,14.2,.349,1.62,22.7%,47.7%,29.5%,38.5%,15.4%,44.4%,24.4%,31.1%,12.1%,107,149,256,sa3023847
Jorge Luna,NYY,CPX,21,15.2,.250,1.06,22.2%,40.0%,37.8%,11.8%,0.0%,45.8%,20.8%,33.3%,10.5%,111,137,248,sa3021797
Juan Fraide,HOU,CPX,20,16.2,.297,1.33,24.3%,43.2%,32.4%,58.3%,16.7%,46.2%,15.4%,38.5%,15.8%,84,163,247,sa3067603
Matthew Fisher,PHI,CPX,20,16.2,.282,0.45,20.0%,25.0%,55.0%,36.4%,9.1%,29.3%,31.7%,39.0%,22.0%,98,148,246,sa3069287
Franyel Diaz,NYM,CPX,21,14.2,.381,6.00,24.3%,64.9%,10.8%,75.0%,0.0%,27.5%,25.0%,47.5%,11.4%,110,135,245,sa3020976
Rainy Mota,PHI,CPX,20,12.1,.351,0.63,33.3%,25.6%,41.0%,25.0%,12.5%,35.9%,38.5%,25.6%,7.8%,111,134,245,sa3021024
Alexander De Los Santos,PHI,CPX,19,10.2,.474,1.00,20.9%,39.5%,39.5%,17.6%,35.3%,47.7%,36.4%,15.9%,10.7%,107,135,242,sa3023083
Wilmer Blanco,PHI,CPX,22,14.0,.395,1.00,24.4%,37.8%,37.8%,23.5%,17.6%,63.0%,17.4%,19.6%,19.3%,79,159,238,sa3019184
Anderson Navas,PHI,CPX,19,15.1,.293,1.43,19.0%,47.6%,33.3%,21.4%,7.1%,42.9%,31.0%,26.2%,9.3%,109,127,236,sa3023881
Brian Arias,NYY,CPX,22,10.2,.320,0.82,16.7%,37.5%,45.8%,18.2%,0.0%,32.0%,32.0%,36.0%,17.1%,118,116,234,sa3017768
Jhon Rivas,TOR,CPX,18,16.2,.347,1.00,28.6%,35.7%,35.7%,13.3%,6.7%,33.3%,33.3%,33.3%,15.7%,100,129,229,sa3068801
Tyler Schoff,WSN,CPX,27,17.2,.278,1.20,13.7%,47.1%,39.2%,15.0%,0.0%,46.3%,22.2%,31.5%,12.7%,73,155,228,sa3017545
Riley Stanford,TBR,CPX,23,14.1,.333,2.86,27.0%,54.1%,18.9%,0.0%,0.0%,51.3%,25.6%,23.1%,14.3%,77,147,224,sa3042934
Matthew Hoskins,TBR,CPX,22,12.0,.207,1.86,31.0%,44.8%,24.1%,57.1%,0.0%,31.0%,17.2%,51.7%,6.3%,114,109,223,sa3034127
KK Clark,BAL,CPX,21,12.2,.281,1.78,19.4%,51.6%,29.0%,33.3%,0.0%,35.5%,25.8%,38.7%,9.9%,92,131,223,sa3069397
John Valle,NYM,CPX,21,12.1,.316,1.36,18.8%,46.9%,34.4%,18.2%,9.1%,34.3%,25.7%,40.0%,12.2%,105,117,222,sa3067416
Carson Messina,TOR,CPX,20,16.0,.188,2.38,15.6%,59.4%,25.0%,0.0%,0.0%,43.8%,34.4%,21.9%,16.2%,84,138,222,sa3067436
Yoel Roque,MIN,CPX,19,12.2,.390,1.21,24.4%,41.5%,34.1%,14.3%,0.0%,40.5%,19.0%,40.5%,6.8%,94,127,221,sa3023834
Sam Brodersen,WSN,CPX,24,15.0,.368,1.00,25.0%,37.5%,37.5%,25.0%,8.3%,61.8%,14.7%,23.5%,17.6%,80,141,221,sa3027731
Andy Fabian,BAL,CPX,23,12.2,.278,1.14,11.8%,47.1%,41.2%,28.6%,0.0%,31.4%,28.6%,40.0%,14.1%,88,132,220,sa3024226
Patrick Crotty,PHI,CPX,18,9.1,.303,0.59,20.6%,29.4%,50.0%,5.9%,17.6%,51.4%,22.9%,25.7%,6.5%,116,99,215,sa3076409
Daniel Brooks,ATL,CPX,23,11.2,.278,0.92,26.5%,35.3%,38.2%,7.7%,0.0%,47.2%,27.8%,25.0%,11.3%,80,132,212,sa3076306
Andrew Marrero,HOU,CPX,26,13.1,.217,1.43,26.1%,43.5%,30.4%,42.9%,14.3%,33.3%,33.3%,33.3%,20.4%,75,136,211,sa3016941
Yermain Ruiz,BOS,CPX,20,13.1,.467,0.80,20.6%,35.3%,44.1%,6.7%,26.7%,38.2%,50.0%,11.8%,11.4%,84,127,211,sa3024529
Orlando Gonzalez,PHI,CPX,23,11.0,.250,0.89,0.0%,47.1%,52.9%,44.4%,11.1%,50.0%,16.7%,33.3%,12.9%,96,98,194,sa3024196
Luis Fonseca,TOR,CPX,24,16.1,.436,1.38,18.4%,47.4%,34.2%,23.1%,7.7%,51.2%,26.8%,22.0%,27.8%,53,141,194,sa3067582
Xavier Cruz,STL,CPX,20,15.1,.190,1.50,21.1%,47.4%,31.6%,33.3%,66.7%,66.7%,19.0%,14.3%,21.9%,75,117,192,sa3024203
Anthony Mena,NYY,CPX,21,16.2,.314,1.38,17.4%,47.8%,34.8%,25.0%,18.8%,54.3%,15.2%,30.4%,8.3%,67,125,192,sa3024947
Connor O'Halloran,TOR,CPX,23,10.0,.304,1.22,20.0%,44.0%,36.0%,0.0%,22.2%,44.0%,32.0%,24.0%,12.0%,86,105,191,sa3023219
Garrett Apker,HOU,CPX,26,10.1,.238,0.40,30.0%,20.0%,50.0%,40.0%,10.0%,36.4%,18.2%,45.5%,15.5%,77,110,187,sa3020821
Gabriel Paez,TBR,CPX,19,11.0,.368,1.08,28.9%,36.8%,34.2%,30.8%,7.7%,45.0%,20.0%,35.0%,8.1%,84,101,185,sa3025143
Adam Bogosian,WSN,CPX,23,11.0,.313,1.20,31.3%,37.5%,31.3%,20.0%,0.0%,50.0%,25.0%,25.0%,11.5%,63,120,183,sa3077203
Wilmer Lugo,NYM,CPX,20,9.1,.250,1.75,18.5%,51.9%,29.6%,37.5%,12.5%,62.1%,10.3%,27.6%,11.6%,86,95,181,sa3024204
Maddox Long,DET,CPX,25,11.0,.350,0.80,18.2%,36.4%,45.5%,20.0%,30.0%,52.2%,30.4%,17.4%,20.4%,68,113,181,sa3077775
Yordi Jose,MIN,CPX,19,10.0,.333,2.00,8.7%,60.9%,30.4%,42.9%,0.0%,41.7%,29.2%,29.2%,13.3%,87,93,180,sa3068985
Ryan Hall,DET,CPX,19,11.0,.240,1.86,23.1%,50.0%,26.9%,42.9%,14.3%,42.3%,23.1%,34.6%,11.7%,84,96,180,sa3069282
Isaac Silva,BAL,CPX,23,10.1,.553,2.57,30.6%,50.0%,19.4%,28.6%,14.3%,52.8%,19.4%,27.8%,10.6%,67,112,179,sa3077677
Ike Buxton,WSN,CPX,25,9.0,.345,3.00,23.1%,57.7%,19.2%,40.0%,0.0%,48.3%,17.2%,34.5%,10.2%,86,91,177,sa3020180
Kifraidy Encarnacion,MIA,CPX,20,7.0,.308,11.00,7.7%,84.6%,7.7%,0.0%,0.0%,61.5%,15.4%,23.1%,14.7%,91,86,177,sa3024081
Diego Godoy,MIA,CPX,21,8.1,.308,1.63,22.2%,48.1%,29.6%,37.5%,25.0%,60.7%,7.1%,32.1%,10.3%,69,106,175,sa3067589
Nick McAuliffe,MIN,CPX,25,12.2,.484,1.00,13.3%,43.3%,43.3%,23.1%,7.7%,34.4%,28.1%,37.5%,28.0%,46,129,175,sa3076251
Thatcher Hurd,NYY,CPX,23,11.1,.200,0.90,26.9%,34.6%,38.5%,20.0%,10.0%,42.3%,26.9%,30.8%,13.2%,69,105,174,sa3034340
Naoel Mejia,PHI,CPX,23,10.1,.208,3.50,25.0%,58.3%,16.7%,25.0%,0.0%,45.8%,29.2%,25.0%,21.5%,68,104,172,sa3022206
Adrián Delgado,BAL,CPX,21,9.0,.167,10.00,21.4%,71.4%,7.1%,100.0%,0.0%,55.6%,0.0%,44.4%,14.1%,85,85,170,sa3019379
Tony Gonzalez,PIT,CPX,22,9.0,.409,2.60,18.2%,59.1%,22.7%,20.0%,0.0%,40.9%,22.7%,36.4%,10.1%,73,96,169,sa3068729
Harlin Naut,BAL,CPX,21,11.2,.262,3.25,17.1%,63.4%,19.5%,37.5%,0.0%,64.3%,16.7%,19.0%,8.5%,59,106,165,sa3025102
Fermin Magallanes,BAL,CPX,24,7.0,.429,0.57,26.7%,26.7%,46.7%,42.9%,14.3%,40.0%,26.7%,33.3%,17.1%,81,83,164,sa3021544
Marlon De La Cruz,WSN,CPX,20,12.0,.179,1.63,19.2%,50.0%,30.8%,37.5%,0.0%,50.0%,25.0%,25.0%,14.6%,64,100,164,sa3023833
Frederick Hiciano,MIN,CPX,18,12.0,.276,2.14,21.4%,53.6%,25.0%,57.1%,0.0%,27.6%,24.1%,48.3%,25.8%,59,104,163,sa3077260
Luis Arestigueta,ATL,CPX,20,11.2,.229,1.15,17.6%,44.1%,38.2%,30.8%,0.0%,44.1%,20.6%,35.3%,6.4%,66,91,157,sa3021521
Briggs McKenzie,ATL,CPX,19,11.1,.200,2.25,10.3%,62.1%,27.6%,12.5%,0.0%,46.7%,16.7%,36.7%,11.0%,54,101,155,sa3069273
Aaron Shortridge,WSN,CPX,29,9.0,.455,2.00,31.8%,45.5%,22.7%,40.0%,0.0%,36.4%,27.3%,36.4%,20.1%,49,105,154,sa3006759
Jatnk Diaz,DET,CPX,21,12.0,.156,1.33,15.2%,48.5%,36.4%,25.0%,8.3%,57.6%,27.3%,15.2%,9.1%,71,83,154,sa3023181
Juan Nunez,HOU,CPX,22,5.2,.333,1.75,38.9%,38.9%,22.2%,25.0%,75.0%,50.0%,22.2%,27.8%,7.8%,88,65,153,sa3019504
Matthew DesMarets,MIN,CPX,22,8.1,.542,2.20,27.3%,50.0%,22.7%,20.0%,0.0%,58.3%,12.5%,29.2%,19.0%,62,91,153,sa3076210
Carter Holton,ATL,CPX,23,8.0,.400,2.00,36.8%,42.1%,21.1%,25.0%,0.0%,57.1%,28.6%,14.3%,13.8%,57,95,152,sa3025599
Luke Sinnard,ATL,CPX,23,9.1,.318,0.50,18.2%,27.3%,54.5%,16.7%,0.0%,40.9%,13.6%,45.5%,18.5%,45,106,151,sa3042362
Franklyn Moreta,MIA,CPX,22,8.1,.391,2.67,35.3%,47.1%,17.6%,0.0%,0.0%,61.1%,16.7%,22.2%,11.3%,71,79,150,sa3018888
Alvaro Mejias,TBR,CPX,22,10.1,.174,1.38,17.4%,47.8%,34.8%,25.0%,0.0%,43.5%,21.7%,34.8%,22.1%,62,87,149,sa3017657
Payton Graham,STL,CPX,22,9.2,.263,1.80,22.2%,50.0%,27.8%,40.0%,0.0%,60.0%,20.0%,20.0%,10.1%,50,99,149,sa3032565
Hendrick Caña,STL,CPX,18,7.2,.318,0.86,35.0%,30.0%,35.0%,28.6%,0.0%,50.0%,22.7%,27.3%,11.0%,55,91,146,sa3068510
Michael De La Cruz,TOR,CPX,19,7.0,.500,1.80,30.0%,45.0%,25.0%,20.0%,20.0%,52.4%,14.3%,33.3%,16.7%,69,75,144,sa3068162
Eiver Mosquera,MIA,CPX,19,14.0,.419,1.08,15.6%,43.8%,40.6%,30.8%,0.0%,24.2%,24.2%,51.5%,11.8%,51,93,144,sa3068767
Patrick Reilly,BAL,CPX,24,5.2,.286,0.57,21.4%,28.6%,50.0%,14.3%,28.6%,43.8%,25.0%,31.3%,16.1%,71,72,143,sa3023038
Yenfri Sosa,MIA,CPX,22,9.0,.280,4.50,12.0%,72.0%,16.0%,25.0%,0.0%,72.0%,16.0%,12.0%,8.5%,62,80,142,sa3017823
Cory Lewis,MIN,CPX,25,8.2,.300,1.43,15.0%,50.0%,35.0%,14.3%,14.3%,42.9%,19.0%,38.1%,19.3%,55,85,140,sa3020702
Elvin Jimenez,MIA,CPX,21,7.1,.188,1.33,6.7%,53.3%,40.0%,0.0%,0.0%,62.5%,25.0%,12.5%,11.9%,65,70,135,sa3019756
Drue Hackenberg,ATL,CPX,24,8.0,.438,1.80,12.5%,56.3%,31.3%,40.0%,0.0%,31.3%,31.3%,37.5%,17.8%,57,78,135,sa3023304
Eligio Arias,PHI,CPX,23,7.1,.250,3.00,20.0%,60.0%,20.0%,0.0%,0.0%,25.0%,50.0%,25.0%,12.8%,56,77,133,sa3024228
Ryan Heppner,ATL,CPX,21,10.2,.323,2.25,18.8%,56.3%,25.0%,25.0%,12.5%,40.6%,28.1%,31.3%,9.0%,43,90,133,sa3069407
Anthony Steele,BAL,CPX,23,3.1,.462,0.80,25.0%,33.3%,41.7%,20.0%,0.0%,61.5%,7.7%,30.8%,5.3%,76,57,133,sa3076307
Omar Montano,MIN,CPX,20,5.2,.500,1.11,17.4%,43.5%,39.1%,33.3%,0.0%,34.8%,21.7%,43.5%,4.6%,71,59,130,sa3025468
Brock Gillis,WSN,CPX,24,7.2,.435,1.14,31.8%,36.4%,31.8%,28.6%,0.0%,37.5%,25.0%,37.5%,17.2%,47,81,128,sa3077600
Jose Serrano,HOU,CPX,22,9.0,.286,2.00,33.3%,44.4%,22.2%,33.3%,0.0%,50.0%,25.0%,25.0%,12.6%,44,83,127,sa3019597
Colby Holcombe,TOR,CPX,23,8.1,.320,2.50,19.2%,57.7%,23.1%,50.0%,16.7%,53.8%,15.4%,30.8%,12.6%,52,75,127,sa3025302
Joel Ibarra,PIT,CPX,23,6.1,.318,0.89,19.0%,38.1%,42.9%,22.2%,0.0%,50.0%,27.3%,22.7%,12.9%,60,64,124,sa3009326
Brayden Jones,TBR,CPX,24,7.1,.417,3.00,33.3%,50.0%,16.7%,0.0%,0.0%,35.0%,35.0%,30.0%,12.2%,51,72,123,sa3034850
Wyatt Parliament,NYY,CPX,22,10.0,.333,0.42,34.6%,19.2%,46.2%,25.0%,8.3%,26.9%,34.6%,38.5%,16.3%,37,86,123,sa3039489
Callan Fang,MIN,CPX,22,6.1,.462,1.00,0.0%,50.0%,50.0%,33.3%,0.0%,69.2%,15.4%,15.4%,19.7%,49,73,122,sa3031142
Eddison Septimo,BOS,CPX,19,6.1,.231,1.75,21.4%,50.0%,28.6%,0.0%,25.0%,42.9%,14.3%,42.9%,11.6%,72,49,121,sa3068790
Franklin Sanchez,MIA,CPX,25,7.2,.263,2.25,27.8%,50.0%,22.2%,0.0%,0.0%,52.6%,26.3%,21.1%,14.2%,53,67,120,sa3015157
Keiverson Ramírez,STL,CPX,20,8.1,.333,1.71,13.6%,54.5%,31.8%,14.3%,14.3%,22.7%,50.0%,27.3%,6.8%,42,75,117,sa3022126
Andrew Dutkanych IV,STL,CPX,22,5.1,.444,0.20,45.5%,9.1%,45.5%,20.0%,40.0%,36.4%,36.4%,27.3%,12.0%,55,62,117,sa3030700
Juan Amarante,PHI,CPX,22,7.0,.357,2.00,14.3%,57.1%,28.6%,0.0%,0.0%,57.1%,21.4%,21.4%,17.4%,44,71,115,sa3019048
Paul Wilson,DET,CPX,21,7.1,.200,5.00,14.3%,71.4%,14.3%,0.0%,0.0%,53.3%,20.0%,26.7%,11.3%,48,67,115,sa3023596
Caden Wooster,NYM,CPX,21,5.1,.250,4.00,37.5%,50.0%,12.5%,100.0%,0.0%,75.0%,0.0%,25.0%,19.1%,46,69,115,sa3069202
Jadon Williamson,MIA,CPX,23,10.0,.433,1.25,35.7%,35.7%,28.6%,0.0%,0.0%,28.6%,50.0%,21.4%,15.8%,53,61,114,sa3069193
Tejahari Wilson,BOS,CPX,19,6.0,.167,0.57,8.3%,33.3%,58.3%,28.6%,0.0%,50.0%,33.3%,16.7%,9.8%,57,55,112,sa3024250
Luke Kovach,TOR,CPX,23,5.0,.545,1.00,27.3%,36.4%,36.4%,25.0%,0.0%,18.2%,36.4%,45.5%,13.4%,50,62,112,sa3067235
Jesse Scholtens,TBR,CPX,32,6.1,.450,1.00,20.0%,40.0%,40.0%,25.0%,12.5%,33.3%,33.3%,33.3%,13.5%,41,70,111,19205
Trace Phillips,TBR,CPX,21,7.1,.188,2.50,22.2%,55.6%,22.2%,25.0%,50.0%,50.0%,11.1%,38.9%,11.7%,40,71,111,sa3077602
Luis Cesar,MIA,CPX,22,5.2,.333,1.60,31.6%,42.1%,26.3%,20.0%,20.0%,26.3%,36.8%,36.8%,8.2%,49,61,110,sa3018368
Antonio Florido,DET,CPX,21,6.2,.286,1.13,19.0%,42.9%,38.1%,25.0%,0.0%,47.6%,14.3%,38.1%,12.8%,38,71,109,sa3018890
Ian Medina,MIA,CPX,21,6.2,.235,3.67,22.2%,61.1%,16.7%,66.7%,33.3%,72.2%,11.1%,16.7%,10.1%,44,65,109,sa3024939
Janero Miller,MIA,CPX,20,6.1,.200,2.25,13.3%,60.0%,26.7%,50.0%,0.0%,46.7%,20.0%,33.3%,19.8%,48,58,106,sa3021077
Trent Turzenski,BAL,CPX,25,5.0,.500,3.00,0.0%,100.0%,0.0%,0.0%,0.0%,50.0%,0.0%,50.0%,14.2%,49,57,106,sa3025238
Anthony Watts,STL,CPX,22,6.0,.250,1.25,40.0%,33.3%,26.7%,0.0%,0.0%,35.3%,23.5%,41.2%,13.3%,43,62,105,sa3044875
Michael Carpenter,MIN,CPX,21,3.0,.500,2.50,12.5%,62.5%,25.0%,0.0%,0.0%,62.5%,37.5%,0.0%,7.8%,52,50,102,sa3067133
Tegan Cain,PHI,CPX,23,5.1,.400,1.75,26.7%,46.7%,26.7%,0.0%,0.0%,33.3%,53.3%,13.3%,13.9%,31,70,101,sa3025465
L.J. Waco,WSN,CPX,24,9.0,.211,0.40,30.0%,20.0%,50.0%,40.0%,10.0%,45.0%,20.0%,35.0%,17.0%,34,66,100,sa3076426
Jack Hartman,TBR,CPX,27,7.1,.313,5.00,25.0%,62.5%,12.5%,0.0%,0.0%,37.5%,12.5%,50.0%,22.4%,32,66,98,sa3018250
Geremy Villoria,MIN,CPX,17,7.0,.250,1.25,5.3%,52.6%,42.1%,0.0%,0.0%,35.0%,30.0%,35.0%,15.3%,39,59,98,sa3068086
Alexander Cornielle,NYY,CPX,24,4.1,.615,1.25,30.8%,38.5%,30.8%,0.0%,0.0%,53.8%,23.1%,23.1%,21.6%,31,66,97,sa3011779
Jake Faherty,MIA,CPX,23,3.0,.500,6.00,12.5%,75.0%,12.5%,100.0%,0.0%,12.5%,12.5%,75.0%,6.2%,69,28,97,sa3025331
Hueston Morrill,NYY,CPX,26,6.2,.400,0.75,17.6%,35.3%,47.1%,12.5%,25.0%,47.1%,23.5%,29.4%,24.0%,32,64,96,sa3022408
Jhon Cabral,MIA,CPX,20,3.1,.222,0.33,11.1%,22.2%,66.7%,50.0%,16.7%,10.0%,40.0%,50.0%,9.5%,49,46,95,sa3019299
Austin Brown,NYM,CPX,21,5.1,.455,0.33,27.3%,18.2%,54.5%,33.3%,0.0%,18.2%,36.4%,45.5%,15.8%,29,66,95,sa3077762
Matt Duffy,BOS,CPX,24,5.1,.583,0.25,16.7%,16.7%,66.7%,25.0%,0.0%,25.0%,16.7%,58.3%,20.4%,33,60,93,sa3023272
Cesar Lares,MIN,CPX,22,6.2,.375,3.00,25.0%,56.3%,18.8%,33.3%,0.0%,35.3%,35.3%,29.4%,20.7%,31,61,92,sa3019384
Kevin Davis,WSN,CPX,27,5.0,.333,1.75,8.3%,58.3%,33.3%,75.0%,0.0%,50.0%,8.3%,41.7%,12.1%,40,51,91,sa3067311
Mason Dinesen,BAL,CPX,27,6.0,.100,1.67,11.1%,55.6%,33.3%,33.3%,0.0%,44.4%,11.1%,44.4%,6.7%,45,45,90,sa3025052
Ryan Mathiesen,HOU,CPX,23,6.2,.263,1.00,36.8%,31.6%,31.6%,50.0%,0.0%,52.6%,15.8%,31.6%,13.3%,35,55,90,sa3025617
Jackson Dannelley,WSN,CPX,24,4.1,.143,1.00,14.3%,42.9%,42.9%,0.0%,0.0%,28.6%,28.6%,42.9%,11.1%,49,41,90,sa3067029
Brian Hendry,NYY,CPX,26,11.1,.143,1.43,10.5%,52.6%,36.8%,14.3%,14.3%,47.4%,15.8%,36.8%,25.8%,23,66,89,sa3023525
Curtis Hebert,HOU,CPX,22,4.0,.333,1.33,30.0%,40.0%,30.0%,33.3%,0.0%,33.3%,8.3%,58.3%,11.4%,51,37,88,sa3033501
Jadon Bercovich,TBR,CPX,24,4.2,.273,1.33,36.4%,36.4%,27.3%,33.3%,0.0%,70.0%,20.0%,10.0%,22.7%,35,53,88,sa3068330
Austin Marozas,TOR,CPX,27,6.1,.133,1.40,14.3%,50.0%,35.7%,80.0%,0.0%,53.3%,20.0%,26.7%,21.2%,30,55,85,sa3068884
Brenner Cox,WSN,CPX,22,5.2,.357,2.00,14.3%,57.1%,28.6%,25.0%,0.0%,50.0%,28.6%,21.4%,13.1%,40,44,84,sa3020217
Jacob Weaver,WSN,CPX,23,3.2,.545,2.33,9.1%,63.6%,27.3%,0.0%,0.0%,27.3%,27.3%,45.5%,13.1%,38,46,84,sa3076338
Mack Estrada,NYY,CPX,21,4.1,.375,0.75,17.6%,35.3%,47.1%,37.5%,12.5%,35.3%,23.5%,41.2%,8.3%,38,46,84,sa3077760
Josbel Garcia,TOR,CPX,22,7.1,.167,2.20,11.1%,61.1%,27.8%,60.0%,0.0%,61.1%,5.6%,33.3%,18.1%,20,63,83,sa3019250
Ethan Lanthier,NYM,CPX,23,3.0,.600,6.00,40.0%,60.0%,0.0%,0.0%,0.0%,60.0%,20.0%,20.0%,14.6%,37,45,82,sa3025614
Kevin Herget,NYM,CPX,35,4.2,.444,0.88,16.7%,38.9%,44.4%,37.5%,0.0%,44.4%,27.8%,27.8%,12.3%,27,54,81,15369
Jefferson Moran,STL,CPX,22,7.1,.214,0.80,18.2%,36.4%,45.5%,40.0%,0.0%,54.5%,27.3%,18.2%,24.7%,28,53,81,sa3022194
Jank Pichardo,HOU,CPX,21,5.0,.500,2.00,35.7%,42.9%,21.4%,33.3%,0.0%,42.9%,28.6%,28.6%,14.8%,28,53,81,sa3022231
Darwin Roa,PIT,CPX,19,4.1,.556,0.75,22.2%,33.3%,44.4%,0.0%,0.0%,55.6%,22.2%,22.2%,12.3%,34,47,81,sa3068867
Nathan Hall,NYM,CPX,22,7.2,.227,3.00,20.0%,60.0%,20.0%,0.0%,0.0%,47.1%,23.5%,29.4%,6.2%,26,55,81,sa3069376
Jesús García,STL,CPX,20,8.1,.053,1.57,5.3%,57.9%,36.8%,71.4%,0.0%,31.6%,10.5%,57.9%,12.5%,23,57,80,sa3023846
Carlos Rondon,NYY,CPX,20,4.1,.429,0.36,28.6%,19.0%,52.4%,36.4%,9.1%,42.9%,28.6%,28.6%,2.6%,30,48,78,sa3024634
Angel Castillo,TBR,CPX,24,3.2,.143,0.25,16.7%,16.7%,66.7%,75.0%,0.0%,42.9%,0.0%,57.1%,16.7%,36,42,78,sa3077378
Jake Bloss,TOR,CPX,25,4.2,.273,1.67,20.0%,50.0%,30.0%,33.3%,0.0%,63.6%,9.1%,27.3%,10.4%,22,55,77,33168
Mariano Salomon,NYY,CPX,23,4.1,.500,1.50,28.6%,42.9%,28.6%,25.0%,25.0%,60.0%,20.0%,20.0%,18.2%,29,48,77,sa3021751
Joe Ruzicka,DET,CPX,22,4.1,.273,4.00,0.0%,80.0%,20.0%,0.0%,0.0%,45.5%,18.2%,36.4%,15.6%,32,45,77,sa3041362
Rainer Marin,MIN,CPX,20,4.2,.474,1.60,27.8%,44.4%,27.8%,0.0%,0.0%,47.4%,10.5%,42.1%,3.9%,33,44,77,sa3068603
Miguelangel Boadas,MIN,CPX,23,4.0,.500,0.80,35.7%,28.6%,35.7%,20.0%,0.0%,43.8%,25.0%,31.3%,17.1%,30,46,76,sa3015427
TJ Nichols,TBR,CPX,24,5.0,.375,3.00,20.0%,60.0%,20.0%,33.3%,0.0%,25.0%,31.3%,43.8%,9.2%,19,57,76,sa3023039
Brady Tygart,BOS,CPX,23,3.2,.462,1.20,15.4%,46.2%,38.5%,0.0%,0.0%,38.5%,15.4%,46.2%,11.8%,33,43,76,sa3044198
Brian Holiday,STL,CPX,23,9.2,.333,1.80,6.7%,60.0%,33.3%,0.0%,40.0%,40.0%,26.7%,33.3%,24.0%,21,54,75,sa3033970
Teddy Sharkey,BAL,CPX,24,5.2,.364,0.25,16.7%,16.7%,66.7%,25.0%,0.0%,0.0%,50.0%,50.0%,12.2%,33,41,74,sa3023230
Ross Dunn,MIN,CPX,24,6.0,.063,1.80,6.7%,60.0%,33.3%,0.0%,0.0%,37.5%,12.5%,50.0%,12.2%,21,53,74,sa3023414
Zach Swanson,DET,CPX,20,3.0,.300,6.00,33.3%,66.7%,0.0%,0.0%,0.0%,60.0%,20.0%,20.0%,8.1%,36,38,74,sa3066596
Josnaider Orellana,BAL,CPX,21,4.2,.350,1.29,11.1%,50.0%,38.9%,14.3%,0.0%,50.0%,15.0%,35.0%,4.1%,34,39,73,sa3019404
Rafael Gonzalez,HOU,CPX,21,5.1,.286,1.50,28.6%,42.9%,28.6%,50.0%,0.0%,14.3%,50.0%,35.7%,13.7%,38,35,73,sa3020995
Eric Lin,TBR,CPX,23,4.2,.400,1.33,30.0%,40.0%,30.0%,33.3%,0.0%,30.0%,10.0%,60.0%,19.2%,26,47,73,sa3076441
Richard Guasch,BAL,CPX,28,3.1,.444,1.00,33.3%,33.3%,33.3%,33.3%,0.0%,33.3%,11.1%,55.6%,13.9%,29,43,72,sa3008434
Julian Merryweather,MIN,CPX,34,4.1,.471,2.50,17.6%,58.8%,23.5%,0.0%,25.0%,44.4%,22.2%,33.3%,11.3%,21,50,71,16703
Michael Knorr,HOU,CPX,26,5.0,.143,0.67,28.6%,28.6%,42.9%,33.3%,0.0%,28.6%,28.6%,42.9%,26.5%,23,45,68,sa3020872
Garrett Horn,MIN,CPX,23,6.0,.077,2.00,30.8%,46.2%,23.1%,0.0%,0.0%,46.2%,23.1%,30.8%,16.2%,25,43,68,sa3034093
Hurston Waldrep,ATL,CPX,24,4.0,.222,3.00,11.1%,66.7%,22.2%,0.0%,0.0%,22.2%,22.2%,55.6%,16.4%,28,39,67,33527
Andrew Taylor,HOU,CPX,24,4.2,.333,2.33,16.7%,58.3%,25.0%,0.0%,0.0%,66.7%,8.3%,25.0%,23.9%,16,51,67,sa3020873
Kevin Warunek,PHI,CPX,23,4.2,.111,1.67,11.1%,55.6%,33.3%,0.0%,0.0%,33.3%,22.2%,44.4%,9.0%,27,40,67,sa3044815
Pedro Garcia,DET,CPX,24,1.2,.667,0.25,44.4%,11.1%,44.4%,0.0%,25.0%,40.0%,50.0%,10.0%,9.1%,25,41,66,sa3018872
Baron Stuart,WSN,CPX,26,2.1,.714,4.00,44.4%,44.4%,11.1%,0.0%,200.0%,66.7%,11.1%,22.2%,12.1%,33,33,66,sa3020888
Luis Espinoza,BAL,CPX,19,3.0,.364,6.00,36.4%,54.5%,9.1%,0.0%,0.0%,45.5%,9.1%,45.5%,7.6%,30,36,66,sa3024262
Jack Crowder,BAL,CPX,23,4.0,.231,0.43,23.1%,23.1%,53.8%,42.9%,0.0%,23.1%,23.1%,53.8%,9.1%,28,38,66,sa3029607
Trennor O'Donnell,BOS,CPX,25,7.1,.333,0.14,0.0%,12.5%,87.5%,14.3%,0.0%,62.5%,25.0%,12.5%,12.3%,27,38,65,sa3023531
Cleiber Maldonado,MIN,CPX,22,2.1,.538,2.00,25.0%,50.0%,25.0%,0.0%,0.0%,53.8%,15.4%,30.8%,3.2%,28,35,63,sa3016846
Billy Oldham,MIN,CPX,25,4.1,.400,0.50,14.3%,28.6%,57.1%,0.0%,50.0%,42.9%,42.9%,14.3%,23.8%,17,46,63,sa3077701
Jeremy Wu-Yelland,BOS,CPX,27,3.1,.333,1.00,0.0%,50.0%,50.0%,0.0%,50.0%,50.0%,25.0%,25.0%,19.7%,22,39,61,sa3014520
Carson Pierce,TOR,CPX,24,3.2,.000,1.67,11.1%,55.6%,33.3%,0.0%,66.7%,55.6%,22.2%,22.2%,15.5%,25,33,58,sa3023179
Fabian Lopez,MIA,CPX,20,2.1,.500,0.00,45.5%,0.0%,54.5%,16.7%,16.7%,18.2%,63.6%,18.2%,3.5%,29,28,57,sa3021276
Leodarlyn Colon,WSN,CPX,21,5.1,.111,1.50,0.0%,60.0%,40.0%,50.0%,50.0%,60.0%,0.0%,40.0%,12.5%,22,34,56,sa3019719
Ethan Walker,BOS,CPX,22,3.2,.222,2.00,25.0%,50.0%,25.0%,0.0%,0.0%,44.4%,22.2%,33.3%,19.6%,22,34,56,sa3044666
Alan Reyes,STL,CPX,22,2.2,.222,1.00,20.0%,40.0%,40.0%,50.0%,25.0%,20.0%,60.0%,20.0%,3.6%,18,37,55,sa3023814
Yeraldo Salcedo,PIT,CPX,19,7.2,.217,4.00,13.0%,69.6%,17.4%,0.0%,0.0%,47.8%,26.1%,26.1%,9.1%,12,43,55,sa3068668
Luis Velasquez,NYY,CPX,24,3.1,.000,5.00,0.0%,83.3%,16.7%,100.0%,0.0%,66.7%,0.0%,33.3%,28.3%,19,34,53,sa3010135
Zeke Wood,STL,CPX,26,2.0,.833,4.00,16.7%,66.7%,16.7%,0.0%,100.0%,57.1%,28.6%,14.3%,15.1%,21,32,53,sa3068853
Trevor Williams,WSN,CPX,34,2.0,.333,1.00,50.0%,50.0%,0.0%,0.0%,0.0%,33.3%,33.3%,33.3%,19.2%,19,33,52,16977
Noah Dean,WSN,CPX,25,3.1,.500,3.00,0.0%,100.0%,0.0%,0.0%,0.0%,50.0%,50.0%,0.0%,13.5%,23,29,52,sa3020740
Ismael Cabral,TBR,CPX,22,4.2,.357,1.00,0.0%,50.0%,50.0%,0.0%,0.0%,62.5%,37.5%,0.0%,13.5%,27,25,52,sa3021481
Valentin Linarez,WSN,CPX,26,2.2,.250,2.00,25.0%,50.0%,25.0%,0.0%,0.0%,50.0%,12.5%,37.5%,11.8%,25,26,51,sa3006557
Clarence Martina,WSN,CPX,21,3.0,.125,0.20,14.3%,14.3%,71.4%,20.0%,0.0%,25.0%,37.5%,37.5%,17.6%,23,28,51,sa3019099
Joey Wimpelberg,DET,CPX,21,3.0,.471,2.25,18.8%,56.3%,25.0%,50.0%,0.0%,58.8%,11.8%,29.4%,7.8%,20,31,51,sa3069403
Cristhian Tortosa,PIT,CPX,27,3.0,.000,1.00,50.0%,50.0%,0.0%,0.0%,0.0%,50.0%,50.0%,0.0%,17.6%,19,32,51,sa920454
Alex Young,WSN,CPX,32,3.0,.000,1.00,33.3%,33.3%,33.3%,0.0%,0.0%,50.0%,33.3%,16.7%,14.0%,21,29,50,18333
Ronaldo Gallo,PIT,CPX,25,3.1,.125,1.00,0.0%,50.0%,50.0%,25.0%,0.0%,37.5%,25.0%,37.5%,8.0%,24,26,50,sa3067310
Edgardo Figueroa,WSN,CPX,18,4.0,.077,0.60,33.3%,25.0%,41.7%,60.0%,0.0%,38.5%,23.1%,38.5%,6.0%,16,34,50,sa3067716
Yaiker Torrelles,WSN,CPX,19,4.2,.000,0.50,25.0%,25.0%,50.0%,0.0%,0.0%,37.5%,62.5%,0.0%,18.0%,16,34,50,sa3068741
Win Scott,DET,CPX,23,4.0,.462,3.00,42.9%,42.9%,14.3%,0.0%,50.0%,57.1%,21.4%,21.4%,12.0%,14,36,50,sa3076366
Jason Alexander,HOU,CPX,33,4.0,.000,0.50,40.0%,20.0%,40.0%,50.0%,0.0%,60.0%,0.0%,40.0%,14.3%,16,33,49,19666
Jesus Montiel,PHI,CPX,19,4.0,.111,0.40,22.2%,22.2%,55.6%,40.0%,0.0%,22.2%,33.3%,44.4%,12.2%,16,33,49,sa3025493
Po-Yu Chen,PIT,CPX,24,3.0,.545,2.00,10.0%,60.0%,30.0%,0.0%,0.0%,63.6%,18.2%,18.2%,16.7%,14,34,48,sa3014699
Cooper Hjerpe,STL,CPX,25,4.0,.000,5.00,14.3%,71.4%,14.3%,100.0%,0.0%,28.6%,28.6%,42.9%,8.3%,18,30,48,sa3020736
Chris Lopez,STL,CPX,21,2.0,.333,0.00,33.3%,0.0%,66.7%,50.0%,0.0%,50.0%,33.3%,16.7%,2.1%,31,17,48,sa3021648
Adolfo Miranda,NYM,CPX,19,3.0,.333,0.50,33.3%,22.2%,44.4%,50.0%,0.0%,33.3%,22.2%,44.4%,12.5%,18,30,48,sa3025062
DJ Herz,WSN,CPX,25,5.0,.000,2.50,0.0%,71.4%,28.6%,50.0%,0.0%,62.5%,12.5%,25.0%,36.2%,11,36,47,26389
Calvin Ziegler,NYM,CPX,23,2.1,.500,4.00,16.7%,66.7%,16.7%,0.0%,0.0%,50.0%,33.3%,16.7%,10.6%,23,24,47,sa3018142
Maximin Medina,WSN,CPX,18,4.2,.455,3.50,30.8%,53.8%,15.4%,50.0%,0.0%,38.5%,15.4%,46.2%,4.3%,17,30,47,sa3076957
Mike Clevinger,PIT,CPX,35,2.2,.375,1.00,25.0%,37.5%,37.5%,0.0%,0.0%,37.5%,12.5%,50.0%,19.6%,16,30,46,12808
Jake Miller,DET,CPX,25,2.2,.250,2.00,50.0%,50.0%,0.0%,0.0%,0.0%,50.0%,0.0%,50.0%,15.2%,15,31,46,sa3020408
Jonawel Valdez,MIA,CPX,22,4.1,.364,3.00,33.3%,50.0%,16.7%,100.0%,0.0%,66.7%,16.7%,16.7%,15.2%,19,27,46,sa3021755
Cristobal Abreu,ATL,CPX,20,2.1,.200,2.00,25.0%,50.0%,25.0%,0.0%,0.0%,60.0%,20.0%,20.0%,8.7%,24,22,46,sa3022169
Jake Hunter,MIN,CPX,23,3.0,.375,0.33,11.1%,22.2%,66.7%,0.0%,16.7%,33.3%,44.4%,22.2%,10.9%,21,25,46,sa3077716
Eduardo Salazar,MIN,CPX,28,1.2,.667,2.50,22.2%,55.6%,22.2%,0.0%,0.0%,33.3%,22.2%,44.4%,6.7%,15,30,45,23135
Austin Vernon,TBR,CPX,27,3.2,.222,0.25,44.4%,11.1%,44.4%,25.0%,0.0%,55.6%,33.3%,11.1%,17.8%,15,30,45,sa3017138
Luis R. Rodriguez,NYM,CPX,23,2.2,.000,0.00,50.0%,0.0%,50.0%,0.0%,0.0%,50.0%,0.0%,50.0%,17.8%,17,28,45,sa3017275
Yordani Martinez,MIA,CPX,19,2.0,.333,0.25,16.7%,16.7%,66.7%,50.0%,0.0%,50.0%,33.3%,16.7%,0.0%,26,19,45,sa3023738
Ronel Blanco,HOU,CPX,32,3.0,.200,2.00,40.0%,40.0%,20.0%,0.0%,0.0%,40.0%,40.0%,20.0%,27.3%,13,31,44,19407
Sandy Mejia,HOU,CPX,22,2.0,.200,0.50,25.0%,25.0%,50.0%,0.0%,0.0%,60.0%,20.0%,20.0%,20.5%,19,25,44,sa3019141
Colin Fields,DET,CPX,26,2.1,.000,3.00,0.0%,100.0%,0.0%,0.0%,0.0%,100.0%,0.0%,0.0%,14.0%,16,27,43,sa3021985
Jonathan Russell,TBR,CPX,21,3.2,.250,4.00,0.0%,100.0%,0.0%,0.0%,0.0%,0.0%,25.0%,75.0%,27.9%,14,29,43,sa3022152
Jesus Travieso,PIT,CPX,19,2.0,.500,2.00,50.0%,50.0%,0.0%,0.0%,0.0%,50.0%,25.0%,25.0%,18.6%,22,21,43,sa3024565
Matthew Becker,MIN,CPX,23,3.0,.250,0.50,0.0%,33.3%,66.7%,33.3%,16.7%,44.4%,44.4%,11.1%,26.2%,21,21,42,sa3026849
Aiden Taggart,TOR,CPX,19,2.0,.500,2.00,0.0%,100.0%,0.0%,0.0%,0.0%,50.0%,50.0%,0.0%,21.4%,21,21,42,sa3067534
Brian Keller,PHI,CPX,32,3.0,.143,1.00,42.9%,28.6%,28.6%,0.0%,0.0%,57.1%,42.9%,0.0%,7.1%,15,27,42,sa918951
Jake Irvin,WSN,CPX,29,3.0,.125,3.00,42.9%,42.9%,14.3%,0.0%,0.0%,62.5%,12.5%,25.0%,12.2%,11,30,41,21504
Joel Díaz,NYM,CPX,22,2.0,.444,1.67,20.0%,50.0%,30.0%,33.3%,33.3%,40.0%,10.0%,50.0%,7.3%,17,24,41,sa3015500
Dariel Francia,PIT,CPX,19,3.1,.400,0.33,33.3%,16.7%,50.0%,33.3%,33.3%,66.7%,16.7%,16.7%,22.0%,17,24,41,sa3021526
Saul Gomez,BAL,CPX,18,2.2,.533,0.33,20.0%,20.0%,60.0%,22.2%,0.0%,33.3%,13.3%,53.3%,7.5%,14,26,40,sa3024152
Luke Jackson,TBR,CPX,22,3.0,.000,1.00,0.0%,50.0%,50.0%,100.0%,0.0%,50.0%,0.0%,50.0%,30.0%,12,28,40,sa3034507
Santiago Castellanos,MIN,CPX,17,1.2,.000,0.00,0.0%,0.0%,100.0%,50.0%,0.0%,100.0%,0.0%,0.0%,10.0%,31,9,40,sa3068480
Jackson Jobe,DET,CPX,23,3.0,.286,1.50,16.7%,50.0%,33.3%,0.0%,0.0%,28.6%,57.1%,14.3%,23.7%,11,27,38,30203
Hunter Barco,PIT,CPX,25,1.2,.167,4.00,28.6%,57.1%,14.3%,0.0%,0.0%,50.0%,0.0%,50.0%,10.5%,15,23,38,33174
Grayson Saunier,HOU,CPX,22,3.0,.000,2.00,40.0%,40.0%,20.0%,0.0%,0.0%,20.0%,20.0%,60.0%,21.1%,18,20,38,sa3041606
Hobie Harris,BOS,CPX,33,3.0,.429,0.33,42.9%,14.3%,42.9%,33.3%,0.0%,28.6%,14.3%,57.1%,18.9%,14,23,37,18615
Estibenzon Jimenez,PHI,CPX,24,3.0,.167,5.00,16.7%,83.3%,0.0%,0.0%,0.0%,66.7%,0.0%,33.3%,24.3%,9,28,37,sa3015983
Brandon Barriera,TOR,CPX,22,2.1,.000,2.00,0.0%,66.7%,33.3%,0.0%,0.0%,33.3%,0.0%,66.7%,13.5%,16,21,37,sa3020683
Victor Santos,STL,CPX,25,3.0,.375,2.50,12.5%,62.5%,25.0%,50.0%,0.0%,62.5%,12.5%,25.0%,19.4%,11,25,36,sa3003083
Candido Cuevas,NYM,CPX,22,2.1,.167,1.00,0.0%,50.0%,50.0%,50.0%,50.0%,40.0%,60.0%,0.0%,11.1%,16,20,36,sa3018305
Waner Luciano,HOU,CPX,21,3.1,.286,1.20,15.4%,46.2%,38.5%,20.0%,0.0%,21.4%,35.7%,42.9%,0.0%,8,28,36,sa3018501
Albert Polanco,MIA,CPX,21,0.1,1.000,1.00,50.0%,25.0%,25.0%,0.0%,100.0%,100.0%,0.0%,0.0%,2.8%,24,12,36,sa3019660
Eduar Gonzalez,TOR,CPX,20,1.0,.571,0.00,33.3%,0.0%,66.7%,25.0%,0.0%,42.9%,28.6%,28.6%,8.3%,17,19,36,sa3020993
Jose Varela,HOU,CPX,21,4.0,.000,2.00,0.0%,66.7%,33.3%,100.0%,0.0%,66.7%,0.0%,33.3%,27.8%,10,26,36,sa3021987
Osvaldo Berrios,BOS,CPX,26,3.0,.000,1.00,0.0%,50.0%,50.0%,0.0%,0.0%,16.7%,50.0%,33.3%,8.6%,11,24,35,sa3004702
Brayden Heidel,TOR,CPX,24,1.1,.000,0.00,50.0%,0.0%,50.0%,0.0%,100.0%,50.0%,0.0%,50.0%,5.7%,15,20,35,sa3076167
Zac Lampton,BAL,CPX,26,1.2,.429,0.00,28.6%,0.0%,71.4%,0.0%,20.0%,0.0%,62.5%,37.5%,28.6%,11,24,35,sa3076330
Kai-Wei Teng,HOU,CPX,27,3.0,.000,1.00,0.0%,50.0%,50.0%,33.3%,0.0%,33.3%,50.0%,16.7%,8.8%,11,23,34,24282
Kevin Stevens,NYY,CPX,28,2.2,.400,1.00,20.0%,40.0%,40.0%,0.0%,0.0%,60.0%,20.0%,20.0%,20.6%,10,24,34,sa3020613
Dominic Perachi,PIT,CPX,25,2.0,.333,1.00,66.7%,33.3%,0.0%,0.0%,0.0%,0.0%,66.7%,33.3%,14.7%,11,23,34,sa3020841
Mikey Tepper,WSN,CPX,24,2.0,.500,4.00,20.0%,80.0%,0.0%,0.0%,0.0%,50.0%,16.7%,33.3%,17.6%,14,20,34,sa3023065
Eyeksson Rojas,WSN,CPX,20,2.2,.333,0.25,23.1%,15.4%,61.5%,12.5%,12.5%,30.8%,30.8%,38.5%,8.8%,8,26,34,sa3023872
Waner Perez,BAL,CPX,20,1.0,.500,2.00,50.0%,50.0%,0.0%,0.0%,0.0%,75.0%,25.0%,0.0%,0.0%,19,15,34,sa3068799
Sem Robberse,STL,CPX,24,3.0,.125,2.00,0.0%,66.7%,33.3%,0.0%,0.0%,50.0%,12.5%,37.5%,24.2%,9,24,33,sa3011735
Juan Nuñez,BAL,CPX,25,1.0,.600,0.67,0.0%,40.0%,60.0%,33.3%,33.3%,50.0%,0.0%,50.0%,15.6%,10,22,32,sa3015464
Ricky Tiedemann,TOR,CPX,23,2.0,.500,2.00,50.0%,50.0%,0.0%,0.0%,0.0%,50.0%,50.0%,0.0%,34.4%,9,23,32,sa3018096
Micah Ottenbreit,PHI,CPX,23,2.0,.400,3.00,40.0%,60.0%,0.0%,0.0%,0.0%,60.0%,20.0%,20.0%,9.7%,12,19,31,sa3017860
Dalton Rogers,BOS,CPX,25,1.1,.667,0.50,0.0%,33.3%,66.7%,50.0%,0.0%,0.0%,0.0%,100.0%,19.4%,11,20,31,sa3020479
Adrian Bohorquez,MIN,CPX,21,4.0,.200,0.50,0.0%,33.3%,66.7%,0.0%,0.0%,16.7%,50.0%,33.3%,25.8%,7,24,31,sa3021501
Luis Rives,HOU,CPX,21,3.2,.182,0.67,16.7%,33.3%,50.0%,16.7%,16.7%,66.7%,8.3%,25.0%,0.0%,13,18,31,sa3023624
Max Kranick,WSN,CPX,28,1.1,.000,0.33,20.0%,20.0%,60.0%,0.0%,33.3%,66.7%,16.7%,16.7%,0.0%,14,16,30,22175
Ixan Henderson,STL,CPX,24,1.2,.500,1.00,42.9%,28.6%,28.6%,0.0%,0.0%,42.9%,42.9%,14.3%,10.0%,13,17,30,sa3022953
Kendrick Herrera,PIT,CPX,19,1.1,.429,0.50,14.3%,28.6%,57.1%,25.0%,0.0%,28.6%,57.1%,14.3%,0.0%,14,16,30,sa3023776
Joseph King,STL,CPX,25,2.0,.000,2.00,0.0%,66.7%,33.3%,100.0%,0.0%,75.0%,25.0%,0.0%,10.3%,13,16,29,sa3020857
Travis Sthele,WSN,CPX,24,2.0,.429,5.00,28.6%,71.4%,0.0%,0.0%,0.0%,71.4%,0.0%,28.6%,13.8%,12,17,29,sa3022941
Gabriel Rosado,DET,CPX,20,0.2,.000,0.00,0.0%,0.0%,100.0%,0.0%,100.0%,100.0%,0.0%,0.0%,10.3%,20,9,29,sa3067423
Gabriel Flores,PHI,CPX,18,1.0,.667,1.00,33.3%,33.3%,33.3%,50.0%,0.0%,33.3%,0.0%,66.7%,0.0%,11,18,29,sa3068396
Cale Wetwiska,DET,CPX,21,2.0,.400,4.00,0.0%,80.0%,20.0%,0.0%,0.0%,60.0%,20.0%,20.0%,13.8%,13,16,29,sa3069168
Jason Shockley,BAL,CPX,23,1.2,.200,0.50,40.0%,20.0%,40.0%,50.0%,0.0%,40.0%,60.0%,0.0%,3.4%,14,15,29,sa3076273
Dylan Tebrake,WSN,CPX,26,2.0,.400,1.00,20.0%,40.0%,40.0%,0.0%,0.0%,80.0%,20.0%,0.0%,17.9%,7,21,28,sa3020477
Jason Reitz,MIN,CPX,21,2.0,.250,1.00,50.0%,25.0%,25.0%,0.0%,0.0%,75.0%,25.0%,0.0%,32.1%,12,16,28,sa3040605
Yeider Mindiola,NYM,CPX,19,2.0,.167,0.25,16.7%,16.7%,66.7%,75.0%,0.0%,50.0%,16.7%,33.3%,3.6%,13,15,28,sa3067885
Chalniel Arias,NYY,CPX,22,2.2,.455,1.00,27.3%,36.4%,36.4%,25.0%,0.0%,63.6%,18.2%,18.2%,14.8%,6,21,27,sa3019370
Martin Tamara,DET,CPX,22,2.1,.143,4.00,16.7%,66.7%,16.7%,0.0%,0.0%,42.9%,42.9%,14.3%,11.1%,9,18,27,sa3021257
Zander Mueth,PIT,CPX,21,2.0,.000,1.00,0.0%,50.0%,50.0%,33.3%,0.0%,33.3%,33.3%,33.3%,7.4%,14,13,27,sa3023569
Christian Astudillo,BAL,CPX,19,1.0,.667,0.33,0.0%,25.0%,75.0%,33.3%,33.3%,100.0%,0.0%,0.0%,11.1%,12,15,27,sa3024144
Brandon Clarke,STL,CPX,23,1.2,.000,1.00,0.0%,50.0%,50.0%,0.0%,0.0%,50.0%,50.0%,0.0%,14.8%,11,16,27,sa3067144
Bennett Sousa,HOU,CPX,31,2.0,.333,0.00,50.0%,0.0%,50.0%,33.3%,0.0%,50.0%,33.3%,16.7%,26.9%,7,19,26,21345
Garrett Acton,MIN,CPX,28,0.2,.000,0.00,0.0%,0.0%,100.0%,0.0%,50.0%,100.0%,0.0%,0.0%,3.8%,15,11,26,27583
Michael Walsh,PIT,CPX,25,2.0,.000,2.00,25.0%,50.0%,25.0%,100.0%,0.0%,20.0%,20.0%,60.0%,15.4%,8,18,26,sa3020337
Josh Blum,NYM,CPX,23,0.2,.750,0.50,25.0%,25.0%,50.0%,50.0%,50.0%,75.0%,25.0%,0.0%,7.7%,9,17,26,sa3027287
Luis Perdomo,BAL,CPX,19,2.0,.333,0.50,50.0%,16.7%,33.3%,0.0%,0.0%,33.3%,33.3%,33.3%,7.7%,5,21,26,sa3068833
Joseph Tailor,MIA,CPX,20,0.2,.500,1.00,50.0%,50.0%,0.0%,0.0%,0.0%,50.0%,0.0%,50.0%,4.0%,13,12,25,sa3021285
Brett Sears,ATL,CPX,26,3.2,.200,4.00,0.0%,80.0%,20.0%,0.0%,0.0%,60.0%,20.0%,20.0%,60.0%,2,23,25,sa3041892
Michael Grove,TBR,CPX,29,2.0,.333,1.00,33.3%,33.3%,33.3%,100.0%,0.0%,0.0%,66.7%,33.3%,20.8%,7,17,24,23221
Hayden Wesneski,HOU,CPX,28,3.0,.111,1.25,0.0%,55.6%,44.4%,25.0%,0.0%,44.4%,44.4%,11.1%,16.7%,4,20,24,27581
Raimon Gomez,BAL,CPX,24,1.0,.000,0.00,100.0%,0.0%,0.0%,0.0%,0.0%,100.0%,0.0%,0.0%,29.2%,11,13,24,sa3017645
Sandro Pereira,HOU,CPX,20,1.1,.000,0.50,0.0%,33.3%,66.7%,0.0%,0.0%,66.7%,33.3%,0.0%,0.0%,17,7,24,sa3021140
Brady Cerkownyk,WSN,CPX,23,1.1,.000,0.33,0.0%,25.0%,75.0%,33.3%,0.0%,25.0%,50.0%,25.0%,4.2%,12,12,24,sa3022929
Pablo Castillo,MIN,CPX,18,2.1,.417,1.00,16.7%,41.7%,41.7%,20.0%,0.0%,75.0%,16.7%,8.3%,0.0%,11,13,24,sa3068173
Dominic Pipkin,PIT,CPX,26,2.1,.400,5.00,0.0%,100.0%,0.0%,0.0%,0.0%,20.0%,20.0%,60.0%,26.1%,5,18,23,sa3007896
Mitch Neunborn,PHI,CPX,29,2.0,.000,0.00,25.0%,0.0%,75.0%,33.3%,0.0%,50.0%,50.0%,0.0%,17.4%,10,13,23,sa3021722
Reed Moring,MIN,CPX,21,2.0,.000,4.00,0.0%,80.0%,20.0%,0.0%,0.0%,80.0%,0.0%,20.0%,8.7%,8,15,23,sa3038379
Bryce Montes de Oca,WSN,CPX,30,1.0,.500,0.00,50.0%,0.0%,50.0%,100.0%,0.0%,100.0%,0.0%,0.0%,4.5%,10,12,22,21319
Kevin Verde,NYY,CPX,20,0.2,1.000,1.00,66.7%,33.3%,0.0%,0.0%,0.0%,0.0%,66.7%,33.3%,13.6%,9,13,22,sa3021326
Tyler Bradt,STL,CPX,25,0.2,1.000,1.00,50.0%,50.0%,0.0%,0.0%,0.0%,50.0%,50.0%,0.0%,9.1%,5,17,22,sa3022859
Ray Kerr,ATL,CPX,31,1.0,.000,0.00,0.0%,0.0%,100.0%,33.3%,0.0%,33.3%,0.0%,66.7%,0.0%,12,9,21,23809
Joe Miller,DET,CPX,26,0.2,1.000,0.00,100.0%,0.0%,0.0%,0.0%,0.0%,0.0%,100.0%,0.0%,19.0%,8,13,21,sa3020393
Andru Arthur,STL,CPX,20,2.0,.333,0.00,75.0%,0.0%,25.0%,50.0%,0.0%,66.7%,22.2%,11.1%,9.5%,6,15,21,sa3021277
Steven Wilson,TBR,CPX,31,2.0,.333,1.00,0.0%,100.0%,0.0%,0.0%,0.0%,100.0%,0.0%,0.0%,10.0%,8,12,20,20353
Isaias Uribe,PIT,CPX,23,2.0,.000,3.00,0.0%,100.0%,0.0%,0.0%,0.0%,100.0%,0.0%,0.0%,15.0%,10,10,20,sa3016486
Caden Vire,BOS,CPX,22,1.0,1.000,0.00,100.0%,0.0%,0.0%,0.0%,0.0%,50.0%,0.0%,50.0%,20.0%,8,12,20,sa3017967
Reylin Perez,HOU,CPX,21,1.1,.667,0.00,66.7%,0.0%,33.3%,100.0%,0.0%,33.3%,33.3%,33.3%,10.0%,9,11,20,sa3019204
Andrew Sears,DET,CPX,23,2.0,.000,1.00,0.0%,50.0%,50.0%,0.0%,0.0%,0.0%,0.0%,100.0%,35.0%,5,15,20,sa3023133
Tucker Biven,WSN,CPX,22,1.0,1.000,1.00,50.0%,50.0%,0.0%,0.0%,0.0%,0.0%,0.0%,100.0%,25.0%,6,14,20,sa3027184
Javen Coleman,TOR,CPX,24,2.0,.000,1.00,0.0%,100.0%,0.0%,0.0%,0.0%,100.0%,0.0%,0.0%,30.0%,4,16,20,sa3029151
Ruddy Gomez,MIN,CPX,26,2.0,.250,3.00,0.0%,75.0%,25.0%,0.0%,0.0%,75.0%,0.0%,25.0%,10.0%,7,13,20,sa3067415
Cesar Rojas,WSN,CPX,24,1.0,.000,0.00,0.0%,0.0%,100.0%,100.0%,0.0%,100.0%,0.0%,0.0%,10.5%,5,14,19,sa3019244
Paulo Asprilla,STL,CPX,20,0.2,.500,0.00,50.0%,0.0%,50.0%,0.0%,0.0%,0.0%,50.0%,50.0%,26.3%,9,10,19,sa3021859
Eriq Swan,WSN,CPX,24,1.0,.500,0.00,50.0%,0.0%,50.0%,100.0%,0.0%,50.0%,50.0%,0.0%,15.8%,9,10,19,sa3023514
John Valle,WSN,CPX,21,1.1,.000,2.00,0.0%,100.0%,0.0%,0.0%,0.0%,100.0%,0.0%,0.0%,5.3%,9,10,19,sa3067416
Dedniel Núñez,NYM,CPX,30,0.1,.500,0.00,100.0%,0.0%,0.0%,0.0%,100.0%,66.7%,0.0%,33.3%,16.7%,7,11,18,23055
Yilber Herrera,MIN,CPX,21,1.0,.000,2.00,0.0%,66.7%,33.3%,0.0%,0.0%,33.3%,33.3%,33.3%,5.6%,9,9,18,sa3018425
Chase Renner,MIA,CPX,22,1.0,.250,2.00,25.0%,50.0%,25.0%,100.0%,0.0%,50.0%,0.0%,50.0%,11.1%,5,13,18,sa3040620
Starlin Mieses,BAL,CPX,18,0.0,1.000,0.00,66.7%,0.0%,33.3%,0.0%,0.0%,33.3%,33.3%,33.3%,0.0%,11,7,18,sa3067884
Danny Young,ATL,CPX,32,1.0,.500,2.00,0.0%,100.0%,0.0%,0.0%,0.0%,0.0%,50.0%,50.0%,29.4%,5,12,17,18439
Kai Peterson,WSN,CPX,23,0.2,1.000,1.00,0.0%,100.0%,0.0%,0.0%,0.0%,100.0%,0.0%,0.0%,11.8%,8,9,17,sa3023453
Gerson Moreno,STL,CPX,30,1.0,.000,1.00,0.0%,100.0%,0.0%,0.0%,0.0%,0.0%,0.0%,100.0%,0.0%,5,12,17,sa736656
Malvin Fernandez,ATL,CPX,17,1.1,.600,0.11,9.1%,9.1%,81.8%,33.3%,11.1%,36.4%,27.3%,36.4%,0.0%,5,11,16,sa3067745
Nico Wagner,ATL,CPX,20,2.0,.000,1.00,0.0%,50.0%,50.0%,66.7%,0.0%,50.0%,16.7%,33.3%,0.0%,6,10,16,sa3069399
Shane Bieber,TOR,CPX,31,2.0,.600,3.00,20.0%,60.0%,20.0%,0.0%,0.0%,40.0%,20.0%,40.0%,60.0%,1,14,15,19427
Cole Henry,WSN,CPX,26,1.0,.000,1.00,0.0%,100.0%,0.0%,0.0%,0.0%,0.0%,100.0%,0.0%,20.0%,5,10,15,27570
Félix Amparo,BAL,CPX,20,2.0,.143,0.40,12.5%,25.0%,62.5%,0.0%,20.0%,25.0%,62.5%,12.5%,0.0%,2,13,15,sa3021180
Dylan Mathiesen,PIT,CPX,22,1.0,.000,0.00,100.0%,0.0%,0.0%,0.0%,0.0%,0.0%,0.0%,100.0%,20.0%,4,11,15,sa3037301
Braydon Risley,PIT,CPX,21,1.0,.333,1.00,33.3%,33.3%,33.3%,0.0%,0.0%,33.3%,0.0%,66.7%,0.0%,9,6,15,sa3069406
Marco Jimenez,DET,CPX,26,1.0,.000,0.00,0.0%,0.0%,100.0%,0.0%,0.0%,0.0%,100.0%,0.0%,28.6%,5,9,14,sa3002926
Roiner Quintana,HOU,CPX,21,1.0,.400,0.00,40.0%,0.0%,60.0%,0.0%,0.0%,20.0%,80.0%,0.0%,0.0%,6,8,14,sa3019510
Dylan Questad,MIN,CPX,21,1.2,.000,0.00,0.0%,0.0%,100.0%,0.0%,25.0%,50.0%,25.0%,25.0%,21.4%,4,10,14,sa3023570
Yimi García,TOR,CPX,35,1.1,.500,0.40,12.5%,25.0%,62.5%,20.0%,20.0%,33.3%,33.3%,33.3%,7.7%,2,11,13,12095
Angel Brachi,MIA,CPX,19,0.2,.500,1.00,0.0%,50.0%,50.0%,100.0%,0.0%,0.0%,50.0%,50.0%,7.7%,4,9,13,sa3023784
Danny Trehey,HOU,CPX,25,1.0,.333,3.00,0.0%,100.0%,0.0%,0.0%,0.0%,33.3%,0.0%,66.7%,7.7%,6,7,13,sa3025478
Manuel Rodríguez,TBR,CPX,29,1.0,.000,0.00,0.0%,0.0%,100.0%,0.0%,100.0%,0.0%,100.0%,0.0%,66.7%,2,10,12,20794
Clayton Beeter,WSN,CPX,27,1.0,.000,0.00,0.0%,0.0%,100.0%,0.0%,50.0%,50.0%,0.0%,50.0%,16.7%,3,9,12,27494
David Matoma,PIT,CPX,20,1.2,.250,0.00,50.0%,0.0%,50.0%,0.0%,0.0%,25.0%,0.0%,75.0%,25.0%,5,7,12,sa3021761
Joephillip Guzman,BAL,CPX,19,2.0,.167,0.50,40.0%,20.0%,40.0%,50.0%,0.0%,16.7%,16.7%,66.7%,50.0%,0,12,12,sa3075625
Blake Burkhalter,ATL,CPX,25,1.0,.000,1.00,0.0%,50.0%,50.0%,100.0%,0.0%,0.0%,0.0%,100.0%,18.2%,2,9,11,sa3020382
Estivenzon Montero,NYY,CPX,19,0.2,.333,0.50,0.0%,33.3%,66.7%,50.0%,0.0%,66.7%,0.0%,33.3%,0.0%,8,3,11,sa3023916
Cole Sands,MIN,CPX,28,1.0,.000,1.00,0.0%,100.0%,0.0%,0.0%,0.0%,100.0%,0.0%,0.0%,10.0%,2,8,10,21461
Derek Diamond,PIT,CPX,25,1.0,.500,1.00,0.0%,50.0%,50.0%,0.0%,0.0%,50.0%,50.0%,0.0%,0.0%,2,8,10,sa3020470
Cesar Aquino,PIT,CPX,21,0.1,.667,2.00,0.0%,66.7%,33.3%,0.0%,0.0%,33.3%,66.7%,0.0%,0.0%,3,7,10,sa3024469
August Cuneo,HOU,CPX,18,1.0,.000,0.50,0.0%,33.3%,66.7%,100.0%,0.0%,66.7%,0.0%,33.3%,10.0%,4,6,10,sa3076335
Chris Devenski,PIT,CPX,35,1.0,.667,1.00,33.3%,33.3%,33.3%,0.0%,0.0%,0.0%,66.7%,33.3%,55.6%,0,9,9,12763
Michael Darrell-Hicks,PIT,CPX,28,1.0,.500,2.00,0.0%,100.0%,0.0%,0.0%,0.0%,100.0%,0.0%,0.0%,33.3%,1,8,9,31501
Johan Otanez,WSN,CPX,24,0.2,.000,0.00,0.0%,0.0%,100.0%,0.0%,0.0%,0.0%,100.0%,0.0%,11.1%,3,6,9,sa3009782
Kelvis Salcedo,DET,CPX,20,1.0,.000,0.00,0.0%,0.0%,0.0%,0.0%,0.0%,,,,44.4%,0,9,9,sa3021531
Jeremy Almonte,MIA,CPX,20,0.1,.500,0.00,50.0%,0.0%,50.0%,100.0%,0.0%,0.0%,50.0%,50.0%,0.0%,4,5,9,sa3021632
Hector Campusano,BAL,CPX,19,1.0,.500,0.50,25.0%,25.0%,50.0%,100.0%,0.0%,0.0%,25.0%,75.0%,0.0%,4,5,9,sa3024148
Kodi Whitley,TBR,CPX,31,1.0,.000,2.00,0.0%,100.0%,0.0%,0.0%,0.0%,50.0%,0.0%,50.0%,37.5%,2,6,8,19731
Jesse Bergin,MIN,CPX,26,1.2,.286,0.50,14.3%,28.6%,57.1%,0.0%,0.0%,42.9%,42.9%,14.3%,0.0%,1,7,8,sa3017133
Trendan Parish,TBR,CPX,24,1.0,.400,2.00,25.0%,50.0%,25.0%,100.0%,0.0%,60.0%,0.0%,40.0%,37.5%,0,8,8,sa3039436
Adbert Alzolay,NYM,CPX,31,1.0,.000,1.00,0.0%,50.0%,50.0%,100.0%,0.0%,66.7%,0.0%,33.3%,28.6%,1,6,7,17859
Alexi Quiroz,HOU,CPX,19,0.2,.333,2.00,0.0%,66.7%,33.3%,100.0%,0.0%,33.3%,33.3%,33.3%,0.0%,4,3,7,sa3024119
Owen Woodward,NYM,CPX,24,1.0,.000,1.00,0.0%,50.0%,50.0%,0.0%,0.0%,50.0%,50.0%,0.0%,14.3%,1,6,7,sa3045567
Kevin Robledo,MIA,CPX,19,0.2,.333,0.00,100.0%,0.0%,0.0%,0.0%,0.0%,66.7%,33.3%,0.0%,50.0%,0,6,6,sa3024360
Ryan Harbin,PIT,CPX,24,0.1,.000,0.00,0.0%,0.0%,0.0%,0.0%,0.0%,,,,25.0%,1,3,4,sa3011733
Luis Arias,WSN,CPX,20,0.1,.500,0.00,50.0%,0.0%,50.0%,100.0%,0.0%,50.0%,0.0%,50.0%,0.0%,1,3,4,sa3023259
Angel Garcia,BAL,CPX,19,0.2,.000,0.00,50.0%,0.0%,50.0%,0.0%,0.0%,50.0%,0.0%,50.0%,0.0%,2,2,4,sa3024352
Jose Monserrate,MIA,CPX,21,0.1,.000,1.00,0.0%,100.0%,0.0%,0.0%,0.0%,100.0%,0.0%,0.0%,0.0%,0,2,2,sa3018646
Diego Flores,NYY,CPX,19,0.1,.000,1.00,0.0%,100.0%,0.0%,0.0%,0.0%,0.0%,0.0%,100.0%,0.0%,0,2,2,sa3024641
Adbiel Feliz,PIT,CPX,19,0.1,.000,0.00,0.0%,0.0%,100.0%,100.0%,0.0%,0.0%,0.0%,100.0%,0.0%,0,1,1,sa3023897
