Name,Team,Level,Age,W,L,ERA,G,GS,CG,ShO,SV,BS,HLD,IP,TBF,H,R,ER,HR,BB,IBB,HBP,WP,BK,SO,PlayerId
Jeremy Pilon,TBR,CPX,20,3,3,2.96,12,7,0,0,0,0,0,48.2,211,41,19,16,0,28,0,4,7,0,59,sa3023614
Cristian Hernandez,MIN,CPX,21,3,4,6.08,12,4,0,0,0,2,0,47.1,219,50,39,32,7,29,0,2,5,1,58,sa3021788
Adrian Ardines,HOU,CPX,19,5,1,3.42,12,8,1,1,1,1,0,52.2,211,43,22,20,5,14,0,2,6,3,56,sa3024257
Camden Lohman,NYM,CPX,19,2,3,6.28,13,10,0,0,0,0,0,43.0,204,44,36,30,4,33,0,1,7,1,53,sa3069289
Yohanfer Santana,MIA,CPX,20,0,3,8.49,16,12,0,0,0,0,1,29.2,142,19,30,28,4,31,0,5,15,2,52,sa3022143
Angel Rivero,TOR,CPX,19,0,1,2.36,12,9,0,0,1,0,0,42.0,181,35,16,11,3,23,0,2,6,1,52,sa3024548
Juan Reyes,WSN,CPX,21,2,2,3.95,11,9,1,0,1,0,0,41.0,169,32,21,18,2,19,0,2,3,3,50,sa3025021
Yordanis Guerra,PHI,CPX,19,2,0,5.15,14,7,0,0,0,0,0,36.2,172,37,25,21,0,24,0,2,5,2,50,sa3068469
Luis Gonzalez,PHI,CPX,20,0,7,7.64,13,12,0,0,0,0,0,53.0,256,67,57,45,11,20,0,10,3,1,49,sa3019164
Jhonan Coba,DET,CPX,19,1,4,5.72,12,12,0,0,0,0,0,39.1,169,31,26,25,6,27,0,2,5,3,49,sa3025048
Gabriel Chinchilla,STL,CPX,19,1,3,5.36,11,6,0,0,1,0,0,42.0,182,42,27,25,4,21,0,0,6,0,48,sa3024773
Juan Lopez,WSN,CPX,21,3,2,4.38,13,6,0,0,0,0,0,37.0,166,29,19,18,5,33,0,2,3,2,46,sa3068105
Jan Cabrera,STL,CPX,21,2,4,2.95,12,6,0,0,1,0,1,42.2,186,48,15,14,4,15,0,2,3,2,46,sa3068371
Brody Fowler,ATL,CPX,22,0,4,4.91,10,7,0,0,0,0,0,40.1,177,39,27,22,9,13,0,3,3,0,46,sa3069402
Angel Liranzo,PHI,CPX,19,0,5,6.41,11,10,0,0,0,0,0,39.1,191,56,38,28,6,22,0,1,1,0,45,sa3022217
Gensi Angeles,ATL,CPX,18,4,2,2.26,12,10,0,0,0,0,0,55.2,233,40,16,14,2,27,0,3,2,2,45,sa3068154
Deiry Gonzalez,PHI,CPX,18,2,2,6.42,12,4,0,0,0,1,0,40.2,188,54,33,29,5,16,0,1,5,1,45,sa3068468
David Hernandez,PHI,CPX,19,1,3,6.23,14,9,0,0,0,0,0,30.1,137,29,23,21,7,17,0,2,2,1,45,sa3076302
Francisco Morao,BAL,CPX,20,1,0,3.15,10,7,0,0,0,0,0,34.1,139,23,13,12,2,19,0,2,5,2,44,sa3022130
Aleiman Cruz,DET,CPX,20,4,1,2.06,12,5,0,0,0,0,1,39.1,167,28,14,9,3,16,0,4,3,1,44,sa3069120
Pedro Peralta,PHI,CPX,19,2,4,12.34,17,2,0,0,0,0,0,35.0,187,50,52,48,8,34,0,3,8,5,43,sa3022182
Carlos Rodriguez,DET,CPX,20,0,7,7.75,12,10,0,0,1,0,0,38.1,185,51,37,33,6,21,0,1,3,1,43,sa3024277
Sadbiel Delzine,BOS,CPX,18,4,1,2.72,11,7,0,0,0,0,0,39.2,163,24,15,12,0,18,0,4,4,2,43,sa3068089
Jonas Uzcategui,MIA,CPX,21,0,0,3.81,15,2,0,0,1,0,0,26.0,116,19,17,11,1,13,0,5,6,4,42,sa3019281
Owen Hall,DET,CPX,20,1,1,5.90,12,9,0,0,0,1,0,39.2,182,37,32,26,7,21,0,9,4,0,42,sa3066594
Miguel Pantoja,TOR,CPX,18,3,1,4.62,12,7,0,0,0,0,0,37.0,166,25,19,19,6,29,0,2,10,1,42,sa3068501
Connor Gehr,BAL,CPX,20,3,1,4.47,12,11,0,0,0,0,0,46.1,205,44,30,23,6,24,0,3,6,1,42,sa3069409
Sabier Marte,NYY,CPX,22,0,2,5.77,10,10,0,0,0,0,0,34.1,153,34,25,22,4,16,0,2,6,0,41,sa3019431
Hamlet Garcia,MIA,CPX,20,2,6,6.54,17,7,0,0,0,0,0,31.2,169,37,31,23,4,30,0,7,13,2,41,sa3021022
Marco Manzano,NYY,CPX,22,1,0,5.14,17,0,0,0,0,0,0,21.0,98,12,13,12,1,24,0,2,11,0,41,sa3024246
Noah Millikan,WSN,CPX,23,4,2,2.23,9,5,0,0,0,0,1,32.1,133,21,9,8,0,15,0,2,0,4,41,sa3076425
Melvin Rodriguez,MIN,CPX,20,3,1,6.15,11,4,0,0,1,0,1,33.2,152,26,24,23,6,22,0,6,15,2,40,sa3024087
Angel Peralta,HOU,CPX,19,4,0,4.66,13,5,0,0,0,1,2,38.2,174,37,23,20,3,19,0,4,10,1,40,sa3024549
Santiago Rojas,MIN,CPX,19,3,2,5.16,12,2,0,0,1,1,1,29.2,141,23,23,17,7,25,0,1,4,1,40,sa3024585
Williams Montero,BOS,CPX,18,1,2,4.66,10,5,0,0,1,0,1,29.0,128,29,18,15,1,16,0,3,5,2,40,sa3068359
Xavier Lopez,TBR,CPX,21,2,2,5.27,13,9,1,0,1,1,0,56.1,256,68,35,33,3,30,0,0,3,1,39,sa3024539
Starlin Savinon,TBR,CPX,21,3,3,3.76,18,0,0,0,3,3,1,26.1,118,22,14,11,0,18,0,0,10,0,38,sa3021735
Jose Guevara,NYM,CPX,21,1,2,6.19,8,5,0,0,0,0,0,32.0,144,28,25,22,6,20,0,2,3,2,38,sa3023823
Jhoster Baez,HOU,CPX,21,5,1,4.09,13,1,0,0,2,3,0,33.0,158,29,23,15,2,28,0,5,4,3,38,sa3024611
Angelo Ladera,BOS,CPX,19,0,3,8.31,12,9,0,0,0,0,1,30.1,162,45,41,28,0,23,0,4,7,3,38,sa3068143
Jake Covey,MIN,CPX,24,3,3,2.81,10,0,0,0,0,0,0,25.2,115,15,11,8,0,19,0,6,7,0,38,sa3077360
Earle Zulueta,STL,CPX,19,2,2,5.45,12,8,0,0,0,0,0,36.1,165,37,24,22,5,24,0,1,3,3,37,sa3067563
Omar Gonzalez,NYY,CPX,20,2,3,5.30,9,7,0,0,0,0,0,35.2,156,32,21,21,6,12,0,3,6,0,36,sa3019380
Jordi Infante,TBR,CPX,21,3,3,4.85,11,2,0,0,1,0,0,26.0,114,26,15,14,4,9,0,1,0,1,36,sa3021482
Miguel Toscano,TBR,CPX,20,2,3,6.33,11,4,0,0,0,0,1,42.2,193,56,35,30,4,15,0,2,1,1,36,sa3022031
Jack Bushell,DET,CPX,20,1,2,3.71,9,8,0,0,0,1,0,26.2,113,22,15,11,6,11,0,1,0,1,36,sa3023577
Jonathan Rosario,MIA,CPX,19,1,2,6.26,18,1,0,0,0,3,1,27.1,136,18,28,19,2,28,0,9,4,4,36,sa3024540
Yander Pinero,ATL,CPX,19,1,1,4.75,15,5,0,0,2,1,0,36.0,157,28,22,19,1,19,0,3,2,0,36,sa3024870
Victor Duarte,ATL,CPX,18,0,4,5.57,9,4,0,0,0,0,0,21.0,100,21,16,13,1,16,0,1,4,3,36,sa3068959
Jack Walker,MIN,CPX,25,2,0,5.12,14,0,0,0,2,1,1,19.1,93,12,13,11,0,25,0,4,2,0,35,sa3076384
Edinzo Marquez,NYY,CPX,21,2,2,2.20,13,1,0,0,2,2,0,28.2,124,21,11,7,3,14,0,1,6,0,34,sa3019300
Gerardo Lopez,PHI,CPX,20,3,2,5.91,18,0,0,0,3,1,0,32.0,144,37,28,21,6,9,0,1,5,0,34,sa3024891
Claudio Estelie,PIT,CPX,22,1,0,4.26,19,2,0,0,3,1,2,31.2,144,31,18,15,2,19,0,4,3,1,34,sa3068992
Ty Bothwell,WSN,CPX,26,2,3,9.82,8,6,0,0,0,1,0,25.2,122,35,30,28,5,14,0,2,7,1,34,sa3076385
Halton Hardy,MIN,CPX,24,1,1,4.30,7,4,0,0,0,0,0,29.1,122,24,15,14,4,8,0,0,2,0,34,sa3077565
Andrew Bolívar,STL,CPX,20,0,2,5.72,14,3,0,0,2,0,0,28.1,134,19,22,18,2,31,0,1,4,1,33,sa3024521
Manuel Cruz,NYY,CPX,20,3,3,5.92,11,2,0,0,0,0,0,38.0,181,36,30,25,4,27,0,4,14,0,33,sa3067567
Luis Gomez,MIA,CPX,21,2,2,11.00,18,0,0,0,1,0,0,27.0,139,25,35,33,2,34,0,2,8,8,33,sa3068813
Brad Rudis,MIN,CPX,23,3,1,3.42,18,0,0,0,2,1,1,26.1,111,16,11,10,0,16,0,4,8,0,33,sa3076359
Stanly Alcantara,NYY,CPX,22,1,1,10.92,12,3,0,0,0,0,0,29.2,170,35,43,36,3,36,0,9,10,3,32,sa3022151
Enixon Sanchez,NYY,CPX,18,3,2,9.85,11,1,0,0,0,0,0,24.2,127,27,28,27,3,26,0,3,3,0,32,sa3024569
Berny Ortiz,BOS,CPX,20,0,4,10.20,12,10,0,0,0,0,0,30.0,153,33,38,34,0,29,0,3,5,13,32,sa3067578
Dillon Stiltner,NYM,CPX,19,0,3,8.65,10,4,0,0,0,0,0,26.0,131,28,28,25,3,20,0,8,1,1,32,sa3069316
Eris Albino,NYM,CPX,22,4,1,5.45,12,1,0,0,2,0,0,38.0,184,33,31,23,3,34,0,7,9,4,31,sa3018894
Jean Brito,NYM,CPX,20,2,5,4.78,13,4,0,0,0,3,0,32.0,139,19,25,17,1,20,0,3,3,1,31,sa3025348
Seojun Moon,TOR,CPX,19,0,2,6.53,11,8,0,0,0,0,0,30.1,141,32,22,22,3,21,0,3,5,0,31,sa3069439
Giacomo Taschin,TOR,CPX,19,1,0,1.99,7,4,0,0,1,0,1,22.2,89,16,6,5,2,7,0,2,0,0,31,sa3076300
Sann Omosako,TOR,CPX,20,3,2,6.23,16,3,0,0,0,0,2,34.2,160,45,27,24,5,9,0,1,2,1,30,sa3022315
Jake Dykhoff,BAL,CPX,27,4,0,1.82,7,3,1,0,1,0,0,34.2,128,22,7,7,1,8,0,3,0,0,30,sa3076437
Rafael Arias,NYY,CPX,22,1,0,8.14,18,0,0,0,1,2,3,24.1,116,29,24,22,8,15,0,3,8,2,29,sa3025007
Blake Gillespie,NYY,CPX,22,2,1,3.55,5,5,0,0,0,0,0,25.1,103,21,13,10,4,5,0,0,1,2,29,sa3032227
Luisberth Valdez,ATL,CPX,18,0,8,12.46,10,7,0,0,0,0,0,26.0,144,35,39,36,5,28,0,4,9,3,29,sa3067602
Aneury Montilla,PHI,CPX,19,4,1,6.00,19,0,0,0,0,0,1,30.0,148,34,26,20,3,19,0,6,8,2,29,sa3068144
Deiker Pineda,TOR,CPX,20,6,0,5.73,14,0,0,0,0,0,2,33.0,150,33,25,21,6,13,0,3,3,2,29,sa3068163
Luis Sotillo,NYM,CPX,21,3,0,7.71,15,0,0,0,0,0,0,18.2,95,14,16,16,1,24,0,3,7,1,28,sa3021804
Merlin Bido,BOS,CPX,20,2,1,8.28,13,1,0,0,0,1,2,25.0,126,14,24,23,2,39,0,4,6,0,28,sa3023821
Jorge Nunez,ATL,CPX,18,1,2,8.46,14,0,0,0,0,0,0,27.2,136,22,29,26,1,32,0,4,13,2,28,sa3024840
Holden deJong,BAL,CPX,22,1,3,6.00,9,8,0,0,0,1,0,21.0,103,29,18,14,1,12,0,3,3,0,28,sa3030040
Austin Breedlove,NYY,CPX,22,2,1,1.57,15,0,0,0,2,2,0,23.0,99,15,7,4,0,11,0,0,6,0,28,sa3076309
Yoan Valdez,DET,CPX,20,2,3,8.83,16,0,0,0,0,0,2,17.1,91,24,18,17,7,14,0,0,5,0,27,sa3019292
Frenny Grant,DET,CPX,22,2,2,4.35,20,0,0,0,2,1,1,31.0,134,30,17,15,4,10,0,2,3,0,27,sa3021572
Xavier Cruz,STL,CPX,20,1,1,3.52,5,2,0,0,0,0,0,15.1,62,8,7,6,4,8,0,2,1,0,27,sa3024203
Gerinton Mendez,MIA,CPX,19,1,3,5.14,10,5,0,0,0,0,0,21.0,97,17,13,12,2,16,0,3,4,0,27,sa3024543
Leonardo Leon,DET,CPX,20,1,1,6.86,23,0,0,0,2,2,0,21.0,98,18,18,16,3,22,0,2,5,1,27,sa3025347
Ismael Obregon,HOU,CPX,18,4,1,6.67,15,1,0,0,4,1,0,28.1,134,35,22,21,5,15,0,3,3,1,27,sa3067604
Robinson Smith,PIT,CPX,18,0,2,4.45,11,6,0,0,0,0,0,30.1,131,26,17,15,2,14,0,5,3,1,27,sa3068778
Andres Silvera,PIT,CPX,21,1,1,6.48,20,0,0,0,1,1,2,25.0,124,29,23,18,4,24,0,2,5,0,26,sa3016284
Omar Victorino,NYM,CPX,21,1,1,4.50,16,0,0,0,1,1,0,20.0,104,28,16,10,1,17,0,1,8,0,26,sa3019273
Carlos Mateo,PIT,CPX,20,3,0,4.80,16,0,0,0,0,0,0,15.0,72,8,9,8,0,21,0,3,3,0,26,sa3022011
Victor Rodriguez,MIA,CPX,19,2,2,5.59,15,3,0,0,0,0,1,29.0,127,21,20,18,1,22,0,2,8,1,26,sa3025066
Rony Calderon,BOS,CPX,18,2,1,4.43,14,0,0,0,0,4,0,20.1,99,15,14,10,2,25,0,3,3,2,26,sa3068997
Johnathan Rogers,DET,CPX,21,3,0,3.80,15,0,0,0,1,0,2,21.1,98,17,12,9,0,13,0,7,7,0,25,sa3023182
Ronaldys Jimenez,PIT,CPX,20,2,1,7.65,17,0,0,0,2,0,0,20.0,112,20,23,17,2,26,0,5,2,1,25,sa3025092
Jakson Gamboa,BOS,CPX,19,1,1,3.91,10,5,0,0,0,0,0,23.0,104,23,14,10,2,18,0,2,4,1,25,sa3068090
Wuilinyer Tovar,ATL,CPX,18,1,4,6.26,11,7,0,0,0,0,0,41.2,195,42,33,29,3,30,0,8,1,3,25,sa3068652
Noah Palmese,TOR,CPX,22,0,0,3.55,17,0,0,0,4,0,2,25.1,111,25,10,10,2,12,0,0,3,0,25,sa3069393
Juan Olmos,ATL,CPX,21,2,1,9.00,18,0,0,0,1,0,1,24.0,126,27,28,24,1,26,0,3,5,1,24,sa3019778
Javier González,BAL,CPX,20,3,1,1.00,12,0,0,0,2,1,0,18.0,77,12,4,2,0,11,0,1,1,0,24,sa3022135
Carter Holjes,MIN,CPX,25,4,2,3.77,16,0,0,0,1,1,1,28.2,131,24,18,12,3,16,1,5,7,1,24,sa3076275
Andrew Marrero,HOU,CPX,26,2,0,2.70,10,1,0,0,2,0,0,13.1,54,6,5,4,1,6,0,1,2,0,23,sa3016941
Ramon Sanchez,MIA,CPX,24,1,1,11.15,11,0,0,0,1,1,0,15.1,94,22,24,19,0,24,0,3,12,1,23,sa3019132
Giovanni Vargas,STL,CPX,20,3,2,4.84,15,0,0,0,1,1,1,22.1,106,28,17,12,2,15,0,1,2,0,23,sa3021515
Raymond Sosa,BAL,CPX,20,2,3,5.76,15,1,0,0,0,2,1,29.2,151,29,24,19,0,31,0,6,8,1,23,sa3021516
Yoralbert Cadiz,NYM,CPX,21,4,1,4.05,18,0,0,0,1,0,0,20.0,103,22,18,9,3,18,0,5,2,1,23,sa3021822
Jarol Baéz,STL,CPX,20,1,2,11.50,18,0,0,0,1,2,1,18.0,100,28,26,23,6,21,0,0,11,0,23,sa3022010
Irwin Ramirez,PIT,CPX,19,1,1,3.67,8,8,0,0,0,0,0,27.0,112,14,12,11,1,21,0,2,1,0,23,sa3024088
Wifrailyn Jaquez,PIT,CPX,19,0,6,6.75,14,11,0,0,1,0,0,33.1,156,41,28,25,1,24,0,1,2,1,23,sa3024278
Jose Lopez,NYM,CPX,22,3,3,4.94,9,2,0,0,0,0,0,27.1,124,29,20,15,5,18,0,0,5,1,23,sa3025068
Edwin Marte,BAL,CPX,19,2,1,4.35,10,5,0,0,1,0,0,31.0,133,24,18,15,3,22,0,3,1,1,23,sa3067635
Edrwin Veras,TOR,CPX,23,2,1,2.59,7,5,0,0,0,0,0,24.1,101,22,8,7,1,8,0,1,2,3,23,sa3068378
Juan Muniz,PIT,CPX,18,3,5,5.12,14,3,0,0,0,1,0,31.2,134,25,20,18,0,17,0,1,5,1,23,sa3068684
Nick McAuliffe,MIN,CPX,25,1,0,3.55,8,0,0,0,2,0,0,12.2,57,16,11,5,1,2,0,0,3,0,23,sa3076251
Sunayro Martina,NYY,CPX,22,2,2,9.27,12,1,0,0,0,1,0,22.1,120,33,25,23,4,15,0,5,9,3,22,sa3022106
Danny Flatt,NYY,CPX,22,0,2,6.52,9,5,0,0,0,0,1,19.1,97,25,20,14,2,13,0,1,4,2,22,sa3023618
Efrailin Ramos,TBR,CPX,20,2,1,3.04,13,0,0,0,1,0,2,23.2,99,17,8,8,0,9,0,1,3,0,22,sa3023691
Jean Robles,WSN,CPX,19,0,0,5.63,9,5,0,0,1,0,1,24.0,112,21,18,15,4,20,0,3,0,2,22,sa3023831
Jose Paulino,MIA,CPX,19,1,1,7.31,9,4,0,0,0,0,0,16.0,75,8,17,13,0,17,0,1,3,1,22,sa3024557
Juan Fraide,HOU,CPX,20,2,0,3.24,4,4,0,0,0,0,0,16.2,66,13,6,6,2,3,0,2,1,0,22,sa3067603
Matthew Fisher,PHI,CPX,20,0,1,4.86,6,6,0,0,0,0,0,16.2,76,13,10,9,2,9,0,4,1,1,22,sa3069287
Ramon Suarez,TOR,CPX,22,4,0,5.63,9,0,0,0,1,0,0,16.0,73,13,12,10,1,11,0,2,4,0,21,sa3020237
Roberto Medina,TBR,CPX,21,3,0,6.30,16,0,0,0,2,1,0,20.0,94,18,14,14,5,15,0,3,2,1,21,sa3021498
Yander Bonaci,BOS,CPX,19,0,3,4.41,15,0,0,0,2,1,0,16.1,82,17,10,8,1,12,0,2,2,0,21,sa3023841
Rubender Pena,TBR,CPX,21,0,1,4.64,7,5,0,0,0,0,0,21.1,93,23,12,11,3,8,0,0,1,0,21,sa3024097
Carter Rasmussen,BOS,CPX,22,1,2,14.06,10,0,0,0,0,0,1,16.0,103,13,27,25,1,41,0,6,5,0,21,sa3040470
Luis Fonseca,TOR,CPX,24,1,2,3.86,9,0,0,0,1,0,0,16.1,65,18,8,7,1,3,0,1,0,2,21,sa3067582
Juanyerlin Duran,BOS,CPX,18,1,1,5.40,9,2,0,0,0,1,0,18.1,89,16,15,11,3,19,0,3,4,1,21,sa3068494
Mason Davenport,TOR,CPX,21,2,3,4.22,17,0,0,0,4,2,0,21.1,93,19,12,10,2,14,1,1,4,0,21,sa3076087
Hendry Chivilli,MIN,CPX,20,2,0,2.52,8,0,0,0,2,0,1,25.0,100,18,8,7,1,13,0,1,0,3,20,sa3021095
Kevin Velasco,BAL,CPX,20,0,1,3.78,9,3,0,0,1,0,0,16.2,70,13,8,7,1,11,0,1,2,4,20,sa3021524
Dioris Martinez,PIT,CPX,20,0,0,4.22,18,0,0,0,0,0,2,21.1,100,17,11,10,0,20,0,6,1,1,20,sa3022376
Branneli Franco,STL,CPX,19,0,4,10.64,9,5,0,0,0,1,0,22.0,120,32,29,26,3,26,0,3,6,1,20,sa3023818
Yermain Ruiz,BOS,CPX,20,1,1,7.43,5,1,0,0,0,0,1,13.1,63,18,11,11,4,7,0,2,0,0,20,sa3024529
Juan Mieses,HOU,CPX,20,1,1,5.52,8,4,0,0,0,0,0,14.2,69,13,9,9,2,13,0,3,3,2,20,sa3024618
Victor Santos,BAL,CPX,19,2,4,9.31,13,0,0,0,0,1,2,19.1,91,16,24,20,0,17,0,2,7,0,20,sa3025107
Sam Brodersen,WSN,CPX,24,0,1,3.00,10,0,0,0,2,1,0,15.0,68,15,7,5,1,9,0,0,0,0,20,sa3027731
Carson Messina,TOR,CPX,20,0,0,1.69,5,4,0,0,0,0,1,16.0,59,6,3,3,0,7,0,0,0,0,20,sa3067436
Will Eldridge,ATL,CPX,22,1,2,12.86,16,0,0,0,0,1,0,21.0,127,25,32,30,1,38,0,7,6,0,20,sa3076272
Colby Frieda,WSN,CPX,23,0,3,4.79,18,0,0,0,2,0,1,20.2,93,25,14,11,0,7,0,2,2,1,20,sa3076365
Alain Pena,HOU,CPX,23,3,1,2.92,9,3,0,0,1,0,0,24.2,97,18,13,8,2,10,0,1,0,0,19,sa3019050
Omari Daniel,DET,CPX,22,1,1,9.95,19,0,0,0,3,1,0,19.0,103,20,23,21,4,25,1,8,10,1,19,sa3021050
Leonardo Rossell,DET,CPX,21,2,3,4.29,16,0,0,0,0,1,1,21.0,87,12,10,10,2,10,0,4,3,1,19,sa3022317
Esteban Luna,BAL,CPX,19,4,2,4.28,11,4,0,0,1,0,0,27.1,125,27,13,13,2,19,0,3,8,1,19,sa3024100
Blake Morgan,TBR,CPX,23,2,0,2.11,4,4,0,0,0,0,0,21.1,85,16,5,5,1,4,0,0,0,0,19,sa3038359
Matt Barr,MIN,CPX,20,0,1,5.63,8,7,0,0,0,0,0,16.0,78,12,13,10,2,16,0,2,4,1,19,sa3069374
Roberto Pena,NYM,CPX,18,0,2,7.85,10,8,0,0,0,0,0,18.1,90,19,16,16,4,17,0,4,4,1,19,sa3076332
Maddox Long,DET,CPX,25,1,1,4.91,4,0,0,0,1,1,1,11.0,46,10,7,6,3,4,0,0,0,0,19,sa3077775
Alejandro Lóaiza,STL,CPX,22,1,1,14.00,16,0,0,0,0,1,1,18.0,99,27,30,28,7,17,0,1,7,0,18,sa3016195
Camilo Sanchez,WSN,CPX,23,3,2,7.58,14,0,0,0,1,1,1,19.0,89,24,19,16,4,10,0,1,7,2,18,sa3018834
Jerson Alejandro,NYY,CPX,20,1,1,6.00,8,4,0,0,0,0,0,12.0,63,10,9,8,0,15,0,3,3,1,18,sa3021533
Owen Rice,STL,CPX,23,0,2,5.84,11,0,0,0,0,2,0,12.1,63,8,11,8,1,15,0,2,4,0,18,sa3040689
Alonso Carrera,TBR,CPX,21,5,1,4.42,13,0,0,0,0,2,1,18.1,86,22,12,9,1,12,0,1,8,1,18,sa3068165
Angel Soriano,PIT,CPX,19,2,1,5.16,13,2,0,0,0,0,1,29.2,139,27,22,17,0,29,0,2,6,0,18,sa3068680
Brian Arias,NYY,CPX,22,2,0,10.97,12,0,0,0,0,1,1,10.2,62,8,14,13,0,15,0,5,11,1,17,sa3017768
Moises Palma,TBR,CPX,21,0,0,3.63,16,1,0,0,3,0,0,17.1,75,10,11,7,1,12,0,4,5,0,17,sa3019162
Yordy Herrera,STL,CPX,21,1,2,4.24,13,0,0,0,0,1,1,17.0,74,12,11,8,1,11,0,1,3,1,17,sa3019643
Jun-Seok Shim,NYM,CPX,22,1,0,8.55,16,0,0,0,0,0,0,20.0,105,12,22,19,1,30,0,5,6,1,17,sa3022110
Yoelvin Chirino,BOS,CPX,21,0,1,14.48,12,0,0,0,0,1,1,23.0,139,27,40,37,2,41,0,5,15,3,17,sa3022303
Raymon Rosario,PHI,CPX,21,0,1,7.88,15,0,0,0,0,0,1,24.0,118,22,24,21,2,19,0,10,5,0,17,sa3022801
Jeison Payano,BOS,CPX,20,2,3,11.08,11,0,0,0,0,2,0,13.0,86,10,23,16,2,31,0,2,8,2,17,sa3024609
Freigher Barco,TOR,CPX,20,0,0,10.38,13,0,0,0,0,0,1,17.1,91,19,25,20,5,18,0,2,1,0,17,sa3068518
McLane Moody,PIT,CPX,19,1,3,15.85,14,4,0,0,0,1,1,15.1,98,20,32,27,2,36,0,1,5,0,17,sa3069306
Wilmer Blanco,PHI,CPX,22,1,1,6.43,5,1,0,0,0,1,0,14.0,68,20,13,10,3,4,0,2,1,1,16,sa3019184
Alexander Campos,TBR,CPX,23,3,1,5.29,13,3,0,0,0,1,2,32.1,142,42,19,19,5,6,0,0,1,0,16,sa3022221
Edgar Gallegos,TOR,CPX,20,3,3,9.15,14,2,0,0,0,2,0,20.2,106,36,25,21,6,7,0,2,10,0,16,sa3023857
Salvador Casado,BAL,CPX,20,0,1,5.12,7,5,0,0,0,0,0,19.1,90,16,16,11,0,13,0,2,2,4,16,sa3024103
Nick Borquez,HOU,CPX,19,0,1,4.43,9,2,0,0,0,1,1,22.1,114,18,24,11,2,23,0,2,7,4,16,sa3024926
Christopher Cordero,BOS,CPX,17,1,2,7.50,12,0,0,0,0,0,0,30.0,160,42,33,25,1,28,0,4,4,0,16,sa3068486
Stainer Valdez,PIT,CPX,19,3,2,4.45,20,0,0,0,1,3,1,30.1,130,23,18,15,2,21,0,1,3,1,16,sa3068786
Xiomer Guacache,DET,CPX,22,2,0,3.86,11,0,0,0,0,0,1,18.2,79,16,8,8,1,6,0,1,4,0,15,sa3018887
Engel Peralta,MIA,CPX,22,1,1,7.98,7,0,0,0,0,0,0,14.2,67,15,13,13,2,7,0,2,2,1,15,sa3019538
Brian Hendry,NYY,CPX,26,1,0,1.59,6,3,0,0,0,0,0,11.1,38,4,2,2,1,1,0,0,0,0,15,sa3023525
Victor Espiritu,TOR,CPX,21,0,2,4.91,6,0,0,0,0,0,0,14.2,69,17,9,8,2,8,0,1,1,0,15,sa3023847
Alexander Almonte,NYY,CPX,19,2,2,7.15,12,1,0,0,0,1,2,22.2,119,25,18,18,1,23,0,2,5,0,15,sa3024593
Yeison Martinez,PIT,CPX,18,2,4,7.66,13,5,0,0,0,0,1,24.2,121,32,25,21,2,15,0,4,3,2,15,sa3025227
Luis Amador,HOU,CPX,18,1,1,9.00,14,0,0,0,3,0,0,19.0,99,19,21,19,4,20,2,2,2,2,15,sa3067615
Yomar De La Rosa,BOS,CPX,21,2,2,3.38,14,0,0,0,3,1,0,24.0,99,17,13,9,1,13,0,0,0,2,15,sa3068080
Cesar Rodriguez,ATL,CPX,21,1,2,10.59,14,1,0,0,0,1,1,17.0,99,18,23,20,3,30,0,1,3,0,15,sa3068896
Frederick Hiciano,MIN,CPX,18,0,0,3.00,5,5,0,0,0,0,0,12.0,50,8,4,4,0,5,0,1,0,1,15,sa3077260
Aaron Shortridge,WSN,CPX,29,2,1,5.00,6,0,0,0,0,2,0,9.0,40,10,5,5,0,4,0,0,0,3,14,sa3006759
Denison Sanchez,BOS,CPX,20,2,2,8.44,12,0,0,0,0,2,1,21.1,112,17,24,20,2,27,0,8,10,1,14,sa3018907
Edward Cedano,ATL,CPX,20,2,1,11.95,17,0,0,0,3,0,0,20.1,119,23,30,27,1,36,0,1,7,2,14,sa3021792
Connor O'Halloran,TOR,CPX,23,1,1,10.80,5,3,0,0,0,0,0,10.0,51,9,13,12,2,11,0,1,2,0,14,sa3023219
Victor Trejo,PIT,CPX,20,2,0,5.56,18,0,0,0,1,2,1,22.2,106,21,14,14,2,17,0,2,1,0,14,sa3024218
Andy Fabian,BAL,CPX,23,2,0,6.39,11,0,0,0,3,0,0,12.2,61,10,11,9,0,10,0,1,7,0,14,sa3024226
Payton Graham,STL,CPX,22,0,0,1.86,3,3,0,0,0,0,0,9.2,36,5,3,2,0,3,0,0,1,0,14,sa3032565
Bryce Alewine,DET,CPX,21,2,1,4.95,14,1,0,0,1,0,0,20.0,99,23,12,11,1,14,0,4,1,1,14,sa3067422
Julio Gonzalez,NYM,CPX,19,0,3,8.83,6,3,0,0,0,0,0,17.1,75,16,18,17,9,8,0,1,0,2,14,sa3068731
KK Clark,BAL,CPX,21,2,0,2.13,5,2,0,0,0,0,0,12.2,57,9,3,3,0,10,0,1,4,1,14,sa3069397
Matthew DesMarets,MIN,CPX,22,0,3,12.96,6,0,0,0,0,2,0,8.1,46,13,13,12,0,6,0,2,4,0,14,sa3076210
Adrián Delgado,BAL,CPX,21,0,0,6.00,7,0,0,0,1,0,1,9.0,43,3,7,6,0,12,0,0,4,0,13,sa3019379
Garrett Apker,HOU,CPX,26,1,0,3.48,7,2,0,0,0,0,1,10.1,44,6,5,4,1,9,0,0,1,0,13,sa3020821
Franyel Diaz,NYM,CPX,21,0,2,1.84,11,0,0,0,1,1,0,14.2,72,16,10,3,0,15,0,2,7,0,13,sa3020976
Rainy Mota,PHI,CPX,20,0,0,8.03,8,0,0,0,1,0,1,12.1,67,15,12,11,2,11,0,4,3,0,13,sa3021024
Davidxon Lara,MIA,CPX,19,0,1,8.10,8,1,0,0,1,1,0,13.1,67,19,18,12,4,7,0,0,2,1,13,sa3022127
Naoel Mejia,PHI,CPX,23,1,0,5.23,9,0,0,0,0,0,1,10.1,47,5,6,6,0,7,0,3,9,0,13,sa3022206
Orlando Gonzalez,PHI,CPX,23,1,1,4.09,9,0,0,0,0,0,1,11.0,51,7,7,5,1,11,0,2,3,3,13,sa3024196
Trent Turzenski,BAL,CPX,25,0,0,3.60,5,0,0,0,0,0,1,5.0,25,2,2,2,0,7,0,1,1,0,13,sa3025238
Riley Stanford,TBR,CPX,23,1,0,3.77,9,0,0,0,0,0,1,14.1,60,13,6,6,0,6,0,2,0,0,13,sa3042934
John Valle,NYM,CPX,21,2,1,7.30,11,0,0,0,1,0,0,12.1,70,13,16,10,1,15,1,3,2,1,13,sa3067416
Jhon Rivas,TOR,CPX,18,2,0,1.62,8,0,0,0,2,0,1,16.2,70,18,4,3,1,7,0,0,2,0,13,sa3068801
Tyler Schoff,WSN,CPX,27,2,3,2.04,12,0,0,0,1,2,0,17.2,70,15,9,4,0,3,0,1,1,0,12,sa3017545
Cory Lewis,MIN,CPX,25,0,0,4.15,4,3,0,0,0,0,0,8.2,40,7,5,4,1,6,0,1,2,0,12,sa3020702
Fermin Magallanes,BAL,CPX,24,0,1,7.71,6,0,0,0,0,0,0,7.0,40,7,10,6,1,13,0,0,9,1,12,sa3021544
Alexander De Los Santos,PHI,CPX,19,1,3,15.19,7,3,0,0,0,1,0,10.2,69,24,19,18,6,11,0,2,1,0,12,sa3023083
Drue Hackenberg,ATL,CPX,24,0,0,4.50,3,3,0,0,0,0,0,8.0,35,7,4,4,0,6,0,1,2,0,12,sa3023304
Marlon De La Cruz,WSN,CPX,20,1,0,0.75,5,4,0,0,0,0,0,12.0,49,5,2,1,0,8,0,1,2,2,12,sa3023833
Kifraidy Encarnacion,MIA,CPX,20,0,1,10.29,7,3,0,0,0,2,1,7.0,42,4,12,8,0,14,0,3,2,0,12,sa3024081
Thatcher Hurd,NYY,CPX,23,0,1,1.59,3,3,0,0,0,0,0,11.1,43,6,3,2,1,5,0,0,0,0,12,sa3034340
Wyatt Parliament,NYY,CPX,22,0,1,4.50,3,3,0,0,0,0,0,10.0,42,10,5,5,1,2,0,0,1,0,12,sa3039489
Luke Sinnard,ATL,CPX,23,0,1,1.93,3,3,0,0,0,0,0,9.1,36,7,2,2,0,1,0,1,0,0,12,sa3042362
Tony Gonzalez,PIT,CPX,22,2,0,5.00,7,0,0,0,0,0,0,9.0,42,9,6,5,0,8,0,0,0,0,12,sa3068729
Eiver Mosquera,MIA,CPX,19,1,2,5.14,4,4,0,0,0,0,0,14.0,60,18,8,8,0,2,0,3,1,3,12,sa3068767
Ryan Hall,DET,CPX,19,0,0,5.73,5,1,0,0,0,1,0,11.0,49,7,7,7,1,10,0,1,0,0,12,sa3069282
Alvaro Mejias,TBR,CPX,22,1,0,2.61,8,0,0,0,0,0,1,10.1,42,4,3,3,0,5,0,3,1,0,11,sa3017657
Juan Amarante,PHI,CPX,22,1,0,2.57,6,1,0,0,1,1,0,7.0,28,5,2,2,0,3,0,0,1,1,11,sa3019048
Jorge Luna,NYY,CPX,21,0,1,5.17,15,0,0,0,1,1,0,15.2,76,12,11,9,0,12,0,5,5,1,11,sa3021797
Jefferson Moran,STL,CPX,22,2,0,0.00,3,1,0,0,0,0,0,7.1,28,3,0,0,0,3,0,0,0,0,11,sa3022194
Yoel Roque,MIN,CPX,19,0,1,7.11,7,0,0,0,0,1,0,12.2,63,16,10,10,0,10,0,1,1,0,11,sa3023834
Anderson Navas,PHI,CPX,19,1,0,5.87,11,0,0,0,1,0,0,15.1,68,13,11,10,1,14,0,1,2,0,11,sa3023881
Anthony Mena,NYY,CPX,21,1,2,5.94,7,3,0,0,1,1,0,16.2,68,19,12,11,3,3,0,0,0,2,11,sa3024947
Carter Holton,ATL,CPX,23,0,1,1.13,3,2,0,0,0,0,0,8.0,34,8,2,1,0,3,0,0,0,0,11,sa3025599
Brian Holiday,STL,CPX,23,0,0,4.66,4,2,0,0,0,0,0,9.2,36,9,5,5,2,2,0,0,1,0,11,sa3033970
Janzen Keisel,TBR,CPX,23,0,1,12.51,14,0,0,0,0,1,1,13.2,80,13,19,19,1,24,0,8,8,0,11,sa3035165
Michael De La Cruz,TOR,CPX,19,3,0,6.43,6,0,0,0,0,0,0,7.0,41,11,5,5,1,9,0,0,1,0,11,sa3068162
Yordi Jose,MIN,CPX,19,0,1,5.40,3,2,0,0,0,0,0,10.0,48,8,8,6,0,11,0,2,7,2,11,sa3068985
Jadon Williamson,MIA,CPX,23,1,0,10.80,4,3,1,0,0,0,0,10.0,51,13,13,12,0,10,0,0,3,1,11,sa3069193
Daniel Brooks,ATL,CPX,23,2,1,6.17,9,0,0,0,1,2,0,11.2,55,10,11,8,0,7,0,1,3,1,11,sa3076306
L.J. Waco,WSN,CPX,24,0,0,3.00,8,0,0,0,3,0,0,9.0,36,5,3,3,1,2,0,3,1,0,11,sa3076426
Adam Bogosian,WSN,CPX,23,0,1,6.55,8,1,0,0,1,1,1,11.0,47,10,8,8,0,4,0,0,7,0,11,sa3077203
Isaac Silva,BAL,CPX,23,2,1,13.06,6,1,0,0,0,1,0,10.1,60,22,16,15,1,8,0,2,1,0,11,sa3077677
Franklyn Moreta,MIA,CPX,22,0,1,7.56,6,3,0,0,0,0,0,8.1,43,9,8,7,0,8,0,2,2,0,10,sa3018888
Hueston Morrill,NYY,CPX,26,1,1,10.80,5,1,0,0,0,0,0,6.2,30,8,8,8,2,2,0,1,0,0,10,sa3022408
Teddy Sharkey,BAL,CPX,24,0,0,3.18,4,0,0,0,0,0,0,5.2,26,4,2,2,0,4,0,1,0,1,10,sa3023230
Trennor O'Donnell,BOS,CPX,25,0,1,2.45,3,3,0,0,0,0,0,7.1,28,4,2,2,0,4,0,2,0,0,10,sa3023531
Wilmer Lugo,NYM,CPX,20,0,0,9.64,9,0,0,0,1,0,0,9.1,49,8,12,10,1,8,0,2,1,1,10,sa3024204
Yoandys Veraza,BOS,CPX,19,2,0,7.36,8,1,0,0,0,0,0,11.0,65,8,10,9,0,22,0,3,6,6,10,sa3024251
Callan Fang,MIN,CPX,22,1,0,4.26,4,2,0,0,0,0,1,6.1,31,6,6,3,0,6,0,2,1,0,10,sa3031142
Hendrick Caña,STL,CPX,18,0,1,5.87,3,2,0,0,0,0,0,7.2,36,7,7,5,0,4,0,0,0,0,10,sa3068510
Melvin Hidalgo,ATL,CPX,20,0,3,6.43,15,0,0,0,2,0,0,21.0,105,18,24,15,3,26,0,5,6,1,10,sa3068822
Caden Wooster,NYM,CPX,21,0,0,5.06,5,0,0,0,0,0,0,5.1,22,2,3,3,0,3,0,1,0,1,10,sa3069202
Billy Oldham,MIN,CPX,25,0,0,6.23,4,3,0,0,0,0,0,4.1,17,4,3,3,2,0,0,0,0,0,10,sa3077701
Jack Hartman,TBR,CPX,27,3,0,2.45,5,1,0,0,0,0,0,7.1,27,5,2,2,0,2,0,0,1,0,9,sa3018250
Elvin Jimenez,MIA,CPX,21,1,0,3.68,6,0,0,0,0,1,1,7.1,36,3,5,3,0,10,0,1,5,2,9,sa3019756
Michael Knorr,HOU,CPX,26,0,0,0.00,5,4,0,0,0,0,0,5.0,17,1,0,0,0,1,0,0,0,0,9,sa3020872
Luis Arestigueta,ATL,CPX,20,2,0,4.63,5,0,0,0,1,1,0,11.2,55,8,8,6,0,8,0,3,1,1,9,sa3021521
Brailyn Paulino,STL,CPX,20,1,1,6.43,15,0,0,0,1,1,2,14.0,76,18,11,10,1,15,0,4,3,0,9,sa3022038
Eligio Arias,PHI,CPX,23,1,1,4.91,6,0,0,0,0,1,0,7.1,32,4,6,4,0,7,1,0,0,0,9,sa3024228
Mason Dinesen,BAL,CPX,27,0,0,1.50,8,0,0,0,2,0,0,6.0,27,1,1,1,0,7,0,1,3,1,9,sa3025052
Luke Kovach,TOR,CPX,23,0,1,18.00,5,1,0,0,0,1,0,5.0,27,6,11,10,0,7,0,0,0,0,9,sa3067235
Briggs McKenzie,ATL,CPX,19,1,0,0.79,3,3,0,0,0,0,0,11.1,41,6,1,1,0,2,0,0,1,0,9,sa3069273
Jesse Scholtens,TBR,CPX,32,0,0,5.68,2,2,0,0,0,0,0,6.1,33,10,4,4,1,3,0,1,1,1,8,19205
DJ Herz,WSN,CPX,25,0,0,0.00,2,2,0,0,0,0,0,5.0,16,0,0,0,0,0,0,0,0,0,8,26389
Yenfri Sosa,MIA,CPX,22,0,0,5.00,6,0,0,0,0,0,0,9.0,40,7,5,5,0,6,0,1,4,0,8,sa3017823
Cesar Lares,MIN,CPX,22,0,0,4.05,2,2,0,0,0,0,0,6.2,25,6,3,3,0,0,0,1,0,0,8,sa3019384
Ike Buxton,WSN,CPX,25,2,0,5.00,6,0,0,0,0,0,1,9.0,44,10,8,5,0,7,0,0,3,1,8,sa3020180
Patrick Reilly,BAL,CPX,24,0,1,12.71,3,3,0,0,0,0,0,5.2,33,6,12,8,2,9,0,0,1,0,8,sa3023038
Jatnk Diaz,DET,CPX,21,1,1,4.50,7,0,0,0,1,1,0,12.0,52,6,6,6,1,9,0,2,1,0,8,sa3023181
Matt Duffy,BOS,CPX,24,1,0,6.75,3,1,0,0,0,0,0,5.1,25,7,4,4,0,5,0,0,0,0,8,sa3023272
Paul Wilson,DET,CPX,21,0,0,4.91,4,4,0,0,0,0,0,7.1,32,3,4,4,0,6,0,3,0,0,8,sa3023596
Jesús García,STL,CPX,20,0,0,0.00,5,0,0,0,1,0,0,8.1,28,1,0,0,0,1,0,0,0,0,8,sa3023846
Andrew Dutkanych IV,STL,CPX,22,0,1,10.13,4,4,0,0,0,0,0,5.1,26,6,6,6,2,7,0,0,0,0,8,sa3030700
Matthew Hoskins,TBR,CPX,22,0,0,3.75,11,0,0,0,0,0,2,12.0,57,6,5,5,0,12,0,8,3,0,8,sa3034127
Diego Godoy,MIA,CPX,21,1,1,11.88,6,0,0,0,0,1,0,8.1,43,10,13,11,2,6,0,1,0,0,8,sa3067589
Ryan Heppner,ATL,CPX,21,0,0,5.06,6,0,0,0,0,0,1,10.2,43,11,6,6,1,2,0,1,3,0,8,sa3069407
Brock Gillis,WSN,CPX,24,0,0,5.87,2,2,0,0,0,0,0,7.2,36,10,5,5,0,5,0,0,1,0,8,sa3077600
Trace Phillips,TBR,CPX,21,0,1,3.68,5,5,0,0,0,0,0,7.1,27,5,3,3,2,1,0,0,0,0,8,sa3077602
Austin Brown,NYM,CPX,21,1,0,0.00,4,0,0,0,0,0,1,5.1,20,5,0,0,0,0,0,1,0,1,8,sa3077762
Jason Alexander,HOU,CPX,33,1,0,0.00,1,1,0,0,0,0,0,4.0,13,0,0,0,0,1,0,0,0,0,7,19666
Jake Bloss,TOR,CPX,25,0,0,0.00,2,2,0,0,0,0,0,4.2,18,3,0,0,0,0,0,0,0,0,7,33168
Alexander Cornielle,NYY,CPX,24,0,1,10.38,2,2,0,0,0,0,0,4.1,26,8,5,5,0,4,0,2,0,0,7,sa3011779
Jeremy Wu-Yelland,BOS,CPX,27,0,0,5.40,3,2,0,0,0,0,0,3.1,16,2,3,2,1,3,0,2,0,0,7,sa3014520
Jose Serrano,HOU,CPX,22,2,0,3.00,3,0,0,0,0,0,0,9.0,38,8,4,3,0,2,0,1,0,0,7,sa3019597
Leodarlyn Colon,WSN,CPX,21,1,0,5.06,5,1,0,0,0,0,0,5.1,20,2,3,3,1,3,0,0,0,3,7,sa3019719
Janero Miller,MIA,CPX,20,1,0,0.00,5,1,0,0,1,0,0,6.1,27,3,2,0,0,5,0,0,1,0,7,sa3021077
Mariano Salomon,NYY,CPX,23,0,0,10.38,2,0,0,0,0,0,1,4.1,26,8,6,5,1,4,0,0,2,0,7,sa3021751
Andrew Dunford,HOU,CPX,21,4,0,6.41,14,1,0,0,2,0,0,19.2,95,24,15,14,2,10,0,4,0,1,7,sa3023086
Gabriel Paez,TBR,CPX,19,0,0,6.55,4,2,0,0,0,0,0,11.0,57,15,11,8,1,10,0,1,3,0,7,sa3025143
Colby Holcombe,TOR,CPX,23,2,0,9.72,5,2,0,0,0,0,0,8.1,39,9,9,9,1,5,0,1,2,0,7,sa3025302
Tegan Cain,PHI,CPX,23,0,0,0.00,4,0,0,0,0,0,0,5.1,26,6,0,0,0,3,0,1,0,0,7,sa3025465
Luke Jackson,TBR,CPX,22,0,0,0.00,2,1,0,0,0,0,0,3.0,10,0,0,0,0,1,0,0,0,0,7,sa3034507
Brayden Jones,TBR,CPX,24,0,0,4.91,6,6,0,0,0,0,0,7.1,35,10,6,4,0,4,1,0,2,0,7,sa3034850
Kevin Davis,WSN,CPX,27,0,0,5.40,5,0,0,0,1,0,2,5.0,24,4,3,3,0,4,0,1,0,0,7,sa3067311
Darwin Roa,PIT,CPX,19,0,0,4.15,2,2,0,0,0,0,0,4.1,23,5,2,2,0,7,0,0,0,0,7,sa3068867
Eric Lin,TBR,CPX,23,0,0,0.00,2,1,0,0,0,0,1,4.2,17,4,0,0,0,0,0,0,0,0,7,sa3076441
Cristhian Tortosa,PIT,CPX,27,0,0,0.00,2,0,0,0,0,0,0,3.0,14,0,0,0,0,4,0,1,0,0,7,sa920454
Franklin Sanchez,MIA,CPX,25,0,1,1.17,6,0,0,0,0,0,0,7.2,32,5,5,1,0,6,0,1,3,0,6,sa3015157
Luis R. Rodriguez,NYM,CPX,23,0,0,0.00,3,3,0,0,0,0,0,2.2,10,0,0,0,0,1,0,1,0,0,6,sa3017275
Josbel Garcia,TOR,CPX,22,0,0,0.00,4,0,0,0,3,0,0,7.1,24,3,0,0,0,0,0,0,0,0,6,sa3019250
Brenner Cox,WSN,CPX,22,0,1,3.18,5,0,0,0,2,0,0,5.2,24,5,3,2,0,4,0,0,0,0,6,sa3020217
Noah Dean,WSN,CPX,25,0,0,0.00,2,0,0,0,0,0,1,3.1,11,2,0,0,0,1,0,0,0,0,6,sa3020740
Andrew Taylor,HOU,CPX,24,1,0,3.86,2,0,0,0,0,0,1,4.2,18,4,2,2,0,0,0,0,0,0,6,sa3020873
Dariel Francia,PIT,CPX,19,1,0,8.10,1,0,0,0,0,0,0,3.1,16,3,3,3,1,4,0,0,0,0,6,sa3021526
Jonawel Valdez,MIA,CPX,22,1,0,10.38,4,0,0,0,0,0,0,4.1,19,4,5,5,0,2,0,0,0,0,6,sa3021755
Jonathan Russell,TBR,CPX,21,1,0,0.00,3,0,0,0,1,0,0,3.2,11,1,0,0,0,1,0,0,0,0,6,sa3022152
Jank Pichardo,HOU,CPX,21,0,0,0.00,2,1,0,0,0,0,0,5.0,21,7,0,0,0,1,0,0,0,0,6,sa3022231
Tejahari Wilson,BOS,CPX,19,0,0,0.00,3,0,0,0,0,0,0,6.0,25,2,0,0,0,6,0,1,0,0,6,sa3024250
Joe Ruzicka,DET,CPX,22,1,0,0.00,4,0,0,0,0,0,0,4.1,20,3,1,0,0,2,0,1,0,0,6,sa3041362
Brett Sears,ATL,CPX,26,0,0,0.00,1,1,0,0,0,0,0,3.2,12,1,0,0,0,0,0,1,0,0,6,sa3041892
Kevin Warunek,PHI,CPX,23,0,0,0.00,4,0,0,0,0,0,0,4.2,18,1,0,0,0,3,0,0,0,0,6,sa3044815
Jackson Dannelley,WSN,CPX,24,0,0,0.00,6,0,0,0,1,0,0,4.1,19,1,1,0,0,6,0,0,0,0,6,sa3067029
Jadon Bercovich,TBR,CPX,24,0,0,5.79,4,0,0,0,0,0,0,4.2,21,3,3,3,0,4,0,0,1,0,6,sa3068330
Yaiker Torrelles,WSN,CPX,19,0,0,0.00,4,1,0,0,0,0,1,4.2,14,0,0,0,0,0,0,0,0,0,6,sa3068741
Eddison Septimo,BOS,CPX,19,0,0,14.21,6,0,0,0,0,1,0,6.1,36,4,10,10,1,15,0,1,3,1,6,sa3068790
Austin Marozas,TOR,CPX,27,1,0,0.00,3,1,0,0,0,0,0,6.1,24,2,0,0,0,3,0,0,0,0,6,sa3068884
Robinson Narciso,ATL,CPX,21,0,2,20.41,17,0,0,0,0,0,0,13.2,96,18,34,31,3,32,0,7,6,2,6,sa3069142
Nathan Hall,NYM,CPX,22,0,1,1.17,6,6,0,0,0,0,0,7.2,29,5,3,1,0,1,0,0,0,0,6,sa3069376
Jacob Weaver,WSN,CPX,23,0,0,4.91,3,2,0,0,0,0,0,3.2,20,6,2,2,0,3,0,0,2,0,6,sa3076338
Patrick Crotty,PHI,CPX,18,0,5,17.36,10,1,0,0,0,0,0,9.1,60,13,21,18,3,14,0,4,1,3,6,sa3076409
Trevor Williams,WSN,CPX,34,0,0,0.00,1,1,0,0,0,0,0,2.0,10,1,1,0,0,1,0,1,0,0,5,16977
Ronel Blanco,HOU,CPX,32,0,0,0.00,1,1,0,0,0,0,0,3.0,11,1,0,0,0,1,0,0,0,0,5,19407
Po-Yu Chen,PIT,CPX,24,0,1,15.00,2,2,0,0,0,0,0,3.0,18,6,5,5,0,2,0,0,1,1,5,sa3014699
Miguelangel Boadas,MIN,CPX,23,0,1,11.25,2,1,0,0,0,0,0,4.0,25,8,8,5,0,4,0,0,1,0,5,sa3015427
Antonio Florido,DET,CPX,21,1,0,1.35,6,0,0,0,0,0,1,6.2,28,6,1,1,0,2,0,0,0,1,5,sa3018890
Juan Nunez,HOU,CPX,22,1,0,20.65,7,2,0,0,0,1,0,5.2,36,8,13,13,3,12,0,1,3,2,5,sa3019504
Jake Miller,DET,CPX,25,0,0,0.00,1,1,0,0,0,0,0,2.2,10,1,0,0,0,1,0,0,0,0,5,sa3020408
Kevin Stevens,NYY,CPX,28,2,0,0.00,2,0,0,0,0,0,0,2.2,10,2,0,0,0,0,0,0,0,0,5,sa3020613
Cooper Hjerpe,STL,CPX,25,0,0,0.00,2,2,0,0,0,0,0,4.0,13,0,0,0,0,1,0,0,0,0,5,sa3020736
Rafael Gonzalez,HOU,CPX,21,1,2,13.50,3,1,0,0,0,0,0,5.1,31,4,8,8,0,10,0,2,2,0,5,sa3020995
Ismael Cabral,TBR,CPX,22,0,0,7.71,4,0,0,0,0,0,0,4.2,25,5,4,4,0,5,0,1,2,0,5,sa3021481
Jose Varela,HOU,CPX,21,0,0,0.00,1,0,0,0,1,0,0,4.0,12,0,0,0,0,1,0,0,0,0,5,sa3021987
Keiverson Ramírez,STL,CPX,20,0,0,9.72,5,3,0,0,0,0,0,8.1,40,10,9,9,1,6,0,1,0,0,5,sa3022126
Ian Medina,MIA,CPX,21,2,1,4.05,6,0,0,0,0,1,0,6.2,25,5,3,3,1,2,0,0,0,0,5,sa3024939
Omar Montano,MIN,CPX,20,1,0,22.24,8,0,0,0,0,1,0,5.2,44,12,15,14,0,15,0,0,5,1,5,sa3025468
Ethan Lanthier,NYM,CPX,23,0,1,21.00,3,3,0,0,0,0,0,3.0,19,6,8,7,0,3,0,1,1,0,5,sa3025614
Javen Coleman,TOR,CPX,24,2,0,0.00,2,0,0,0,0,0,0,2.0,6,0,0,0,0,0,0,0,0,0,5,sa3029151
Garrett Horn,MIN,CPX,23,0,0,0.00,2,2,0,0,0,0,0,6.0,20,1,0,0,0,2,0,0,0,0,5,sa3034093
Ethan Walker,BOS,CPX,22,0,0,4.91,2,1,0,0,0,0,0,3.2,18,2,2,2,0,3,0,1,1,0,5,sa3044666
Anthony Watts,STL,CPX,22,2,0,4.50,5,0,0,0,0,0,0,6.0,25,4,3,3,0,4,0,0,1,0,5,sa3044875
Geremy Villoria,MIN,CPX,17,2,0,0.00,6,0,0,0,0,0,2,7.0,28,5,0,0,0,3,0,0,0,0,5,sa3068086
Anthony Steele,BAL,CPX,23,1,1,27.00,6,0,0,0,0,0,0,3.1,31,6,15,10,0,9,0,4,6,0,5,sa3076307
Angel Castillo,TBR,CPX,24,2,0,0.00,4,0,0,0,0,0,0,3.2,17,1,0,0,0,5,0,0,1,0,5,sa3077378
Julian Merryweather,MIN,CPX,34,0,0,12.46,4,2,0,0,0,0,0,4.1,23,9,6,6,1,0,0,1,0,0,4,16703
Hobie Harris,BOS,CPX,33,0,1,6.00,3,3,0,0,0,0,0,3.0,12,3,2,2,0,1,0,0,0,0,4,18615
Michael Grove,TBR,CPX,29,0,0,0.00,2,2,0,0,0,0,0,2.0,7,1,0,0,0,0,0,0,0,0,4,23221
Jackson Jobe,DET,CPX,23,0,0,0.00,1,1,0,0,0,0,0,3.0,11,2,0,0,0,0,0,0,1,0,4,30203
Hurston Waldrep,ATL,CPX,24,0,0,2.25,2,2,0,0,0,0,0,4.0,18,2,1,1,0,5,0,0,1,0,4,33527
Richard Guasch,BAL,CPX,28,1,0,8.10,4,1,0,0,0,0,0,3.1,17,4,4,3,0,4,0,0,0,0,4,sa3008434
Luis Velasquez,NYY,CPX,24,0,0,5.40,3,0,0,0,0,0,0,3.1,13,0,2,2,0,1,0,2,1,0,4,sa3010135
Estibenzon Jimenez,PHI,CPX,24,1,0,0.00,2,0,0,0,0,0,0,3.0,11,1,0,0,0,1,0,0,0,0,4,sa3015983
Austin Vernon,TBR,CPX,27,0,0,0.00,3,0,0,0,0,0,1,3.2,13,2,0,0,0,0,0,0,1,0,4,sa3017138
Ricky Tiedemann,TOR,CPX,23,0,1,4.50,2,2,0,0,0,0,0,2.0,8,2,1,1,0,0,0,0,0,0,4,sa3018096
Luis Cesar,MIA,CPX,22,0,1,12.71,4,0,0,0,0,0,0,5.2,28,7,9,8,1,4,0,1,5,1,4,sa3018368
Daniel Guerra,TOR,CPX,22,1,0,3.37,1,0,0,0,0,0,0,2.2,10,1,1,1,0,1,0,0,0,0,4,sa3019786
Brandon Barriera,TOR,CPX,22,0,0,0.00,1,1,0,0,0,0,0,2.1,9,0,0,0,0,2,0,0,1,0,4,sa3020683
Dominic Perachi,PIT,CPX,25,0,0,0.00,1,1,0,0,0,0,0,2.0,7,1,0,0,0,0,0,0,0,0,4,sa3020841
Adrian Bohorquez,MIN,CPX,21,0,0,0.00,3,3,0,0,0,0,0,4.0,16,2,0,0,0,1,0,1,0,0,4,sa3021501
Colin Fields,DET,CPX,26,1,0,0.00,2,0,0,0,0,0,1,2.1,9,0,0,0,0,2,0,0,0,0,4,sa3021985
TJ Nichols,TBR,CPX,24,0,0,1.80,2,2,0,0,0,0,0,5.0,20,6,1,1,0,0,0,0,0,0,4,sa3023039
Andrew Sears,DET,CPX,23,0,0,0.00,1,1,0,0,0,0,0,2.0,6,0,0,0,0,0,0,0,0,0,4,sa3023133
Carson Pierce,TOR,CPX,24,0,0,7.36,2,1,0,0,0,0,0,3.2,15,2,3,3,2,1,0,1,0,0,4,sa3023179
Ross Dunn,MIN,CPX,24,0,0,0.00,3,3,0,0,0,0,0,6.0,21,1,0,0,0,1,0,0,2,0,4,sa3023414
Jesus Travieso,PIT,CPX,19,0,0,4.50,2,0,0,0,0,0,0,2.0,12,2,1,1,0,3,0,1,0,0,4,sa3024565
Harlin Naut,BAL,CPX,21,1,0,2.31,3,1,0,0,0,0,0,11.2,50,11,3,3,0,4,0,0,1,0,4,sa3025102
Jesus Montiel,PHI,CPX,19,0,0,4.50,2,0,0,0,1,0,0,4.0,16,1,2,2,0,2,0,1,0,0,4,sa3025493
Zach Swanson,DET,CPX,20,0,1,9.00,3,3,0,0,0,0,0,3.0,20,3,4,3,0,5,0,1,0,0,4,sa3066596
Michael Carpenter,MIN,CPX,21,0,0,24.00,4,2,0,0,0,0,0,3.0,19,4,8,8,0,7,0,0,0,0,4,sa3067133
Aiden Taggart,TOR,CPX,19,1,0,4.50,1,0,0,0,0,0,0,2.0,10,1,1,1,0,4,0,0,1,0,4,sa3067534
Yeraldo Salcedo,PIT,CPX,19,0,0,1.17,4,0,0,0,0,0,1,7.2,28,5,1,1,0,1,0,0,0,0,4,sa3068668
Zeke Wood,STL,CPX,26,0,0,13.50,2,0,0,0,0,0,0,2.0,11,6,3,3,1,0,0,0,3,0,4,sa3068853
Win Scott,DET,CPX,23,1,0,4.50,4,0,0,0,0,0,1,4.0,18,7,2,2,1,0,0,0,0,1,4,sa3076366
Mike Clevinger,PIT,CPX,35,0,0,3.37,3,2,0,0,0,0,0,2.2,12,3,1,1,0,0,0,1,2,0,3,12808
Kevin Herget,NYM,CPX,35,0,0,7.71,3,2,0,0,0,0,0,4.2,22,8,4,4,0,1,0,0,0,0,3,15369
Alex Young,WSN,CPX,32,2,0,0.00,3,0,0,0,0,0,1,3.0,11,0,0,0,0,2,0,0,0,0,3,18333
Shane Bieber,TOR,CPX,31,0,0,0.00,1,1,0,0,0,0,0,2.0,8,3,0,0,0,0,0,0,0,0,3,19427
Steven Wilson,TBR,CPX,31,0,0,0.00,2,0,0,0,0,0,0,2.0,7,1,0,0,0,1,0,0,0,0,3,20353
Manuel Rodríguez,TBR,CPX,29,1,0,9.00,1,0,0,0,0,0,0,1.0,4,1,1,1,1,0,0,0,0,0,3,20794
Jake Irvin,WSN,CPX,29,0,0,0.00,1,1,0,0,0,0,0,3.0,11,1,0,0,0,0,0,0,0,0,3,21504
Kai-Wei Teng,HOU,CPX,27,0,0,0.00,2,2,0,0,0,0,0,3.0,11,0,0,0,0,1,0,0,0,0,3,24282
Osvaldo Berrios,BOS,CPX,26,0,0,0.00,1,1,0,0,0,0,0,3.0,9,0,0,0,0,0,0,0,0,0,3,sa3004702
Dominic Pipkin,PIT,CPX,26,0,0,0.00,2,1,0,0,0,0,0,2.1,8,2,1,0,0,0,0,0,0,0,3,sa3007896
Joel Ibarra,PIT,CPX,23,1,2,11.37,6,0,0,0,0,1,1,6.1,34,7,8,8,0,5,0,4,4,0,3,sa3009326
Micah Ottenbreit,PHI,CPX,23,0,0,4.50,2,0,0,0,0,0,0,2.0,8,2,1,1,0,0,0,0,0,0,3,sa3017860
Calvin Ziegler,NYM,CPX,23,0,1,3.86,3,2,0,0,0,0,0,2.1,12,3,3,1,0,2,0,1,0,0,3,sa3018142
Candido Cuevas,NYM,CPX,22,0,0,15.43,3,0,0,0,0,0,0,2.1,13,2,4,4,1,2,0,1,0,0,3,sa3018305
Pedro Garcia,DET,CPX,24,0,0,21.60,2,0,0,0,0,0,0,1.2,16,7,8,4,1,3,0,0,0,0,3,sa3018872
Sandy Mejia,HOU,CPX,22,0,0,9.00,2,0,0,0,0,0,0,2.0,11,1,2,2,0,3,0,0,0,0,3,sa3019141
Jhon Cabral,MIA,CPX,20,0,0,18.90,5,0,0,0,0,0,0,3.1,22,3,8,7,1,9,0,0,4,0,3,sa3019299
T.J. Brock,TOR,CPX,26,0,0,0.00,1,0,0,0,0,0,1,1.0,5,0,0,0,0,2,0,0,0,0,3,sa3020079
Dylan Tebrake,WSN,CPX,26,0,0,0.00,2,0,0,0,1,0,0,2.0,8,2,0,0,0,0,0,0,0,0,3,sa3020477
Dalton Rogers,BOS,CPX,25,0,0,0.00,1,1,0,0,0,0,0,1.1,6,2,1,0,0,0,0,0,1,0,3,sa3020479
Baron Stuart,WSN,CPX,26,0,1,15.43,2,0,0,0,0,0,0,2.1,16,7,4,4,2,3,1,1,2,0,3,sa3020888
Kelvis Salcedo,DET,CPX,20,0,0,0.00,1,1,0,0,0,0,0,1.0,3,0,0,0,0,0,0,0,0,0,3,sa3021531
Cristobal Abreu,ATL,CPX,20,0,0,3.86,3,0,0,0,0,1,0,2.1,12,1,2,1,0,3,0,1,0,1,3,sa3022169
Luis Espinoza,BAL,CPX,19,1,0,12.00,4,0,0,0,0,0,0,3.0,17,4,6,4,0,2,0,1,2,0,3,sa3024262
Jake Faherty,MIA,CPX,23,0,1,42.00,5,2,0,0,0,0,0,3.0,28,5,14,14,0,12,0,3,8,5,3,sa3025331
Ryan Mathiesen,HOU,CPX,23,0,1,5.40,4,3,0,0,0,0,0,6.2,27,5,4,4,0,5,0,0,1,0,3,sa3025617
Matthew Becker,MIN,CPX,23,0,0,12.00,2,0,0,0,0,0,1,3.0,17,3,4,4,1,5,0,0,2,0,3,sa3026849
Tucker Biven,WSN,CPX,22,0,0,9.00,1,0,0,0,0,0,0,1.0,5,2,1,1,0,0,0,0,1,0,3,sa3027184
Curtis Hebert,HOU,CPX,22,1,0,11.25,4,2,0,0,0,0,0,4.0,25,4,5,5,0,8,0,2,1,0,3,sa3033501
Jason Reitz,MIN,CPX,21,0,0,0.00,1,1,0,0,0,0,0,2.0,7,1,0,0,0,0,0,0,0,0,3,sa3040605
Grayson Saunier,HOU,CPX,22,0,0,0.00,2,2,0,0,0,0,0,3.0,9,0,0,0,0,1,0,0,0,0,3,sa3041606
Brady Tygart,BOS,CPX,23,0,1,17.18,2,2,0,0,0,0,0,3.2,20,6,8,7,0,4,0,0,1,0,3,sa3044198
Ronaldo Gallo,PIT,CPX,25,0,0,2.70,3,2,0,0,0,0,0,3.1,15,1,1,1,0,4,0,0,0,1,3,sa3067310
Ruddy Gomez,MIN,CPX,26,1,0,0.00,1,0,0,0,0,0,0,2.0,7,1,0,0,0,0,0,0,0,0,3,sa3067415
Rainer Marin,MIN,CPX,20,1,0,9.64,4,0,0,0,0,0,1,4.2,25,9,5,5,0,2,0,1,0,0,3,sa3068603
Brayden Heidel,TOR,CPX,24,0,0,6.75,1,0,0,0,0,0,0,1.1,7,1,1,1,1,2,0,0,0,0,3,sa3076167
Brian Keller,PHI,CPX,32,0,0,0.00,2,2,0,0,0,0,0,3.0,11,1,0,0,0,1,0,0,0,0,3,sa918951
Chris Devenski,PIT,CPX,35,0,0,9.00,1,0,0,0,0,0,0,1.0,5,2,1,1,0,0,0,0,0,0,2,12763
Danny Young,ATL,CPX,32,0,0,0.00,1,1,0,0,0,0,0,1.0,4,1,0,0,0,0,0,0,0,0,2,18439
Bennett Sousa,HOU,CPX,31,0,0,0.00,2,1,0,0,0,0,0,2.0,8,2,0,0,0,0,0,0,0,0,2,21345
Cole Sands,MIN,CPX,28,1,0,0.00,1,0,0,0,0,0,0,1.0,3,0,0,0,0,0,0,0,0,0,2,21461
Clayton Beeter,WSN,CPX,27,0,0,9.00,1,1,0,0,0,0,0,1.0,4,1,1,1,1,0,0,0,0,0,2,27494
Cole Henry,WSN,CPX,26,0,0,0.00,1,1,0,0,0,0,0,1.0,3,0,0,0,0,0,0,0,0,0,2,27570
Michael Darrell-Hicks,PIT,CPX,28,0,0,0.00,1,0,0,0,0,0,0,1.0,4,1,0,0,0,0,0,0,0,0,2,31501
Marco Jimenez,DET,CPX,26,0,0,0.00,1,0,0,0,0,0,0,1.0,3,0,0,0,0,0,0,0,0,0,2,sa3002926
Victor Santos,STL,CPX,25,1,0,0.00,2,0,0,0,0,0,0,3.0,10,3,0,0,0,0,0,0,0,0,2,sa3003083
Valentin Linarez,WSN,CPX,26,0,0,6.75,3,0,0,0,0,0,1,2.2,13,2,2,2,0,3,0,0,0,0,2,sa3006557
Sem Robberse,STL,CPX,24,0,0,0.00,2,2,0,0,0,0,0,3.0,10,1,0,0,0,0,0,0,0,0,2,sa3011735
Juan Nuñez,BAL,CPX,25,0,0,18.00,1,1,0,0,0,0,0,1.0,9,4,4,2,1,1,0,0,0,0,2,sa3015464
Isaias Uribe,PIT,CPX,23,0,0,0.00,2,1,0,0,0,0,0,2.0,7,0,0,0,0,2,0,0,0,0,2,sa3016486
Raimon Gomez,BAL,CPX,24,0,0,0.00,1,1,0,0,0,0,0,1.0,5,0,0,0,0,2,0,0,0,0,2,sa3017645
Caden Vire,BOS,CPX,22,0,0,9.00,1,1,0,0,0,0,0,1.0,4,2,1,1,0,0,0,0,1,0,2,sa3017967
Clarence Martina,WSN,CPX,21,0,0,0.00,2,1,0,0,0,0,1,3.0,13,1,0,0,0,3,0,0,1,0,2,sa3019099
Reylin Perez,HOU,CPX,21,0,0,0.00,2,0,0,0,1,0,0,1.1,6,2,0,0,0,1,0,0,0,0,2,sa3019204
Cesar Rojas,WSN,CPX,24,0,0,0.00,1,0,0,0,0,0,0,1.0,3,0,0,0,0,0,0,0,0,0,2,sa3019244
Chalniel Arias,NYY,CPX,22,0,0,6.75,2,2,0,0,0,0,0,2.2,13,5,3,2,0,0,0,0,0,1,2,sa3019370
Josnaider Orellana,BAL,CPX,21,1,1,9.64,4,0,0,0,0,0,0,4.2,28,7,8,5,0,4,0,2,1,0,2,sa3019404
Michael Walsh,PIT,CPX,25,0,0,0.00,2,1,0,0,0,0,0,2.0,8,0,0,0,0,1,0,0,0,0,2,sa3020337
Joe Miller,DET,CPX,26,0,0,13.50,1,0,0,0,0,0,0,0.2,5,2,3,1,0,1,0,0,0,0,2,sa3020393
Mitch Neunborn,PHI,CPX,29,0,0,0.00,2,1,0,0,0,0,1,2.0,6,0,0,0,0,0,0,0,0,0,2,sa3021722
Tyler Bradt,STL,CPX,25,1,0,13.50,1,0,0,0,0,0,0,0.2,4,2,1,1,0,0,0,0,1,0,2,sa3022859
Travis Sthele,WSN,CPX,24,0,0,4.50,1,0,0,0,0,0,0,2.0,9,3,1,1,0,0,0,0,0,0,2,sa3022941
Mikey Tepper,WSN,CPX,24,0,0,9.00,1,1,0,0,0,0,0,2.0,10,3,2,2,0,1,0,1,0,0,2,sa3023065
Kai Peterson,WSN,CPX,23,0,0,0.00,1,0,0,0,0,0,1,0.2,4,1,0,0,0,1,0,0,0,0,2,sa3023453
Eriq Swan,WSN,CPX,24,0,0,0.00,1,1,0,0,0,0,0,1.0,4,1,0,0,0,0,0,0,1,0,2,sa3023514
Dylan Questad,MIN,CPX,21,0,0,10.80,1,1,0,0,0,0,0,1.2,7,1,2,2,1,1,0,0,0,0,2,sa3023570
Adolfo Miranda,NYM,CPX,19,0,0,0.00,5,0,0,0,0,0,0,3.0,12,3,0,0,0,1,0,0,0,0,2,sa3025062
Jack Crowder,BAL,CPX,23,0,0,2.25,3,0,0,0,0,0,1,4.0,17,3,1,1,0,1,0,1,1,0,2,sa3029607
Dylan Mathiesen,PIT,CPX,22,0,0,0.00,1,0,0,0,0,0,0,1.0,3,0,0,0,0,0,0,0,0,0,2,sa3037301
Brandon Clarke,STL,CPX,23,0,0,0.00,1,1,0,0,0,0,0,1.2,5,0,0,0,0,0,0,1,0,0,2,sa3067144
Luis Perdomo,BAL,CPX,19,0,0,0.00,1,0,0,0,1,0,0,2.0,8,2,0,0,0,0,0,0,0,1,2,sa3068833
Joephillip Guzman,BAL,CPX,19,0,0,0.00,1,0,0,0,0,0,0,2.0,8,1,0,0,0,0,0,0,0,0,2,sa3075625
Zac Lampton,BAL,CPX,26,0,0,16.20,2,0,0,0,0,0,0,1.2,11,4,4,3,1,1,0,0,0,0,2,sa3076330
Maximin Medina,WSN,CPX,18,0,2,15.43,2,1,0,0,0,0,0,4.2,27,10,10,8,0,2,0,1,1,0,2,sa3076957
Jake Hunter,MIN,CPX,23,0,1,6.00,2,0,0,0,0,0,0,3.0,13,4,2,2,1,2,0,0,0,1,2,sa3077716
Mack Estrada,NYY,CPX,21,0,0,8.31,4,1,0,0,0,0,0,4.1,24,7,5,4,1,4,0,1,0,1,2,sa3077760
Gerson Moreno,STL,CPX,30,1,0,0.00,1,0,0,0,0,0,0,1.0,3,0,0,0,0,0,0,0,0,0,2,sa736656
Adbert Alzolay,NYM,CPX,31,0,0,0.00,1,0,0,0,0,0,0,1.0,4,0,0,0,0,0,0,0,1,0,1,17859
Kodi Whitley,TBR,CPX,31,0,0,0.00,1,0,0,0,0,0,0,1.0,3,0,0,0,0,0,0,0,0,0,1,19731
Bryce Montes de Oca,WSN,CPX,30,0,0,9.00,1,1,0,0,0,0,0,1.0,4,1,1,1,0,1,0,0,1,0,1,21319
Dedniel Núñez,NYM,CPX,30,0,0,54.00,1,0,0,0,0,1,0,0.1,4,2,3,2,1,0,0,0,1,0,1,23055
Eduardo Salazar,MIN,CPX,28,0,1,27.00,2,2,0,0,0,0,0,1.2,10,6,5,5,0,0,0,0,0,0,1,23135
Hayden Wesneski,HOU,CPX,28,0,0,0.00,1,1,0,0,0,0,0,3.0,10,1,0,0,0,0,0,0,0,0,1,27581
Garrett Acton,MIN,CPX,28,0,0,40.50,1,0,0,0,0,0,0,0.2,6,1,3,3,1,3,0,0,0,0,1,27583
Hunter Barco,PIT,CPX,25,0,0,5.40,1,1,0,0,0,0,0,1.2,9,1,2,1,0,1,0,1,0,0,1,33174
Johan Otanez,WSN,CPX,24,0,0,0.00,1,0,0,0,0,0,0,0.2,2,0,0,0,0,0,0,0,0,0,1,sa3009782
Ryan Harbin,PIT,CPX,24,0,0,27.00,1,1,0,0,0,0,0,0.1,2,0,1,1,0,0,0,1,1,0,1,sa3011733
Joel Díaz,NYM,CPX,22,0,1,18.00,2,1,0,0,0,0,0,2.0,12,5,4,4,1,1,0,0,1,0,1,sa3015500
Cleiber Maldonado,MIN,CPX,22,0,1,19.29,3,1,0,0,0,0,0,2.1,17,7,5,5,0,3,0,0,0,0,1,sa3016846
Blake Burkhalter,ATL,CPX,25,0,0,0.00,1,0,0,0,0,0,1,1.0,3,0,0,0,0,0,0,0,0,0,1,sa3020382
Joseph King,STL,CPX,25,0,0,0.00,2,0,0,0,0,0,0,2.0,7,0,0,0,0,2,0,0,0,0,1,sa3020857
Eduar Gonzalez,TOR,CPX,20,0,0,36.00,1,0,0,0,0,0,0,1.0,11,4,6,4,0,3,0,0,0,0,1,sa3020993
Martin Tamara,DET,CPX,22,0,1,0.00,3,0,0,0,0,0,0,2.1,8,1,1,0,0,0,0,0,0,0,1,sa3021257
Fabian Lopez,MIA,CPX,20,0,0,19.29,2,0,0,0,0,0,0,2.1,15,6,5,5,1,3,0,0,0,2,1,sa3021276
Andru Arthur,STL,CPX,20,0,1,0.00,3,0,0,0,0,0,0,2.0,10,3,1,0,0,0,0,0,0,0,1,sa3021277
Joseph Tailor,MIA,CPX,20,0,0,13.50,1,0,0,0,0,0,0,0.2,4,1,1,1,0,1,0,0,0,0,1,sa3021285
Kevin Verde,NYY,CPX,20,0,0,27.00,1,0,0,0,0,0,0,0.2,5,3,2,2,0,1,0,0,0,0,1,sa3021326
Chris Lopez,STL,CPX,21,0,0,9.00,2,0,0,0,0,1,0,2.0,12,2,3,2,0,5,0,0,1,0,1,sa3021648
David Matoma,PIT,CPX,20,0,0,0.00,1,0,0,0,0,0,0,1.2,6,1,0,0,0,1,0,0,0,0,1,sa3021761
Paulo Asprilla,STL,CPX,20,0,1,0.00,1,0,0,0,0,0,0,0.2,4,1,1,0,0,1,0,0,0,0,1,sa3021859
Luis Rives,HOU,CPX,21,1,1,2.45,3,0,0,0,0,0,0,3.2,14,3,1,1,1,0,0,1,0,0,1,sa3023624
Angel Brachi,MIA,CPX,19,0,0,0.00,1,0,0,0,0,0,0,0.2,3,1,0,0,0,0,0,0,0,0,1,sa3023784
Alan Reyes,STL,CPX,22,1,0,3.37,2,1,0,0,0,0,0,2.2,12,3,1,1,1,1,0,0,0,0,1,sa3023814
Christian Astudillo,BAL,CPX,19,0,0,27.00,1,0,0,0,0,0,0,1.0,6,3,3,3,1,1,0,0,0,0,1,sa3024144
Saul Gomez,BAL,CPX,18,0,0,23.62,3,0,0,0,0,0,0,2.2,17,8,7,7,0,1,0,0,0,1,1,sa3024152
Kevin Robledo,MIA,CPX,19,0,0,0.00,1,0,0,0,0,0,0,0.2,4,1,0,0,0,0,0,0,0,0,1,sa3024360
Josh Blum,NYM,CPX,23,0,0,67.50,1,1,0,0,0,0,0,0.2,7,4,5,5,1,0,0,1,0,0,1,sa3027287
Reed Moring,MIN,CPX,21,0,0,0.00,1,1,0,0,0,0,0,2.0,6,0,0,0,0,0,0,0,0,0,1,sa3038379
Trendan Parish,TBR,CPX,24,0,0,0.00,1,0,0,0,0,0,0,1.0,6,2,2,0,0,0,0,0,0,0,1,sa3039436
Owen Woodward,NYM,CPX,24,0,0,0.00,1,1,0,0,0,0,0,1.0,3,0,0,0,0,0,0,0,0,0,1,sa3045567
John Valle,WSN,CPX,21,0,0,0.00,3,0,0,0,0,0,0,1.1,6,0,0,0,0,1,0,0,0,0,1,sa3067416
Gabriel Rosado,DET,CPX,20,0,0,13.50,1,0,0,0,0,0,0,0.2,6,1,1,1,1,4,0,0,0,0,1,sa3067423
Edgardo Figueroa,WSN,CPX,18,1,1,0.00,5,0,0,0,0,0,0,4.0,15,1,1,0,0,1,0,0,0,0,1,sa3067716
Gabriel Flores,PHI,CPX,18,0,0,18.00,1,0,0,0,0,0,0,1.0,7,4,2,2,0,0,0,0,0,0,1,sa3068396
Santiago Castellanos,MIN,CPX,17,0,0,10.80,2,2,0,0,0,0,0,1.2,9,0,2,2,0,6,0,0,1,0,1,sa3068480
Waner Perez,BAL,CPX,20,0,0,9.00,2,0,0,0,0,0,0,1.0,8,2,1,1,0,3,0,0,2,1,1,sa3068799
Cale Wetwiska,DET,CPX,21,0,0,0.00,1,0,0,0,0,0,0,2.0,6,2,0,0,0,0,0,0,0,0,1,sa3069168
Landon Harmon,WSN,CPX,19,0,0,5.40,1,0,0,0,0,0,0,1.2,7,2,1,1,0,0,0,0,1,0,1,sa3069265
Braydon Risley,PIT,CPX,21,0,0,9.00,1,0,0,0,0,0,0,1.0,6,1,1,1,0,2,0,0,1,0,1,sa3069406
Yimi García,TOR,CPX,35,0,0,27.00,2,2,0,0,0,0,0,1.1,9,5,4,4,1,0,0,0,0,0,0,12095
Max Kranick,WSN,CPX,28,0,0,13.50,1,0,0,0,0,0,0,1.1,7,1,3,2,1,1,0,0,0,0,0,22175
Ray Kerr,ATL,CPX,31,0,0,0.00,1,1,0,0,0,0,0,1.0,6,0,0,0,0,2,0,1,0,0,0,23809
Jesse Bergin,MIN,CPX,26,1,0,5.40,1,0,0,0,0,0,0,1.2,7,2,1,1,0,0,0,0,1,0,0,sa3017133
Yilber Herrera,MIN,CPX,21,0,0,0.00,1,0,0,0,0,0,0,1.0,4,0,0,0,0,1,0,0,0,1,0,sa3018425
Waner Luciano,HOU,CPX,21,1,0,5.40,1,0,0,0,0,0,0,3.1,14,4,3,2,0,0,0,0,1,1,0,sa3018501
Jose Monserrate,MIA,CPX,21,0,0,0.00,1,0,0,0,0,0,0,0.1,1,0,0,0,0,0,0,0,0,0,0,sa3018646
Roiner Quintana,HOU,CPX,21,0,0,9.00,1,0,0,0,0,1,0,1.0,5,2,1,1,0,0,0,0,1,0,0,sa3019510
Albert Polanco,MIA,CPX,21,0,1,108.00,2,0,0,0,0,0,0,0.1,8,4,4,4,1,4,0,0,0,0,0,sa3019660
Derek Diamond,PIT,CPX,25,0,0,0.00,1,0,0,0,0,0,0,1.0,4,2,0,0,0,0,0,0,0,0,0,sa3020470
Sandro Pereira,HOU,CPX,20,0,0,6.75,1,0,0,0,0,0,0,1.1,7,0,1,1,0,4,0,0,1,0,0,sa3021140
Félix Amparo,BAL,CPX,20,1,0,4.50,1,0,0,0,0,1,0,2.0,8,2,1,1,1,0,0,0,0,0,0,sa3021180
Jeremy Almonte,MIA,CPX,20,0,0,0.00,1,0,0,0,0,0,0,0.1,2,1,0,0,0,0,0,0,0,0,0,sa3021632
Brady Cerkownyk,WSN,CPX,23,1,1,6.75,2,0,0,0,0,0,0,1.1,5,0,2,1,0,0,0,1,1,0,0,sa3022929
Ixan Henderson,STL,CPX,24,0,1,21.60,2,1,0,0,0,0,0,1.2,13,5,4,4,0,3,0,0,1,0,0,sa3022953
Luis Arias,WSN,CPX,20,0,0,0.00,1,0,0,0,0,0,0,0.1,2,1,0,0,0,0,0,0,0,0,0,sa3023259
Zander Mueth,PIT,CPX,21,0,0,0.00,1,1,0,0,0,0,0,2.0,8,0,0,0,0,1,0,1,0,0,0,sa3023569
Yordani Martinez,MIA,CPX,19,0,0,0.00,2,0,0,0,0,0,0,2.0,10,2,1,0,0,4,0,0,0,0,0,sa3023738
Kendrick Herrera,PIT,CPX,19,1,0,13.50,1,0,0,0,0,0,0,1.1,8,3,3,2,0,1,0,0,0,1,0,sa3023776
Eyeksson Rojas,WSN,CPX,20,0,1,10.12,2,0,0,0,0,0,0,2.2,13,5,4,3,1,0,0,0,0,2,0,sa3023872
Adbiel Feliz,PIT,CPX,19,0,0,0.00,1,0,0,0,0,0,0,0.1,1,0,0,0,0,0,0,0,0,0,0,sa3023897
Estivenzon Montero,NYY,CPX,19,0,0,0.00,1,0,0,0,0,0,0,0.2,5,1,0,0,0,2,0,0,0,0,0,sa3023916
Alexi Quiroz,HOU,CPX,19,0,0,0.00,1,0,0,0,0,0,0,0.2,4,1,0,0,0,1,0,0,0,0,0,sa3024119
Hector Campusano,BAL,CPX,19,0,1,9.00,1,0,0,0,0,1,0,1.0,5,2,1,1,0,1,0,0,0,0,0,sa3024148
Angel Garcia,BAL,CPX,19,0,0,0.00,1,0,0,0,1,0,0,0.2,2,0,0,0,0,0,0,0,0,1,0,sa3024352
Cesar Aquino,PIT,CPX,21,0,1,0.00,1,0,0,0,0,0,0,0.1,3,2,1,0,0,0,0,0,0,0,0,sa3024469
Carlos Rondon,NYY,CPX,20,0,0,20.77,5,0,0,0,1,0,0,4.1,25,10,10,10,1,2,0,1,0,1,0,sa3024634
Diego Flores,NYY,CPX,19,0,0,0.00,1,0,0,0,0,0,0,0.1,1,0,0,0,0,0,0,0,0,0,0,sa3024641
Danny Trehey,HOU,CPX,25,1,0,0.00,1,0,0,0,0,0,0,1.0,4,1,0,0,0,1,0,0,0,0,0,sa3025478
Chase Renner,MIA,CPX,22,0,0,0.00,1,1,0,0,0,0,0,1.0,4,1,0,0,0,0,0,0,0,0,0,sa3040620
Malvin Fernandez,ATL,CPX,17,0,0,47.25,1,0,0,0,0,0,0,1.1,13,7,7,7,1,1,0,1,0,0,0,sa3067745
Starlin Mieses,BAL,CPX,18,0,0,36.00,1,0,0,0,0,0,0,0.0,4,3,4,4,0,1,0,0,1,1,0,sa3067884
Yeider Mindiola,NYM,CPX,19,0,0,0.00,1,0,0,0,0,0,0,2.0,8,1,0,0,0,2,0,0,0,0,0,sa3067885
Pablo Castillo,MIN,CPX,18,0,2,7.71,3,0,0,0,0,0,0,2.1,13,5,3,2,0,1,0,0,0,0,0,sa3068173
Nico Wagner,ATL,CPX,20,0,0,0.00,1,0,0,0,0,0,0,2.0,6,0,0,0,0,0,0,0,0,0,0,sa3069399
Joey Wimpelberg,DET,CPX,21,0,1,15.00,3,2,0,0,0,0,0,3.0,20,8,7,5,0,3,0,0,0,0,0,sa3069403
Jason Shockley,BAL,CPX,23,0,0,0.00,1,0,0,0,0,0,0,1.2,7,1,0,0,0,2,0,0,0,0,0,sa3076273
August Cuneo,HOU,CPX,18,0,0,0.00,1,0,0,0,0,0,0,1.0,3,0,0,0,0,0,0,0,0,0,0,sa3076335
