Source League ID,League Name,League Level,Age,Players,Total G,Total PA,Total AB,FGPts_per_game,BB_K_ratio,Speed_score,HR_IFFB_ratio,LD%,2B_3B_pct,wRC+
2,International League,AAA,20,3.0,129.0,506.0,435.0,7.51937984496124,0.5040650406504065,3.2667607246147288,1.1653346788547267,0.19542211488537548,0.06206896551724138,119.79607139862149
2,International League,AAA,21,17.0,590.0,2584.0,2242.0,8.235593220338982,0.5705882352941176,4.7143897143343905,0.9874469862541623,0.24025369405611458,0.06289027653880463,122.07382157178924
2,International League,AAA,22,28.0,1622.0,6955.0,6052.0,7.6424167694204685,0.4701492537313433,5.579877861332879,0.8955728704017971,0.2402072785525521,0.054692663582286846,109.60588089066758
2,International League,AAA,23,54.0,2523.0,10357.0,9015.0,6.759413396749901,0.44797458300238285,4.945822226191418,0.6733472245856813,0.2431859166284638,0.05701608430393788,101.53621115955436
2,International League,AAA,24,80.0,3464.0,13646.0,11792.0,6.563366050808314,0.4796147672552167,5.032347768296449,0.6535080031753598,0.2327972390831013,0.05418928086838535,102.76032908917148
2,International League,AAA,25,83.0,3745.0,14691.0,12827.0,6.365554072096129,0.4302162313956754,4.82957927525322,0.6482621960620136,0.2440642486892655,0.056833242379356046,99.66550468313757
2,International League,AAA,26,87.0,4274.0,16695.0,14479.0,6.4195133364529715,0.46266029670605985,5.115625690048185,0.6675968569614974,0.2382338436460018,0.054354582498791354,99.95295010891705
2,International League,AAA,27,77.0,3719.0,13740.0,11874.0,6.071390158644797,0.4866013071895425,5.090708090756607,0.5604096962623929,0.23419656082365356,0.05566784571332323,96.77679005368326
2,International League,AAA,28,53.0,2129.0,8323.0,7236.0,6.18529826209488,0.4243452958292919,4.97477307510523,0.6105149500131302,0.23619313062994116,0.05002763957987839,93.81335294480986
2,International League,AAA,29,54.0,1961.0,7442.0,6438.0,6.297807241203468,0.504920049200492,4.848866727431142,0.5108177052748463,0.23362338548011286,0.05265610438024231,97.09211839214923
2,International League,AAA,30,37.0,1630.0,6241.0,5407.0,6.126073619631902,0.5067567567567568,3.9753897082576155,0.517957229030751,0.2268839392209582,0.05159977806547068,97.62511373583372
2,International League,AAA,31,21.0,1135.0,4404.0,3901.0,6.055947136563876,0.4171717171717172,3.8495478480944607,0.6465101347244461,0.23671061071457766,0.05511407331453474,91.1106273785136
2,International League,AAA,32,15.0,727.0,2905.0,2538.0,7.0722145804676755,0.4369230769230769,4.68593416147043,0.6612468388901073,0.23044882532048191,0.057919621749408984,106.29510795807222
2,International League,AAA,33,9.0,373.0,1461.0,1264.0,5.894101876675603,0.5481727574750831,3.1056829197913616,0.6016080756981662,0.24178778920944557,0.06091772151898734,87.6616103130318
2,International League,AAA,34,12.0,353.0,1320.0,1147.0,6.420679886685552,0.4869281045751634,3.9114721670390944,0.5782239962028839,0.22924792450833337,0.05754141238012206,100.23209334445477
2,International League,AAA,35,5.0,111.0,420.0,365.0,6.301801801801802,0.4329896907216495,3.3395037293824923,1.209105118971912,0.2521047063166667,0.06301369863013699,106.02012949664419
2,International League,AAA,36,4.0,93.0,350.0,303.0,4.887096774193548,0.4175824175824176,2.309496197543659,0.5738536807972978,0.22344331053142857,0.039603960396039604,79.7268680521386
4,Pacific Coast League,AAA,19,3.0,50.0,229.0,184.0,10.09,0.8048780487804879,7.644330988072169,0.6745796213363232,0.23151622910480352,0.059782608695652176,126.95337639534209
4,Pacific Coast League,AAA,20,4.0,72.0,304.0,269.0,7.902777777777778,0.3225806451612903,1.7542527369271999,2.5714285772448977,0.253053103381579,0.05204460966542751,101.17863412307945
4,Pacific Coast League,AAA,21,6.0,131.0,555.0,471.0,7.679389312977099,0.5609756097560976,6.692720179708818,0.8315432413530207,0.24721207667027023,0.07006369426751592,106.60049258899703
4,Pacific Coast League,AAA,22,18.0,552.0,2447.0,2113.0,8.36231884057971,0.5682281059063137,4.599341381436256,0.8495286401491423,0.2443383958524724,0.06625650733554188,102.69961465457611
4,Pacific Coast League,AAA,23,27.0,1165.0,5073.0,4401.0,7.80343347639485,0.5086128739800544,5.270139581452926,0.7403974782475494,0.23175901050739206,0.0624857986821177,97.18061522801017
4,Pacific Coast League,AAA,24,31.0,1538.0,6550.0,5683.0,8.042912873862159,0.4391332058636074,5.820896074035474,1.0821084127611043,0.23918156705236643,0.06844976244941052,105.57032002557112
4,Pacific Coast League,AAA,25,31.0,1225.0,4998.0,4314.0,7.12,0.5216972034715526,5.697122837089609,0.49906268262938336,0.2417687126540616,0.05725544738062123,91.59511440013311
4,Pacific Coast League,AAA,26,39.0,2231.0,9564.0,8142.0,8.45316001792918,0.5716410510659395,5.64380200528781,0.8819836256908054,0.25398159256900876,0.06546303119626627,110.70264576438346
4,Pacific Coast League,AAA,27,41.0,1909.0,7697.0,6683.0,7.19408067050812,0.5149664019547954,4.874054860481323,0.6134963623082702,0.2562054254073015,0.060152626066137964,97.38145293672021
4,Pacific Coast League,AAA,28,30.0,1578.0,6295.0,5427.0,7.436628643852979,0.5293680297397769,4.665063912031013,0.7623726242718152,0.25423337095266085,0.06817763036668509,103.52021848417525
4,Pacific Coast League,AAA,29,25.0,1335.0,5416.0,4617.0,7.292883895131086,0.5529715762273901,5.293305126986918,0.6879808966281183,0.24557581934361153,0.06411089452025125,97.75425264492897
4,Pacific Coast League,AAA,30,23.0,1064.0,4068.0,3482.0,6.161184210526316,0.5221339387060159,4.51287188593017,0.4062956196804572,0.24750034839995086,0.05226881102814474,87.65693308422259
4,Pacific Coast League,AAA,31,8.0,315.0,1338.0,1184.0,7.493650793650794,0.43288590604026844,6.073691433102987,0.6050275881644158,0.24709803092899854,0.06672297297297297,84.56953058413337
4,Pacific Coast League,AAA,32,10.0,440.0,1790.0,1540.0,7.495454545454545,0.4278728606356968,5.250297187895953,0.6357322867905132,0.25866616706089385,0.05779220779220779,93.03061767378686
4,Pacific Coast League,AAA,33,10.0,486.0,2035.0,1747.0,6.8539094650205765,0.5727699530516432,3.6270125991695843,0.6315412746226342,0.24327631898869773,0.05266170578133944,92.77193165999533
4,Pacific Coast League,AAA,34,7.0,145.0,510.0,432.0,4.793103448275862,0.45985401459854014,2.0844427195891844,0.5550240919980929,0.24062552843333332,0.05555555555555555,81.49164464621654
4,Pacific Coast League,AAA,35,5.0,117.0,535.0,447.0,7.636752136752137,0.6632653061224489,3.209434798446262,0.469590435798179,0.2578507417046729,0.06935123042505593,91.25490222168132
4,Pacific Coast League,AAA,37,1.0,10.0,39.0,33.0,3.25,0.5,2.64285714,0.0,0.291666666,0.06060606060606061,59.13672239556326
5,Eastern League,AA,19,3.0,33.0,151.0,134.0,9.893939393939394,0.21875,4.771965319163856,1.5890894781707223,0.2411450543708609,0.029850746268656716,137.78430524289655
5,Eastern League,AA,20,17.0,517.0,2199.0,1918.0,6.587040618955513,0.5021551724137931,5.190418449101716,0.5226332343137339,0.2250763349099591,0.058394160583941604,112.2031001206145
5,Eastern League,AA,21,27.0,1571.0,6454.0,5553.0,6.377784850413749,0.49734395750332006,5.051499107898741,0.4530717746139953,0.22253674450495814,0.05348460291734198,112.5954757804067
5,Eastern League,AA,22,54.0,3033.0,11974.0,10560.0,5.69221892515661,0.41688263606071824,4.903174003999791,0.38274384485257096,0.22526877905378323,0.05113636363636364,95.43473720176604
5,Eastern League,AA,23,59.0,2964.0,11317.0,9848.0,5.473009446693657,0.4244604316546763,5.202938909365233,0.3478963479372165,0.22879363054563934,0.05544272948822096,98.50268260593637
5,Eastern League,AA,24,52.0,2923.0,11129.0,9765.0,5.4336298323640095,0.36460481099656356,4.951506518956614,0.4641291442025705,0.2313744629057418,0.05468509984639017,96.80885470225432
5,Eastern League,AA,25,52.0,2560.0,9489.0,8261.0,5.4462890625,0.4350439204808137,4.997583645057436,0.3970906533017454,0.22488665008378123,0.05350441835128919,100.40038599439076
5,Eastern League,AA,26,23.0,1183.0,4565.0,3956.0,5.506339814032121,0.4521819870009285,4.992632380866679,0.4424352883632979,0.23789429126002196,0.05535894843276037,101.32678918197499
5,Eastern League,AA,27,17.0,502.0,1713.0,1501.0,4.8585657370517925,0.42650602409638555,4.336152787404791,0.4711701039517156,0.229791405903094,0.05396402398401066,98.07310606739222
5,Eastern League,AA,28,7.0,200.0,758.0,660.0,4.735,0.40437158469945356,3.9061691186603555,0.24495116127991914,0.2158297947282322,0.04393939393939394,76.64717834424451
5,Eastern League,AA,29,5.0,83.0,309.0,270.0,4.216867469879518,0.35789473684210527,3.5934254839584057,0.47040558092752754,0.2308910142815534,0.07777777777777778,90.42792427486556
5,Eastern League,AA,30,1.0,6.0,20.0,18.0,3.75,0.2857142857142857,0.14285714,0.5,0.272727272,0.0,94.36703565450397
5,Eastern League,AA,31,3.0,17.0,65.0,55.0,7.205882352941177,0.5,2.177124057510003,0.4094202879121377,0.21387057363076922,0.01818181818181818,131.77207478357002
5,Eastern League,AA,32,1.0,37.0,127.0,103.0,4.324324324324325,0.45714285714285713,6.360949785004334,0.0,0.298507462,0.04854368932038835,114.18722378213003
5,Eastern League,AA,33,1.0,2.0,9.0,9.0,21.75,,2.64285714,,0.222222222,0.1111111111111111,514.1521890201101
5,Eastern League,AA,35,1.0,3.0,12.0,11.0,8.0,0.3333333333333333,0.14285714,,0.375,0.09090909090909091,108.84832037397219
5,Eastern League,AA,36,1.0,6.0,18.0,16.0,7.916666666666667,0.6666666666666666,2.64285714,1.0,0.333333333,0.0625,245.27817330102684
6,Southern League,AA,18,1.0,5.0,24.0,23.0,9.1,0.125,9.561965246074823,0.0,0.133333333,0.043478260869565216,85.33595496444299
6,Southern League,AA,19,2.0,99.0,413.0,351.0,6.515151515151516,0.5280898876404494,6.083660223993054,0.11745118416095368,0.2698520496876513,0.039886039886039885,116.96776507647128
6,Southern League,AA,20,6.0,495.0,2173.0,1843.0,7.053535353535353,0.7876923076923077,5.6149344726416945,0.12762120303024488,0.2311861404730787,0.05480195333695062,106.06181310393775
6,Southern League,AA,21,15.0,831.0,3456.0,3018.0,6.903128760529483,0.5355987055016181,5.064317380798757,0.3781673409405579,0.2289466428214699,0.052352551358515576,119.22166009531723
6,Southern League,AA,22,26.0,1115.0,4463.0,3900.0,5.7251121076233185,0.40888066604995377,4.944647641796141,0.4526522895295746,0.22193957678736276,0.045641025641025644,100.52867108695247
6,Southern League,AA,23,32.0,2154.0,8655.0,7528.0,5.672934076137419,0.4367929168716183,5.626190161604582,0.3180023062325323,0.2165906397139226,0.042906482465462276,95.48149248793833
6,Southern League,AA,24,41.0,2211.0,8506.0,7409.0,5.336047037539575,0.3989021043000915,4.665051655773866,0.34231939219941443,0.22468718243910182,0.04265083007153462,96.13859057062706
6,Southern League,AA,25,25.0,1272.0,4721.0,4118.0,5.152122641509434,0.4265486725663717,4.668171914990246,0.4635088624812848,0.21889825613619998,0.044681884409907724,96.12735523693088
6,Southern League,AA,26,27.0,1444.0,5405.0,4593.0,5.282202216066482,0.48674521354933725,4.231970867505604,0.3919785439306294,0.2299906087720629,0.04441541476159373,106.18765055615137
6,Southern League,AA,27,3.0,160.0,613.0,530.0,4.046875,0.4533333333333333,2.7668201002194284,0.3910884440642062,0.23753887899021206,0.05849056603773585,91.2782342039673
6,Southern League,AA,28,8.0,324.0,1220.0,1052.0,3.873456790123457,0.41543026706231456,3.047550812825656,0.4165698608502624,0.2084530280795082,0.028517110266159697,74.00731037800116
6,Southern League,AA,29,2.0,36.0,130.0,118.0,2.638888888888889,0.1590909090909091,2.0932944490289285,0.0,0.1854945050923077,0.05084745762711865,30.57124229413188
6,Southern League,AA,30,3.0,84.0,150.0,127.0,1.5238095238095237,0.5,2.771491391089381,0.1777757806232292,0.18276604514,0.023622047244094488,51.6185598958125
6,Southern League,AA,31,1.0,16.0,63.0,55.0,4.0625,0.8,2.614234965223731,0.0,0.222222222,0.01818181818181818,64.6736707471126
6,Southern League,AA,33,1.0,3.0,9.0,8.0,5.833333333333333,1.0,1.60119047125,0.0,0.142857142,0.125,113.2019778830707
6,Southern League,AA,35,1.0,1.0,4.0,3.0,23.0,,5.0,,0.0,0.6666666666666666,457.69804271279713
7,Texas League,AA,18,1.0,21.0,103.0,89.0,10.047619047619047,0.5,5.936697378735538,0.8333333307500002,0.257142857,0.0898876404494382,144.3051094264697
7,Texas League,AA,19,4.0,169.0,755.0,649.0,7.683431952662722,0.625,5.796042271643381,0.3192613084499123,0.23495238377086092,0.05084745762711865,113.86531431384114
7,Texas League,AA,20,9.0,220.0,933.0,782.0,6.536363636363636,0.5488372093023256,5.105515437608381,0.5400462876185235,0.23305781416077168,0.05115089514066496,119.96623612723083
7,Texas League,AA,21,13.0,672.0,2890.0,2561.0,7.261160714285714,0.4362745098039216,5.496216327221912,0.5825536455537498,0.24400235259619374,0.06013276064037485,110.27747956673898
7,Texas League,AA,22,34.0,1607.0,6834.0,5915.0,7.20130678282514,0.5107415107415108,5.243952653290349,0.5251772036836423,0.23449401546941762,0.05325443786982249,107.55229048728867
7,Texas League,AA,23,46.0,2319.0,9496.0,8301.0,6.135618801207417,0.4431460674157303,4.471759587716276,0.444932728383923,0.24008772111552232,0.05336706420913143,98.82688086166979
7,Texas League,AA,24,53.0,3236.0,13129.0,11464.0,6.056860321384425,0.4251819044606137,5.356193472653924,0.44146675103484073,0.22643995564856426,0.04745289602233078,96.14132144556486
7,Texas League,AA,25,38.0,2114.0,8668.0,7513.0,6.434957426679281,0.44777562862669246,5.241957635447952,0.46337525135361646,0.23258403316843568,0.04978038067349927,101.53606871586892
7,Texas League,AA,26,28.0,1552.0,6113.0,5386.0,5.250966494845361,0.4060984060984061,4.678534652244704,0.3192233079918374,0.2301606962511042,0.04548830300779799,86.80866415574569
7,Texas League,AA,27,16.0,477.0,1893.0,1638.0,5.483228511530398,0.5195121951219512,3.8494837874000956,0.3333149550857816,0.2578282258874066,0.04822954822954823,98.97631536805224
7,Texas League,AA,28,7.0,221.0,833.0,696.0,5.3710407239819,0.7482993197278912,4.607020798473081,0.09198834128433528,0.23653534259111111,0.05172413793103448,92.72207436449719
7,Texas League,AA,29,6.0,147.0,627.0,539.0,8.22108843537415,0.5179856115107914,5.915898963626485,0.6134487175728844,0.2248898483859649,0.05009276437847866,125.11645223987756
7,Texas League,AA,30,1.0,3.0,14.0,12.0,11.166666666666666,1.0,5.186965246074824,0.0,0.3,0.16666666666666666,121.85859263311852
7,Texas League,AA,31,1.0,1.0,4.0,4.0,-1.0,0.0,0.14285714,,0.0,0.0,-100.0
7,Texas League,AA,33,1.0,2.0,7.0,6.0,3.5,0.5,1.60119047125,0.0,0.25,0.0,125.09542184072345
7,Texas League,AA,34,1.0,4.0,14.0,13.0,0.875,0.0,2.64285714,0.0,0.2,0.0,-36.337540145140935
7,Texas League,AA,36,2.0,6.0,22.0,21.0,6.583333333333333,0.0,1.2792207763636363,0.2727272727272727,0.1496786037272727,0.0,52.6247582556301
8,California League,A,18,15.0,343.0,1504.0,1287.0,6.994169096209912,0.5202312138728323,4.867988508950766,0.4451187825194029,0.1869694065944149,0.046620046620046623,101.21556626916464
8,California League,A,19,24.0,1234.0,5350.0,4630.0,6.828606158833063,0.43260188087774293,5.727347655045858,0.3248774470387248,0.198176618166729,0.051187904967602595,99.85215539526666
8,California League,A,20,34.0,1919.0,8080.0,6850.0,6.554455445544554,0.484863523573201,6.200337273784565,0.23704291690092594,0.20666932074876238,0.051094890510948905,91.35941285994492
8,California League,A,21,44.0,1721.0,7257.0,6234.0,7.010749564206857,0.4951515151515152,5.701274928197818,0.3617890709055813,0.20931175223701254,0.05758742380494065,103.59097313145816
8,California League,A,22,47.0,2321.0,9795.0,8319.0,7.04330030159414,0.5213442325158947,5.651101635372806,0.4015625813165241,0.19976436296937214,0.05757903594181993,105.4009815428022
8,California League,A,23,35.0,1828.0,7511.0,6294.0,6.331509846827133,0.5675519630484989,5.433774313646147,0.2788766554570057,0.19893201208387698,0.05544963457260883,98.55011820452161
8,California League,A,24,8.0,349.0,1408.0,1177.0,5.325214899713467,0.4725274725274725,4.114763771556098,0.3001701859002964,0.20231559256178977,0.051826677994902294,96.73370300078994
8,California League,A,25,5.0,182.0,691.0,606.0,6.579670329670329,0.38562091503267976,6.360765092962555,0.2659778886191866,0.18117717963820548,0.066006600660066,107.9258177302822
8,California League,A,27,1.0,5.0,20.0,16.0,3.8,1.0,0.29910714,,0.166666666,0.0,99.30542484561772
8,California League,A,28,1.0,2.0,8.0,8.0,7.25,0.0,0.14285714,,0.428571428,0.125,212.6810179838645
8,California League,A,30,1.0,2.0,10.0,5.0,3.5,2.0,0.14285714,0.0,0.0,0.0,126.20948871865626
8,California League,A,32,1.0,1.0,3.0,1.0,5.0,2.0,2.64285714,,0.0,0.0,199.54231279008025
9,Carolina League,A,17,5.0,100.0,403.0,354.0,4.125,0.37254901960784315,3.9969183658972613,0.0681902538876362,0.2950482671215881,0.0480225988700565,89.84278850122098
9,Carolina League,A,18,29.0,1139.0,4796.0,4158.0,6.33099209833187,0.46380697050938335,5.8900612462414985,0.23126748909402056,0.2189451418206839,0.0545935545935546,95.87150053949499
9,Carolina League,A,19,66.0,3680.0,15068.0,12901.0,6.219565217391304,0.4772413793103448,5.7840239648044385,0.2340782763575342,0.2229030049812185,0.045655375552282766,97.32231048319781
9,Carolina League,A,20,71.0,3606.0,14255.0,12216.0,5.915002773155852,0.4698972099853157,5.648966871937907,0.3083459655786124,0.23160509631203088,0.047560576293385726,101.34930406044913
9,Carolina League,A,21,72.0,2402.0,9487.0,7999.0,5.824104912572856,0.5254163014899211,5.670116562082565,0.24369220484050247,0.22360539486571102,0.049006125765720714,98.33372948368387
9,Carolina League,A,22,60.0,2213.0,8394.0,7047.0,5.7975598734749205,0.5305383022774327,5.688864430533037,0.20426988405394916,0.22663877603097451,0.04725415070242656,99.0905106589048
9,Carolina League,A,23,24.0,788.0,2911.0,2446.0,5.6694162436548226,0.5535444947209653,5.52481156404629,0.2532632341753244,0.22316864960254204,0.05437448896156991,112.44597341220874
9,Carolina League,A,24,18.0,730.0,2727.0,2283.0,5.995890410958904,0.5411392405063291,4.826858717267895,0.3154843286612123,0.22282024499523287,0.04555409548839247,107.60917327104126
9,Carolina League,A,25,4.0,88.0,237.0,199.0,4.761363636363637,0.41333333333333333,6.073100888307732,0.5992876701819115,0.22906611496202534,0.07537688442211055,124.32935767932726
9,Carolina League,A,26,2.0,9.0,34.0,28.0,3.5555555555555554,0.1875,1.1722689032352942,0.0,0.3627450979411765,0.03571428571428571,70.76025421993054
9,Carolina League,A,27,1.0,1.0,2.0,2.0,5.5,0.0,0.14285714,,0.0,0.0,196.3809359963088
9,Carolina League,A,30,1.0,3.0,10.0,9.0,2.5,0.0,0.14285714,,0.0,0.1111111111111111,44.34859559348872
10,Florida State League,A,17,1.0,104.0,453.0,371.0,6.024038461538462,0.6545454545454545,6.794527284802159,0.08108107885171657,0.249027237,0.029649595687331536,74.48505336622075
10,Florida State League,A,18,11.0,381.0,1686.0,1429.0,7.5498687664042,0.584045584045584,4.991727006092931,0.3601556075374494,0.21892473795966783,0.05038488453463961,99.89937526930133
10,Florida State League,A,19,38.0,1554.0,6521.0,5539.0,6.775096525096525,0.548951048951049,5.31857959530511,0.3671762517947509,0.22779581923754025,0.04784257086116628,100.9213553801391
10,Florida State League,A,20,68.0,3460.0,14425.0,12334.0,6.511560693641618,0.5005889281507656,5.867462078442345,0.3278144060527979,0.237682633172409,0.0510783200908059,97.17281767811336
10,Florida State League,A,21,65.0,2286.0,9007.0,7616.0,6.054899387576553,0.5066789497927222,5.472822862554657,0.30578009647661497,0.23583647726212945,0.05238970588235294,98.0101514730809
10,Florida State League,A,22,74.0,2567.0,9876.0,8352.0,6.241137514608492,0.49001663893510816,5.686609919904501,0.32671041518725347,0.2390106884737748,0.05340038314176245,101.0821032016344
10,Florida State League,A,23,30.0,916.0,3598.0,2968.0,5.93886462882096,0.6014943960149439,5.018249714927281,0.42150040704583025,0.2225144844030017,0.05121293800539083,107.5381700606372
10,Florida State League,A,24,28.0,657.0,2533.0,2168.0,6.357686453576864,0.5289719626168224,5.111926717057556,0.4233491364049578,0.23162432008409004,0.04843173431734318,104.31022081098794
10,Florida State League,A,25,16.0,133.0,500.0,414.0,6.657894736842105,0.5873015873015873,4.6965846066443335,0.8973889453052877,0.21940959529399998,0.05314009661835749,109.26899862309429
10,Florida State League,A,26,8.0,64.0,239.0,199.0,7.0625,0.509090909090909,6.146944118559086,0.4060614968898043,0.22828952960669455,0.035175879396984924,112.67000357680843
10,Florida State League,A,27,3.0,12.0,51.0,46.0,8.25,1.25,3.806732199895139,0.6170212765957447,0.167366946627451,0.06521739130434782,132.7340793548511
10,Florida State League,A,28,2.0,7.0,22.0,20.0,7.357142857142857,0.3333333333333333,1.7337662309090909,2.000000006,0.09090909090909091,0.0,135.50520717457556
10,Florida State League,A,29,5.0,26.0,100.0,79.0,8.442307692307692,1.6666666666666667,2.1025904996743363,0.9699570809246071,0.30182706125000003,0.0379746835443038,158.2224562741399
10,Florida State League,A,30,3.0,16.0,58.0,50.0,4.0,0.4117647058823529,2.5009076540516877,0.0,0.27354111329310343,0.06,60.532273633630496
10,Florida State League,A,31,1.0,2.0,5.0,5.0,-2.5,0.0,0.14285714,,0.0,0.0,-100.0
10,Florida State League,A,33,1.0,4.0,14.0,11.0,3.875,1.5,1.60119047125,0.0,0.333333333,0.0,117.4205906686167
10,Florida State League,A,34,1.0,6.0,27.0,21.0,14.583333333333334,1.6666666666666667,6.785714285714286,,0.263157894,0.23809523809523808,243.74722143862107
11,Midwest League,A+,18,5.0,183.0,808.0,712.0,7.081967213114754,0.47093023255813954,5.108904855800519,0.2580365757051162,0.2248156647574257,0.07303370786516854,110.39138704543407
11,Midwest League,A+,19,4.0,124.0,477.0,416.0,5.512096774193548,0.46601941747572817,5.566269152368726,0.1680015897819644,0.23948756806708593,0.038461538461538464,87.69312054343202
11,Midwest League,A+,20,32.0,1588.0,6808.0,5774.0,7.097607052896725,0.6305108467459762,5.38228244213536,0.3884671708910067,0.21805165106830202,0.04987876688604087,111.39079655771683
11,Midwest League,A+,21,55.0,2704.0,10807.0,9290.0,6.148298816568047,0.4758648431214803,5.8377479883734456,0.2883137871048531,0.2093692796416212,0.05532831001076426,96.34816397527352
11,Midwest League,A+,22,75.0,4011.0,16369.0,14115.0,6.280603340812765,0.49536279323513366,5.227005446206531,0.33720168984043314,0.21441408078587576,0.05936946510804109,101.76715029031936
11,Midwest League,A+,23,66.0,3299.0,12737.0,10927.0,5.757502273416187,0.48278213433344697,5.4147050245765325,0.25733069997319835,0.21289080658867862,0.05481833989201062,94.60353007857326
11,Midwest League,A+,24,40.0,2071.0,8187.0,7002.0,6.017382906808305,0.48834628190899,5.266869114955008,0.31101333184290336,0.21005865417784292,0.05227077977720651,99.19613282751548
11,Midwest League,A+,25,13.0,415.0,1616.0,1405.0,5.920481927710844,0.3797752808988764,4.211496789505704,0.4853943428376704,0.21157399582425743,0.052669039145907474,99.13346026376409
11,Midwest League,A+,26,9.0,300.0,1096.0,923.0,5.886666666666667,0.5965665236051502,6.084312184333947,0.2644082408273529,0.21086745410766422,0.06933911159263272,117.0311392206427
11,Midwest League,A+,27,2.0,87.0,316.0,274.0,5.074712643678161,0.6166666666666667,5.247951145402983,0.11656917748474852,0.2357829045949367,0.04744525547445255,81.23280724205998
11,Midwest League,A+,28,1.0,4.0,14.0,11.0,2.625,1.0,0.76785714,,0.375,0.09090909090909091,93.04617095097008
11,Midwest League,A+,29,1.0,2.0,6.0,5.0,-0.5,0.3333333333333333,0.14285714,0.0,0.5,0.0,-25.51514606814867
13,Northwest League,A+,19,7.0,512.0,2209.0,1906.0,6.41015625,0.42568807339449544,5.434122006792915,0.5270672225438353,0.20019036147894978,0.05823714585519412,91.9742445101046
13,Northwest League,A+,20,12.0,675.0,2902.0,2506.0,6.936296296296296,0.47368421052631576,4.896487219188316,0.4332561830641372,0.20844859922949685,0.05107741420590583,103.293348476989
13,Northwest League,A+,21,19.0,1046.0,4475.0,3950.0,6.562619502868069,0.41912512716174977,5.138090771640828,0.3739135730405591,0.2045991613675978,0.05291139240506329,93.1162962219079
13,Northwest League,A+,22,32.0,1717.0,6971.0,5920.0,6.508736167734421,0.5392902408111534,4.962976320956196,0.5580409768355724,0.20607098411203562,0.057094594594594594,109.42580432181128
13,Northwest League,A+,23,39.0,1877.0,7458.0,6377.0,6.066329248801279,0.45759911894273125,4.88957515597407,0.44921224472606464,0.20726755414641992,0.05441430139564058,94.38529437864626
13,Northwest League,A+,24,17.0,703.0,2844.0,2419.0,6.2524893314367,0.421760391198044,4.938506653557712,0.8848479976695891,0.2088339268590014,0.055808185200496074,99.79424155047325
13,Northwest League,A+,25,15.0,764.0,2983.0,2528.0,6.369764397905759,0.5332348596750369,4.359045270326784,0.5163795923905092,0.20294403974254105,0.06645569620253164,108.41024357520438
13,Northwest League,A+,26,2.0,134.0,525.0,470.0,5.044776119402985,0.2677165354330709,4.095452609743903,0.578796560516471,0.19196015772,0.05319148936170213,69.63634336590168
13,Northwest League,A+,27,2.0,15.0,52.0,41.0,4.466666666666667,0.38095238095238093,3.0904326171172083,7.199999999999999,0.15109890025000003,0.0,71.95725276536287
13,Northwest League,A+,28,1.0,2.0,9.0,7.0,11.25,1.0,5.97219141249985,,0.6,0.0,182.10467304815825
13,Northwest League,A+,33,1.0,3.0,15.0,14.0,19.333333333333332,0.14285714285714285,2.64285714,,0.285714285,0.07142857142857142,233.5413468587475
14,South Atlantic League,A+,18,4.0,25.0,106.0,93.0,5.08,0.45,3.1204549759401594,0.0,0.14234349941509436,0.053763440860215055,74.57768452990621
14,South Atlantic League,A+,19,13.0,446.0,1925.0,1698.0,7.595291479820628,0.6070287539936102,5.6761096175548875,0.25378446873340865,0.216654183145974,0.05418138987043581,108.83082488429699
14,South Atlantic League,A+,20,46.0,2083.0,8592.0,7498.0,6.466394623139703,0.4082414949688548,6.170175092359396,0.30855933502675087,0.2194933573556797,0.048412910109362495,99.52667140996031
14,South Atlantic League,A+,21,58.0,2864.0,11227.0,9749.0,5.597590782122905,0.40557491289198605,5.0623906732524135,0.3914086689801363,0.21500387443920904,0.04636372961329367,99.42584242003026
14,South Atlantic League,A+,22,79.0,4031.0,16297.0,13940.0,6.27735053336641,0.46072395961585816,6.022219206597772,0.3657740011807211,0.22097565027324048,0.05186513629842181,106.54180395747744
14,South Atlantic League,A+,23,54.0,2391.0,9198.0,7871.0,5.4261815140108745,0.47244444444444444,4.5872383275196595,0.33815656734951927,0.21348135732083062,0.04421293355355101,97.269705999426
14,South Atlantic League,A+,24,52.0,1743.0,6530.0,5682.0,4.970453241537579,0.37236533957845436,5.115292235073692,0.37245953837069606,0.2181043678448699,0.04276663146779303,92.12318767085495
14,South Atlantic League,A+,25,23.0,779.0,2896.0,2494.0,4.976893453145058,0.4140625,4.853347812350763,0.2460153263080965,0.22146883392472375,0.052125100240577385,93.6769371485928
14,South Atlantic League,A+,26,9.0,138.0,517.0,455.0,3.6920289855072466,0.3546099290780142,3.1177922226278554,0.40168531858942763,0.23391408855319148,0.041758241758241756,71.21431483763628
14,South Atlantic League,A+,27,4.0,25.0,96.0,83.0,8.92,0.5625,1.9036915820962224,2.6301020411607148,0.227824518625,0.07228915662650602,187.4958544570669
14,South Atlantic League,A+,28,4.0,31.0,111.0,95.0,3.5,0.26666666666666666,4.250145957138342,0.2839179347362562,0.17542542533333333,0.021052631578947368,88.97353915077696
14,South Atlantic League,A+,30,2.0,4.0,18.0,16.0,2.125,0.4,0.92410714,0.0,0.3333333333333333,0.0,50.58795957234608
14,South Atlantic League,A+,31,1.0,1.0,3.0,1.0,11.0,,0.14285714,,0.0,1.0,505.7549890374634
14,South Atlantic League,A+,34,1.0,6.0,25.0,24.0,1.75,0.14285714285714285,2.954545455180165,0.0,0.117647058,0.041666666666666664,-19.62666193165655
16,Arizona Complex League,CPX,17,8.0,294.0,1106.0,948.0,5.379251700680272,0.42292490118577075,4.50017225040673,0.25738508366285845,0.16127529861663653,0.04852320675105485,86.35047829858684
16,Arizona Complex League,CPX,18,58.0,2235.0,8882.0,7548.0,7.130648769574944,0.5445595854922279,6.195992640502866,0.27941940610250904,0.20206669921864445,0.06597774244833068,105.01354421174571
16,Arizona Complex League,CPX,19,84.0,2830.0,10658.0,9090.0,6.225618374558304,0.44136380666916447,6.222890278668478,0.37854411652299286,0.1801530870466317,0.058965896589658964,95.38302505489519
16,Arizona Complex League,CPX,20,62.0,1556.0,5674.0,4807.0,6.147814910025707,0.4433497536945813,6.078853649061545,0.26907706942254245,0.20294175498942546,0.06552943623881839,96.4302312395914
16,Arizona Complex League,CPX,21,41.0,675.0,2264.0,1917.0,5.264444444444444,0.46221441124780316,4.730380696900517,0.339941431726657,0.18852282967844522,0.050078247261345854,91.41630382016085
16,Arizona Complex League,CPX,22,27.0,358.0,1286.0,1079.0,6.343575418994414,0.6417910447761194,4.749534497978785,0.3024538237399359,0.19581984197433905,0.07136237256719184,110.3416242307917
16,Arizona Complex League,CPX,23,34.0,404.0,1467.0,1206.0,6.310643564356436,0.6194690265486725,4.936373892249294,0.4953052257719613,0.17234849349352419,0.06799336650082918,113.86364272219834
16,Arizona Complex League,CPX,24,17.0,234.0,856.0,734.0,7.036324786324786,0.44385026737967914,5.261352152797973,0.5576043855716492,0.2216057725420561,0.0885558583106267,129.6119801248918
16,Arizona Complex League,CPX,25,14.0,143.0,542.0,456.0,6.56993006993007,0.5121951219512195,4.692752958266282,0.555055445930945,0.22838893486900366,0.06140350877192982,111.6088501080008
16,Arizona Complex League,CPX,26,10.0,87.0,294.0,268.0,4.908045977011494,0.20689655172413793,6.081515634980969,0.1411992256994115,0.12601259356802721,0.08955223880597014,68.32033312986452
16,Arizona Complex League,CPX,27,6.0,14.0,46.0,36.0,6.5,0.3333333333333333,2.1605201834782606,0.0,0.2173913042173913,0.1111111111111111,163.78663434743694
16,Arizona Complex League,CPX,28,7.0,36.0,130.0,107.0,6.055555555555555,0.6206896551724138,1.9222121234216798,0.31797235023041476,0.20944280063076923,0.056074766355140186,121.27364920893713
16,Arizona Complex League,CPX,29,1.0,3.0,10.0,8.0,0.6666666666666666,0.6666666666666666,2.64285714,,0.4,0.0,-13.69228248037017
16,Arizona Complex League,CPX,30,1.0,3.0,13.0,9.0,11.5,2.0,1.3035714212499998,,0.0,0.0,249.94857108402903
16,Arizona Complex League,CPX,31,4.0,10.0,37.0,30.0,7.45,0.8333333333333334,2.9705598432432434,0.0,0.21486486486486486,0.2,180.9667981888107
16,Arizona Complex League,CPX,32,1.0,7.0,27.0,20.0,3.9285714285714284,1.4,0.76785714,0.0,0.071428571,0.1,77.01503132924344
16,Arizona Complex League,CPX,34,1.0,2.0,9.0,6.0,12.25,1.0,0.5595238025,,0.75,0.16666666666666666,316.59673717957526
16,Arizona Complex League,CPX,35,2.0,6.0,18.0,14.0,2.9166666666666665,3.0,1.3928571399999998,,0.0,0.07142857142857142,66.94938989243225
17,Florida Complex League,CPX,17,3.0,137.0,513.0,438.0,3.9014598540145986,0.38181818181818183,4.9599658732660945,0.16489273008864314,0.19573128500584797,0.03881278538812785,61.81976287631638
17,Florida Complex League,CPX,18,57.0,1901.0,6952.0,5817.0,5.7238295633876906,0.5300120048019208,6.210927815957933,0.22809073474522668,0.1822378840517837,0.053979714629534124,96.79008740952528
17,Florida Complex League,CPX,19,105.0,3330.0,11828.0,9894.0,5.612462462462463,0.5284754156349487,5.777906752789372,0.25802295777611955,0.19281970659105507,0.04932282191227006,96.7002043436602
17,Florida Complex League,CPX,20,71.0,1545.0,5160.0,4303.0,5.2828478964401295,0.5987654320987654,5.092037073350028,0.23695072618401644,0.19391418771782948,0.05089472461073669,103.58204701374898
17,Florida Complex League,CPX,21,36.0,667.0,2336.0,1953.0,6.008995502248876,0.5361010830324909,5.176049579375577,0.3880728095309246,0.20330118078082193,0.051715309779825906,110.01503081904184
17,Florida Complex League,CPX,22,42.0,485.0,1649.0,1344.0,4.880412371134021,0.6054590570719603,4.356686114514888,0.32965274930571303,0.20707773987992723,0.04836309523809524,100.73293081095197
17,Florida Complex League,CPX,23,17.0,99.0,335.0,281.0,5.590909090909091,0.5465116279069767,4.550772426099694,0.2892720306248807,0.16801833304179106,0.05338078291814947,101.58436516952274
17,Florida Complex League,CPX,24,17.0,108.0,378.0,296.0,6.486111111111111,0.9692307692307692,4.485883114772689,0.20072593151981455,0.19795726685978834,0.05405405405405406,135.64964622099478
17,Florida Complex League,CPX,25,10.0,95.0,241.0,194.0,5.457894736842105,0.7222222222222222,5.742799678281845,0.6464095834321075,0.1318282338381743,0.04639175257731959,154.7403609154678
17,Florida Complex League,CPX,26,9.0,38.0,129.0,102.0,5.7631578947368425,0.88,2.656683729592656,0.6399999998996854,0.18902591784496123,0.058823529411764705,131.04310351663904
17,Florida Complex League,CPX,27,7.0,29.0,107.0,88.0,11.379310344827585,0.7272727272727273,5.695452888037798,0.9723801798855586,0.24464419971962614,0.07954545454545454,158.2807523914065
17,Florida Complex League,CPX,28,4.0,14.0,50.0,40.0,3.392857142857143,1.2857142857142858,1.0709821400000001,0.0,0.09095238034,0.025,54.71469790665733
17,Florida Complex League,CPX,29,1.0,1.0,3.0,3.0,8.5,,2.64285714,,0.0,0.0,89.22003726853632
17,Florida Complex League,CPX,30,2.0,2.0,7.0,5.0,12.25,,0.14285714,1.0,0.0,0.0,314.7433675483616
17,Florida Complex League,CPX,31,1.0,5.0,16.0,13.0,3.1,2.0,1.08035714,0.0,0.0,0.07692307692307693,36.029503518957654
17,Florida Complex League,CPX,34,1.0,3.0,11.0,8.0,2.8333333333333335,0.75,2.64285714,,0.5,0.0,76.87538532014855
30,Dominican Summer League,R,16,35.0,1124.0,4093.0,3282.0,6.391459074733096,0.7577142857142857,6.996979456847728,0.17036251152863438,0.17127274096066455,0.05149299207800122,99.21407817327568
30,Dominican Summer League,R,17,376.0,13217.0,49763.0,40465.0,6.490202012559583,0.6931785474431545,6.539161943508059,0.19449878508142102,0.18570770967226655,0.0537007290250834,99.55257836581154
30,Dominican Summer League,R,18,278.0,9554.0,34897.0,28244.0,6.740318191333473,0.7509904622157006,6.134585074594262,0.2187761656688752,0.1871361448954608,0.05785299532644102,104.13059303847648
30,Dominican Summer League,R,19,110.0,3294.0,11461.0,9249.0,6.66772920461445,0.7187368421052631,6.277694949048203,0.24056871115917536,0.18241190710644795,0.06087144556168234,102.97186160537954
30,Dominican Summer League,R,20,32.0,1038.0,3558.0,2857.0,6.722061657032755,0.7713864306784661,6.142072745682511,0.2590457665339264,0.19166328294828558,0.06510325516275814,113.77330308605971
30,Dominican Summer League,R,21,7.0,206.0,641.0,509.0,6.08252427184466,0.746268656716418,6.230414788042831,0.42917225308113816,0.17340301941029643,0.05893909626719057,115.19272780282469
30,Dominican Summer League,R,22,1.0,1.0,0.0,0.0,0.0,,,,,,
