Source League ID,League Name,League Level,Age,Players,Total G,Total IP,Total TBF,FGPts_per_game,K_BB_pct,Weak_Contact,xFIP,BB_pct,Average Age
2,International League,AAA,19,1.0,1.0,1.6666666666666665,12.0,2.25,,0.8000000000000002,,,19
2,International League,AAA,20,3.0,9.0,42.666666666666664,172.0,27.555555555555557,0.28089887999999996,0.7031349094306686,2.9664803171048364,0.04494382,20
2,International League,AAA,21,5.0,24.0,103.33333333333331,423.0,25.9375,0.21822541705035975,0.7204661966177732,3.388031224808883,0.09367088643037974,21
2,International League,AAA,22,23.0,207.0,725.3333333333334,3296.0,16.743961352657006,0.12313104885664027,0.7070118636330616,4.660860962978389,0.11037818804309586,22
2,International League,AAA,23,45.0,443.0,1435.6666666666667,6275.0,17.25395033860045,0.14392227718029826,0.7110076975884728,4.440959513167397,0.10754631736104836,23
2,International League,AAA,24,81.0,1229.0,2669.666666666667,11779.0,11.65480065093572,0.13884992999107484,0.7245725510434192,4.469649228385764,0.10885136962778204,24
2,International League,AAA,25,106.0,1341.0,3016.0,13284.0,12.144108873974647,0.16168992069761373,0.7173604049612575,4.177624973027489,0.09923066945234059,25
2,International League,AAA,26,126.0,2121.0,4055.0,17847.0,10.749174917491748,0.14940091270490938,0.7163964313089367,4.378755889012273,0.09953211397490429,26
2,International League,AAA,27,130.0,2076.0,3683.333333333333,16163.0,9.659200385356455,0.12968441835502958,0.7190556161762495,4.598083696214773,0.11071393103961871,27
2,International League,AAA,28,88.0,1352.0,2390.0,10584.0,9.995931952662723,0.13345739810846735,0.7306755237535625,4.48937226730685,0.11007213434678066,28
2,International League,AAA,29,69.0,1084.0,1868.666666666667,8218.0,9.829566420664207,0.14009518293426532,0.7072947376971234,4.492114201756092,0.10440627293203883,29
2,International League,AAA,30,55.0,940.0,1814.3333333333335,7852.0,10.676595744680851,0.12725604158764148,0.7221140471682238,4.602728459068885,0.09568422662571034,30
2,International League,AAA,31,37.0,562.0,863.6666666666667,3763.0,8.872994652406417,0.1279510346196444,0.7213340564930792,4.6364190688912394,0.09871119008494433,31
2,International League,AAA,32,30.0,487.0,889.3333333333334,3967.0,9.765913757700206,0.11302732763863094,0.7078417056712244,4.964772704055917,0.10635469382611008,32
2,International League,AAA,33,20.0,278.0,553.9999999999999,2381.0,11.212230215827338,0.13019507996183208,0.7150924941320079,4.800856880952688,0.0971867007203751,33
2,International League,AAA,34,20.0,343.0,526.6666666666666,2284.0,8.9533527696793,0.15648855082538168,0.7102712676297812,4.332981257192754,0.0852751604610808,34
2,International League,AAA,35,17.0,209.0,325.3333333333333,1403.0,9.42224880382775,0.15823235993585175,0.7208276004451508,4.267642803166661,0.09196234526430125,35
2,International League,AAA,36,4.0,40.0,177.99999999999997,711.0,20.76875,0.1575246112517581,0.6884149789207255,4.514284293700649,0.05063291582278482,36
2,International League,AAA,37,8.0,70.0,198.33333333333334,850.0,14.382142857142858,0.11294117272941177,0.7238482287777317,4.533529532643545,0.10000000284705883,37
2,International League,AAA,38,2.0,22.0,101.66666666666667,431.0,20.102272727272727,0.10440835747099768,0.7519867013353773,4.65870214748491,0.06960556459396752,38
2,International League,AAA,40,2.0,8.0,14.0,61.0,8.59375,0.2459016386885246,0.6242881788975411,3.3087214818216992,0.049180329508196716,40
2,International League,AAA,41,1.0,23.0,30.666666666666668,125.0,11.0,0.19199999999999998,0.7333333324726437,3.937922513162023,0.096,41
2,International League,AAA,45,1.0,9.0,42.0,192.0,25.0,0.11979166999999998,0.6608695635999999,5.041027800525938,0.13020833,45
4,Pacific Coast League,AAA,20,2.0,3.0,8.0,46.0,10.583333333333334,0.08695651565217391,0.6526854217478261,7.821056628381439,0.19565217695652176,20
4,Pacific Coast League,AAA,21,7.0,61.0,219.66666666666669,1009.0,16.00409836065574,0.06838454505450942,0.7091194544190611,5.811381933454462,0.13056679757085018,21
4,Pacific Coast League,AAA,22,12.0,115.0,320.0,1432.0,13.871739130434783,0.13547486050977653,0.6922041381532593,5.127774826525866,0.10405027798882681,22
4,Pacific Coast League,AAA,23,31.0,401.0,962.3333333333333,4389.0,12.270573566084789,0.0972886758008658,0.6966202823435362,5.664421379647164,0.12517099930004558,23
4,Pacific Coast League,AAA,24,36.0,549.0,1392.0,6317.0,12.607923497267759,0.10131391578280831,0.7113523902082286,5.526046246827135,0.12339616678599714,24
4,Pacific Coast League,AAA,25,58.0,773.0,1426.6666666666667,6460.0,9.446636481241915,0.0902476787244582,0.7139372562051356,5.663648388780603,0.1253097894532218,25
4,Pacific Coast League,AAA,26,52.0,902.0,1965.3333333333333,8826.0,10.952050997782704,0.1075232270507591,0.7059570314055938,5.528786203035672,0.10829913337095304,26
4,Pacific Coast League,AAA,27,61.0,973.0,1664.6666666666665,7721.0,8.740236382322713,0.0970081582398653,0.6955842430379439,5.706986927242214,0.12044745140868886,27
4,Pacific Coast League,AAA,28,44.0,949.0,1677.3333333333335,7472.0,9.258956796628029,0.11496252736884367,0.7231413898001137,5.25142108836727,0.09783190596627409,28
4,Pacific Coast League,AAA,29,37.0,631.0,1064.0,4854.0,8.818145800316957,0.09641532664812526,0.7100359316572222,5.658910950017675,0.11932174969855557,29
4,Pacific Coast League,AAA,30,28.0,431.0,787.6666666666667,3483.0,10.814385150812065,0.1312087282314097,0.7087161324701565,5.104763365844929,0.09267303842455835,30
4,Pacific Coast League,AAA,31,23.0,193.0,378.3333333333333,1724.0,9.968911917098445,0.08700696067285382,0.6849690741226372,5.650206916127304,0.12124779291347851,31
4,Pacific Coast League,AAA,32,18.0,235.0,403.33333333333337,1732.0,9.590425531914894,0.1304849884699769,0.7223915133498872,5.054692206808795,0.09669947937463809,32
4,Pacific Coast League,AAA,33,12.0,108.0,159.0,748.0,7.777777777777778,0.12032085505347595,0.7147236631418096,5.670731572359674,0.1191780811780822,33
4,Pacific Coast League,AAA,34,10.0,104.0,149.66666666666666,670.0,8.408653846153847,0.14029850791044776,0.6520678965874277,4.747787759875774,0.0844645542081448,34
4,Pacific Coast League,AAA,35,5.0,112.0,269.66666666666663,1231.0,10.372767857142858,0.06904955102355809,0.7270259082244793,5.589162833689038,0.08773355156783103,35
4,Pacific Coast League,AAA,36,5.0,57.0,130.0,600.0,9.986842105263158,0.09333333145,0.7105720353859255,6.01592687360219,0.0899999997,36
4,Pacific Coast League,AAA,37,5.0,68.0,152.66666666666666,654.0,10.669117647058824,0.09327217304281345,0.7239596974466734,5.655468683665284,0.07492354912844038,37
4,Pacific Coast League,AAA,38,2.0,2.0,5.0,18.0,14.5,0.1666666711111111,0.4814814812222223,4.390376883993547,0.11111111,38
4,Pacific Coast League,AAA,40,1.0,6.0,5.666666666666667,24.0,6.958333333333333,0.33333333,0.857142856,4.562369607879333,0.041666669999999996,40
5,Eastern League,AA,19,1.0,6.0,29.333333333333332,131.0,16.958333333333332,0.07633588000000001,0.7717391303572267,4.623588997917524,0.09923664,19
5,Eastern League,AA,20,1.0,1.0,2.0,7.0,8.75,0.0,1.0,5.872797363251448,0.14285714,20
5,Eastern League,AA,21,12.0,144.0,426.33333333333337,1812.0,17.39409722222222,0.16445916342163358,0.742503296972688,3.7296739338780394,0.10579064405902004,21
5,Eastern League,AA,22,40.0,413.0,1386.0,5787.0,19.173728813559322,0.16485225436841197,0.747808315937048,3.507260668275104,0.0962539020221991,22
5,Eastern League,AA,23,48.0,706.0,1949.6666666666665,8268.0,15.236189801699716,0.14054184945936143,0.7368629181737728,3.77851162984998,0.09783665422216822,23
5,Eastern League,AA,24,82.0,1374.0,3026.6666666666665,13029.0,12.537691187181355,0.13024790807659836,0.7428642828993981,4.00581572025514,0.1055623847188076,24
5,Eastern League,AA,25,75.0,1230.0,2755.0,11759.0,12.473983739837399,0.13062335158942087,0.7386333429652208,3.9564170043684217,0.09633812512320332,25
5,Eastern League,AA,26,73.0,1232.0,2295.0,9838.0,10.978896103896103,0.1305143311689368,0.7390994194661296,3.9972343548719533,0.10731408808528002,26
5,Eastern League,AA,27,50.0,708.0,1283.0000000000002,5474.0,10.728107344632768,0.13207891842710995,0.736527812845669,3.908159931173273,0.10327408774181476,27
5,Eastern League,AA,28,19.0,314.0,562.0,2349.0,11.095541401273886,0.15368241745423583,0.7215411470173825,3.7976735978440006,0.09756097526743689,28
5,Eastern League,AA,29,10.0,114.0,188.0,811.0,10.517543859649123,0.19605425152897657,0.7156602870215466,3.1292531721079686,0.10209424345549738,29
5,Eastern League,AA,30,7.0,58.0,140.33333333333331,590.0,12.280172413793103,0.1186440682881356,0.7488850157679312,4.214423926774343,0.10350877214035087,30
5,Eastern League,AA,31,8.0,31.0,58.333333333333336,259.0,9.443548387096774,0.05019305123552122,0.7611275460988469,5.113544506211185,0.18987341784810124,31
5,Eastern League,AA,32,2.0,2.0,4.666666666666666,25.0,11.875,0.1599999956,0.46181818087636367,2.9928289046112457,0.09523810000000002,32
5,Eastern League,AA,33,2.0,3.0,14.666666666666666,60.0,23.583333333333332,0.11666666399999999,0.6938271598,3.595513913186712,0.11666666933333335,33
5,Eastern League,AA,34,3.0,6.0,14.0,63.0,8.0,0.047619046349206336,0.6967893215319866,4.184552333783598,0.11111111015873017,34
5,Eastern League,AA,35,3.0,6.0,7.333333333333334,34.0,4.791666666666667,0.1764705894117647,0.5013368978921569,4.023254321346846,0.0909090890909091,35
5,Eastern League,AA,36,1.0,1.0,1.0,4.0,5.75,0.0,0.5,5.455406700074673,0.25,36
5,Eastern League,AA,37,1.0,2.0,2.6666666666666665,9.0,9.875,0.44444444,1.0,1.852146871895184,,37
6,Southern League,AA,19,1.0,1.0,6.0,24.0,25.0,0.16666667,0.666666665904762,3.6021881123383843,,19
6,Southern League,AA,20,3.0,16.0,71.0,304.0,28.875,0.23355263263157894,0.7475271568025446,2.8290689217219276,0.11184210625000002,20
6,Southern League,AA,21,10.0,108.0,489.33333333333337,2102.0,23.12037037037037,0.1217887691627022,0.7719437860364892,3.652553797003641,0.12261450604007634,21
6,Southern League,AA,22,19.0,155.0,600.6666666666667,2523.0,19.443548387096776,0.13119302391200952,0.7570175369948131,3.7738315241623583,0.097512039747191,22
6,Southern League,AA,23,31.0,477.0,1544.9999999999998,6553.0,18.11844863731656,0.14924462076606135,0.7427833362299797,3.507314441287716,0.09993887554095353,23
6,Southern League,AA,24,48.0,816.0,1962.6666666666667,8240.0,14.14950980392157,0.13495145542839804,0.75387934989211,3.632527452509335,0.10121359252063106,24
6,Southern League,AA,25,42.0,766.0,1654.0,7050.0,12.22943864229765,0.11929077958723405,0.742000102288985,3.883602694550538,0.1109534629199773,25
6,Southern League,AA,26,41.0,792.0,1428.0,6062.0,11.0,0.13609369730451995,0.7397311464061442,3.6161335151959513,0.10205775060570861,26
6,Southern League,AA,27,29.0,464.0,796.3333333333334,3460.0,9.98114224137931,0.10346820860404624,0.7460661895592798,4.071771567149429,0.11690962084256559,27
6,Southern League,AA,28,13.0,156.0,309.6666666666667,1296.0,10.810897435897436,0.10879629500771604,0.7446787833188807,4.027891388101684,0.10990712181888544,28
6,Southern League,AA,29,10.0,191.0,312.6666666666667,1339.0,9.303664921465968,0.1127707242643764,0.789371360617465,3.971694669602488,0.10082150800597461,29
6,Southern League,AA,30,5.0,69.0,102.0,460.0,9.764492753623188,0.10434782510869565,0.7276701692659977,4.020211851454762,0.11856823156599552,30
6,Southern League,AA,31,5.0,56.0,75.33333333333333,353.0,7.245535714285714,0.08498583645892352,0.7227759433918897,4.382044834349539,0.14447592031161471,31
6,Southern League,AA,32,1.0,2.0,3.0,11.0,14.125,0.18181818,0.8,3.590546103318533,0.18181818,32
6,Southern League,AA,33,1.0,2.0,4.0,16.0,8.75,-0.0625,0.888888888,5.222286742925644,0.25,33
6,Southern League,AA,34,1.0,1.0,4.0,17.0,11.5,-0.05882353000000001,0.818181817,4.704823729395867,0.17647059,34
6,Southern League,AA,36,1.0,17.0,46.333333333333336,176.0,14.088235294117647,0.18181818,0.7583333326408538,3.0333448907333955,0.05681818,36
6,Southern League,AA,37,1.0,3.0,3.3333333333333335,11.0,11.25,0.45454545999999996,0.75,0.8083138931032807,0.09090909,37
6,Southern League,AA,38,1.0,1.0,1.6666666666666665,8.0,6.25,0.0,0.75000000025,6.3130882278589375,0.25,38
7,Texas League,AA,19,1.0,2.0,6.666666666666667,28.0,18.0,0.14285715,0.875,4.74270312603652,0.14285714,19
7,Texas League,AA,20,1.0,1.0,0.0,4.0,-3.0,-0.75,0.0,12.45137686729431,0.75,20
7,Texas League,AA,21,12.0,161.0,499.0,2202.0,16.81055900621118,0.13215259023614898,0.7106455880100273,4.0324852882331985,0.11030082025979947,21
7,Texas League,AA,22,27.0,333.0,1123.6666666666667,4762.0,17.14864864864865,0.1272574559575808,0.7404513019106587,4.152808396246814,0.1081478365455691,22
7,Texas League,AA,23,62.0,943.0,2509.3333333333335,10850.0,14.897932131495228,0.1423041469483871,0.7258967292947114,4.048527257362528,0.10098021135842426,23
7,Texas League,AA,24,51.0,999.0,2496.9999999999995,10880.0,13.384384384384385,0.12031249921875001,0.7323014936237209,4.321824348164877,0.1054906651420951,24
7,Texas League,AA,25,62.0,1213.0,2187.0,9610.0,10.008037922506183,0.10998959405723203,0.7255926596231672,4.523896534104322,0.11178310747862358,25
7,Texas League,AA,26,46.0,984.0,1605.6666666666667,6881.0,9.622713414634147,0.11393692721842757,0.7524788711074637,4.323490411615513,0.1067776805609115,26
7,Texas League,AA,27,22.0,427.0,697.9999999999999,3066.0,8.742388758782202,0.11643835372798433,0.7343773971133769,4.352833576643004,0.09977101846254498,27
7,Texas League,AA,28,14.0,148.0,201.66666666666666,861.0,8.89864864864865,0.17886178749128923,0.7191574957351234,3.6489018195471665,0.0889929736885246,28
7,Texas League,AA,29,14.0,271.0,605.6666666666666,2632.0,12.75369003690037,0.14285714367021277,0.7372743761648143,4.034980323949666,0.08130698988221884,29
7,Texas League,AA,30,7.0,67.0,73.0,322.0,7.455223880597015,0.21118012232919253,0.7052933054366197,3.4545052583053275,0.09999999854838712,30
7,Texas League,AA,31,2.0,4.0,9.333333333333334,41.0,12.375,0.12195122414634146,0.7831181247503587,4.511574289819679,0.1463414604878049,31
7,Texas League,AA,32,1.0,10.0,17.0,76.0,8.125,0.10526315999999998,0.777777776875,3.9270872592926023,0.14473684,32
7,Texas League,AA,33,1.0,2.0,8.666666666666666,41.0,21.375,0.07317073999999998,0.72,4.961423620793727,0.14634146,33
7,Texas League,AA,35,2.0,4.0,13.0,61.0,15.0625,0.11475409278688527,0.7497589192131148,4.137775928421632,0.11538462,35
7,Texas League,AA,37,1.0,1.0,3.0,15.0,17.75,0.2,0.777777777,2.6252999226252243,0.06666667,37
7,Texas League,AA,39,1.0,1.0,1.0,3.0,6.0,0.33333333,1.0,2.7122614502906806,,39
8,California League,A,18,6.0,22.0,67.33333333333334,303.0,14.840909090909092,0.10231022818481848,0.7877754487377892,4.5664439782224155,0.1155115507920792,18
8,California League,A,19,19.0,198.0,710.6666666666666,3023.0,18.16287878787879,0.13860403674164734,0.7925278191572058,4.304109842877292,0.08865365434998346,19
8,California League,A,20,40.0,650.0,1793.6666666666665,8090.0,13.955769230769231,0.11223733011742894,0.7692681720587827,4.665390156054859,0.11779975214585908,20
8,California League,A,21,45.0,592.0,1456.6666666666665,6530.0,12.624787775891342,0.11791730574272587,0.76485944686363,4.578536975757898,0.11071975392343031,21
8,California League,A,22,67.0,1090.0,2148.6666666666665,9687.0,10.832339449541285,0.10333436624238672,0.7755654347540559,4.830679570648313,0.12954876237367438,22
8,California League,A,23,58.0,987.0,2171.9999999999995,9595.0,13.083839918946301,0.12871287126941114,0.7777592566867271,4.425779325045806,0.11743846488944513,23
8,California League,A,24,22.0,350.0,588.0000000000001,2709.0,10.368571428571428,0.11406423187523071,0.7686042628918608,4.630136488750244,0.1254174394953618,24
8,California League,A,25,16.0,161.0,280.3333333333333,1232.0,10.855590062111801,0.10795454576298703,0.803051122287176,4.684696785502564,0.12056151878612714,25
8,California League,A,26,6.0,37.0,78.0,367.0,11.14864864864865,0.06267030302452316,0.8101463692377562,5.300301004444966,0.15254237197740111,26
8,California League,A,27,6.0,15.0,15.0,66.0,8.316666666666666,0.18181818045454545,0.8486201296363637,4.976783684197324,0.249999999375,27
8,California League,A,29,1.0,2.0,2.3333333333333335,8.0,3.375,-0.125,0.999999999,6.7787087381503,0.125,29
8,California League,A,32,2.0,4.0,5.0,19.0,9.5625,0.31578947263157897,0.7660818708947369,2.5683491425033202,,32
8,California League,A,36,1.0,1.0,1.0,4.0,3.5,0.25,0.666666666,2.871954318881035,,36
8,California League,A,38,1.0,1.0,1.0,4.0,5.75,0.25,1.0,4.610855308175087,,38
9,Carolina League,A,17,1.0,6.0,22.666666666666668,96.0,18.333333333333332,0.20833332999999998,0.7777777773650794,3.2551510781861075,0.041666669999999996,17
9,Carolina League,A,18,12.0,112.0,467.66666666666663,1951.0,23.238839285714285,0.17119425853408507,0.7718462505573898,3.3794866853480063,0.08405945667350077,18
9,Carolina League,A,19,28.0,324.0,1134.3333333333333,4909.0,17.35648148148148,0.10653900961091872,0.7505844184665013,4.20412835541943,0.11380787233938404,19
9,Carolina League,A,20,53.0,599.0,1556.666666666667,6790.0,13.969115191986644,0.1103092781605302,0.7547466320105676,4.175397404641285,0.1253691669580626,20
9,Carolina League,A,21,70.0,948.0,2195.333333333333,9691.0,12.707542194092827,0.10710968980703744,0.7535701516583321,4.267704293280254,0.13022391943555875,21
9,Carolina League,A,22,112.0,1587.0,3740.3333333333335,16298.0,13.242911153119092,0.11516750525033749,0.7507800143633063,4.0860173831663165,0.11955382995747826,22
9,Carolina League,A,23,96.0,1401.0,3048.0,13092.0,12.67844396859386,0.13450962487396884,0.7557003537989477,3.8349557920601933,0.10882148637030177,23
9,Carolina League,A,24,35.0,347.0,684.0,2997.0,11.707492795389049,0.11211211165165165,0.7540273777273815,4.202023947276705,0.130610867678029,24
9,Carolina League,A,25,24.0,259.0,417.6666666666667,1800.0,10.337837837837839,0.1433333340722222,0.7638479789624888,3.864416428690094,0.11357183402612155,25
9,Carolina League,A,26,9.0,56.0,76.33333333333334,353.0,9.388392857142858,0.13031161337110483,0.7459746358640228,4.012929101232625,0.15317919026011562,26
9,Carolina League,A,27,5.0,33.0,58.0,242.0,11.946969696969697,0.14462809578512398,0.8118542439726547,3.5281519476580523,0.09132420264840181,27
9,Carolina League,A,28,2.0,4.0,6.0,18.0,10.5,0.4444444433333333,0.9999999993333333,1.305359069382151,,28
9,Carolina League,A,29,1.0,2.0,9.0,36.0,21.625,0.05555555999999998,0.777777777,3.994549798799886,0.08333333,29
9,Carolina League,A,30,1.0,10.0,12.0,51.0,10.4,0.25490196,0.6666666660000001,2.4059627504398433,0.07843137,30
10,Florida State League,A,18,6.0,33.0,90.33333333333333,433.0,15.734848484848484,0.07852193935334871,0.6950662504029311,5.207453132165416,0.19861431852193998,18
10,Florida State League,A,19,24.0,195.0,604.0,2607.0,15.298717948717949,0.10280015413118528,0.7363011202522793,4.327963609716648,0.12173234493562232,19
10,Florida State League,A,20,49.0,572.0,1670.3333333333333,7542.0,14.34527972027972,0.09374171312383983,0.7284566206082718,4.646870625801055,0.1296665342526903,20
10,Florida State League,A,21,75.0,757.0,1742.3333333333335,7551.0,12.907199471598414,0.11587869250297973,0.7463765968592175,4.312965820924956,0.11929170506057783,21
10,Florida State League,A,22,111.0,1393.0,3309.0,14613.0,12.791995692749461,0.10627523426401152,0.7397285278268085,4.3950301223023835,0.12420141499347394,22
10,Florida State League,A,23,85.0,1228.0,2269.9999999999995,10003.0,10.546620521172638,0.11436569057982604,0.7433220545254133,4.331025447688688,0.11538849096644159,23
10,Florida State League,A,24,55.0,504.0,952.3333333333334,4148.0,11.160218253968255,0.12295081877049178,0.7310911249209135,4.276853997725126,0.11718365349827671,24
10,Florida State League,A,25,31.0,212.0,290.3333333333333,1280.0,9.672169811320755,0.16640624925,0.7264417010193885,3.9826504390808304,0.1321695764505403,25
10,Florida State League,A,26,16.0,69.0,94.33333333333334,412.0,9.108695652173912,0.1334951433737864,0.7720806295257098,4.3279021613077315,0.13192612147757257,26
10,Florida State League,A,27,10.0,20.0,28.000000000000004,120.0,9.65,0.2000000015833333,0.6576984122541666,3.2211115507494243,0.13829787191489362,27
10,Florida State League,A,28,5.0,20.0,24.333333333333336,103.0,6.5,0.1941747562135922,0.8614193245953221,3.4761427787251256,0.1000000019,28
10,Florida State League,A,29,6.0,21.0,31.333333333333336,117.0,11.892857142857142,0.24786324452991448,0.78251826151453,2.797999035474131,0.07843137490196078,29
10,Florida State League,A,30,3.0,9.0,10.333333333333334,36.0,8.527777777777779,0.3888888877777778,0.8888888884444444,1.9162275689181074,0.125,30
10,Florida State League,A,31,4.0,6.0,6.333333333333333,28.0,4.833333333333333,0.14285714142857142,0.7107142855714285,3.4040017351209153,0.10526315736842105,31
10,Florida State League,A,32,2.0,4.0,11.333333333333334,57.0,9.1875,0.08771930684210526,0.7951635842019915,4.432180378746237,0.08771929421052632,32
10,Florida State League,A,33,3.0,6.0,5.666666666666666,20.0,7.75,0.500000001,0.6300000000000001,0.32311883867521746,,33
10,Florida State League,A,34,4.0,5.0,5.0,21.0,5.3,0.19047619047619047,0.43137254882352943,1.4419766485691072,0.16666666666666666,34
10,Florida State League,A,35,2.0,2.0,3.0,12.0,11.625,0.3333333333333333,0.6666666666666666,1.2135966936747236,0.25,35
10,Florida State League,A,37,1.0,3.0,3.0,12.0,8.75,0.5,0.666666666,0.2495621214310333,,37
11,Midwest League,A+,19,6.0,64.0,243.66666666666669,1012.0,19.02734375,0.15909090425889327,0.7576245535828394,3.730507951237437,0.08201581376482213,19
11,Midwest League,A+,20,16.0,150.0,535.6666666666666,2336.0,18.886666666666667,0.12628424538099312,0.7644442845084328,4.065448652572137,0.12456896590086208,20
11,Midwest League,A+,21,34.0,432.0,1241.3333333333333,5428.0,14.913194444444445,0.09727339733971996,0.7611996945578761,4.346410686032516,0.12331548791212849,21
11,Midwest League,A+,22,76.0,1094.0,3051.333333333333,13225.0,14.670246800731261,0.11531190962873344,0.7589600541300902,4.109912044333832,0.11269636508689385,22
11,Midwest League,A+,23,85.0,1453.0,3439.6666666666665,15096.0,12.789229181004817,0.10320614623675146,0.7605880883960257,4.258459527391709,0.11846204954855817,23
11,Midwest League,A+,24,67.0,1212.0,2312.666666666667,10121.0,10.59302805280528,0.10107696904950104,0.7557477898245651,4.275083164573015,0.11521696049930653,24
11,Midwest League,A+,25,55.0,925.0,1788.6666666666667,7605.0,11.810270270270271,0.14122287992767912,0.7648437812283271,3.8029326238721746,0.09403518084380373,25
11,Midwest League,A+,26,32.0,396.0,599.6666666666667,2689.0,8.305555555555555,0.09743398939382672,0.7596093402984607,4.50187399488393,0.12359128467693462,26
11,Midwest League,A+,27,10.0,127.0,304.6666666666667,1287.0,13.954724409448819,0.13286712916860915,0.7538027292485114,3.9007777246347843,0.09423676257009345,27
11,Midwest League,A+,28,1.0,2.0,3.0,13.0,5.625,0.07692308,0.8000000004,5.699643062551816,,28
11,Midwest League,A+,29,5.0,14.0,17.333333333333332,83.0,7.375,0.18072289313253012,0.7521236458894539,2.9261047978091494,0.0508474572881356,29
11,Midwest League,A+,30,2.0,2.0,7.0,26.0,17.875,0.23076922730769228,0.7620456454230768,3.102422159480361,,30
11,Midwest League,A+,31,2.0,12.0,15.0,58.0,10.1875,0.2068965544827586,0.884381337862069,2.7783723436762378,0.08620689586206896,31
11,Midwest League,A+,32,2.0,5.0,23.0,86.0,26.1,0.1627906969767442,0.7336655586046511,3.2332542450318202,0.05813953604651163,32
11,Midwest League,A+,34,1.0,14.0,16.666666666666668,78.0,5.125,-0.07692308,0.851063829,6.206498727246833,0.23076923,34
11,Midwest League,A+,35,1.0,2.0,2.0,8.0,11.75,0.375,0.999999999,1.8869112923741345,0.125,35
11,Midwest League,A+,36,1.0,1.0,4.0,18.0,13.25,0.11111110999999999,0.785714284,3.14721207395196,0.05555556,36
11,Midwest League,A+,37,1.0,5.0,10.666666666666666,41.0,12.65,0.21951219,0.8571428566904762,2.739674675286019,0.12195122,37
11,Midwest League,A+,38,1.0,3.0,5.666666666666667,31.0,4.583333333333333,0.25806452,0.5909090904000001,1.9775711019799311,,38
13,Northwest League,A+,19,2.0,10.0,42.666666666666664,176.0,20.05,0.12499999806818182,0.7810828867233668,4.49196509097851,0.11811024,19
13,Northwest League,A+,20,4.0,48.0,98.0,440.0,9.182291666666666,0.09090909634090909,0.7762621957183576,4.63132285445344,0.10909090661363635,20
13,Northwest League,A+,21,17.0,198.0,591.6666666666666,2584.0,17.008838383838384,0.15557275415634675,0.7405843974325325,4.1028875796032,0.10448916560371517,21
13,Northwest League,A+,22,45.0,672.0,1895.0,8225.0,15.081845238095237,0.12680851017264436,0.7670240274411743,4.61017831358207,0.10850261543242914,22
13,Northwest League,A+,23,49.0,808.0,1637.3333333333333,7182.0,11.845606435643564,0.1356168188596491,0.7477671647813848,4.367220788172118,0.1120279729132867,23
13,Northwest League,A+,24,32.0,634.0,1403.0,6115.0,12.175473186119874,0.11594439772690109,0.758781235621392,4.573651374939947,0.11411706904082636,24
13,Northwest League,A+,25,24.0,442.0,739.0,3264.0,9.927601809954751,0.11274509818627453,0.7490909421179158,4.860827374109066,0.12867647051164216,25
13,Northwest League,A+,26,16.0,227.0,387.0,1751.0,8.625550660792952,0.08909194897201599,0.7315085957428052,4.986643097149428,0.10229885016091954,26
13,Northwest League,A+,27,5.0,80.0,147.0,646.0,11.584375,0.17801857182662537,0.793429004238266,3.6481670943639273,0.0820433452631579,27
13,Northwest League,A+,31,1.0,13.0,13.666666666666666,60.0,6.980769230769231,0.13333333,0.8064516119255583,4.563052511064192,0.16666667,31
14,South Atlantic League,A+,19,8.0,46.0,190.0,838.0,23.641304347826086,0.14916468020286397,0.7439642594296757,3.8145540575713635,0.12867646854166664,19
14,South Atlantic League,A+,20,11.0,106.0,465.9999999999999,1960.0,22.75,0.1622448970102041,0.7603839300937615,3.544603546116638,0.08316326460204082,20
14,South Atlantic League,A+,21,31.0,319.0,1079.0,4688.0,17.726489028213166,0.13353242331697954,0.7512328775131634,4.089709602601345,0.11416986794494237,21
14,South Atlantic League,A+,22,77.0,849.0,2497.6666666666665,10573.0,16.790341578327443,0.1530313060607207,0.7552659542594417,3.7783991414443934,0.10468868676822322,22
14,South Atlantic League,A+,23,110.0,1698.0,3976.666666666666,16881.0,13.531949352179033,0.14542977325632364,0.7540672805639648,3.8701907643387474,0.10131766399750712,23
14,South Atlantic League,A+,24,82.0,1119.0,2203.3333333333335,9563.0,11.94325290437891,0.13970511295200252,0.7339581603079811,3.914554568879118,0.11393201910407048,24
14,South Atlantic League,A+,25,72.0,1331.0,2164.333333333333,9307.0,9.80221637866266,0.12066186740302998,0.7604516827883505,4.227579106352161,0.11694330716102609,25
14,South Atlantic League,A+,26,33.0,355.0,625.6666666666667,2733.0,10.111971830985915,0.12184412784485912,0.7664424698554487,4.272590749320766,0.11202084092296243,26
14,South Atlantic League,A+,27,13.0,48.0,72.33333333333334,298.0,8.25,0.17449664315436245,0.7817408035844262,3.6454599810024364,0.10894941603112841,27
14,South Atlantic League,A+,28,9.0,79.0,103.66666666666666,422.0,9.405063291139241,0.2132701389336493,0.7245670282168429,3.297622641064175,0.08653846454326922,28
14,South Atlantic League,A+,29,2.0,8.0,12.0,45.0,9.875,0.17777777800000003,0.6584126977555556,3.4853337011403513,0.08888888977777777,29
14,South Atlantic League,A+,30,2.0,4.0,4.333333333333334,18.0,5.625,0.3333333327777777,1.0,1.523654972730344,,30
14,South Atlantic League,A+,31,5.0,15.0,30.666666666666664,132.0,9.45,0.09848484893939394,0.8009167755795455,4.4475939907750695,0.13114753885245903,31
14,South Atlantic League,A+,32,1.0,2.0,4.333333333333333,21.0,7.5,0.0,0.7692307680000001,4.8149849401203575,0.19047619,32
14,South Atlantic League,A+,33,1.0,3.0,6.666666666666667,38.0,8.166666666666666,0.13157894999999997,0.7391304332499999,4.990510485658081,0.07894737,33
14,South Atlantic League,A+,35,1.0,1.0,1.0,5.0,6.5,0.4,0.9999999990000001,0.4742225900292397,,35
14,South Atlantic League,A+,37,1.0,1.0,5.0,19.0,35.25,0.15789473,0.7272727262500001,3.457933932542801,0.10526315999999998,37
16,Arizona Complex League,CPX,17,3.0,28.0,63.0,310.0,9.151785714285714,0.09677419264516128,0.7319608273104635,5.568983334738692,0.15648854935114503,17
16,Arizona Complex League,CPX,18,22.0,182.0,571.6666666666667,2487.0,15.81456043956044,0.1330920775995175,0.7751279649621088,4.85406177254035,0.09404134734495338,18
16,Arizona Complex League,CPX,19,68.0,675.0,1692.666666666667,7737.0,12.227407407407407,0.09913403096419801,0.7746746169527033,5.402916944886907,0.11391745879833355,19
16,Arizona Complex League,CPX,20,95.0,946.0,1769.3333333333335,8108.0,10.100529100529101,0.1029847066107548,0.7810137388829261,5.526611049474782,0.12868466684047558,20
16,Arizona Complex League,CPX,21,64.0,689.0,1275.3333333333333,5762.0,10.881349782293178,0.1332870536931621,0.7821143261837173,5.167293274028469,0.11967758879446296,21
16,Arizona Complex League,CPX,22,52.0,419.0,753.6666666666667,3520.0,9.353221957040573,0.1173295450284091,0.7859955794514021,5.280402156215496,0.11918604634883721,22
16,Arizona Complex League,CPX,23,51.0,301.0,590.3333333333334,2577.0,11.337209302325581,0.14862242928599145,0.8045927380475841,4.855053327598817,0.10425963418255578,23
16,Arizona Complex League,CPX,24,30.0,115.0,191.00000000000003,839.0,10.423913043478262,0.19427890306317044,0.7960216691240418,4.464652827066447,0.10962566897058823,24
16,Arizona Complex League,CPX,25,22.0,91.0,115.0,500.0,8.623626373626374,0.17999999972,0.8362440087355,4.735036088121834,0.15158924283618583,25
16,Arizona Complex League,CPX,26,21.0,82.0,121.66666666666669,538.0,9.420731707317072,0.17657992685873608,0.810227045760891,4.669401715043782,0.12209302308139536,26
16,Arizona Complex League,CPX,27,19.0,50.0,76.66666666666666,335.0,9.675,0.19999999797014925,0.8031418595632278,4.497642873120451,0.12091503418300652,27
16,Arizona Complex League,CPX,28,11.0,20.0,28.333333333333332,120.0,9.0625,0.2833333334166666,0.8562499995083335,3.1224372998024412,0.09638554289156626,28
16,Arizona Complex League,CPX,29,6.0,11.0,18.666666666666664,85.0,6.431818181818182,0.16470588447058823,0.6928571421815126,4.615417720238404,0.10294117470588236,29
16,Arizona Complex League,CPX,30,4.0,6.0,8.333333333333332,35.0,11.5,0.37142856914285716,0.7314285710857144,2.648809710113685,0.05882353,30
16,Arizona Complex League,CPX,31,3.0,5.0,9.333333333333334,33.0,17.1,0.45454545454545453,0.696969696969697,1.7630355668868656,0.15384615384615385,31
16,Arizona Complex League,CPX,32,6.0,13.0,34.33333333333333,136.0,15.23076923076923,0.2647058788970589,0.7629069365867648,3.4134546206046084,0.04273504538461538,32
16,Arizona Complex League,CPX,33,2.0,2.0,4.0,17.0,7.0,-2.941176478836215e-09,0.8609625659411765,5.328629162031061,0.5,33
16,Arizona Complex League,CPX,34,4.0,22.0,29.666666666666668,122.0,7.090909090909091,0.10655737680327869,0.7932878640000001,4.946388369665259,0.16901408154929576,34
16,Arizona Complex League,CPX,37,2.0,2.0,7.0,22.0,20.75,0.18181817636363637,0.8135198124545454,4.225546071204272,0.05555556,37
16,Arizona Complex League,CPX,40,1.0,1.0,1.0,5.0,-1.5,0.0,0.5,7.497353982925415,,40
16,Arizona Complex League,CPX,45,1.0,2.0,8.0,31.0,26.625,0.41935484,0.8235294104509805,2.255130518972874,,45
17,Florida Complex League,CPX,18,26.0,225.0,539.6666666666666,2470.0,11.993333333333334,0.090688258708502,0.780873992168107,4.896510017237384,0.14939271223076925,18
17,Florida Complex League,CPX,19,65.0,607.0,1602.3333333333333,7124.0,13.545716639209227,0.09081976403003932,0.7854131088069687,4.558082845288549,0.12808576710537453,19
17,Florida Complex League,CPX,20,74.0,681.0,1404.9999999999998,6246.0,11.422173274596181,0.10310598682516812,0.7807803029373956,4.385317204047752,0.1270886891388175,20
17,Florida Complex League,CPX,21,69.0,561.0,1103.6666666666667,4916.0,11.047682709447415,0.11045565575874697,0.7927825346351867,4.454037121090994,0.13004484243783127,21
17,Florida Complex League,CPX,22,72.0,520.0,988.6666666666666,4430.0,10.68701923076923,0.09548532736343114,0.7882626433665828,4.486053549942792,0.1392955170768527,22
17,Florida Complex League,CPX,23,49.0,320.0,523.3333333333334,2333.0,10.12421875,0.09301328855979427,0.7999650630037537,4.778300137367816,0.15217391274347825,23
17,Florida Complex League,CPX,24,30.0,128.0,235.6666666666667,971.0,12.337890625,0.19155509852729147,0.7969762771218464,3.3142979144150475,0.0860440710283316,24
17,Florida Complex League,CPX,25,24.0,95.0,143.33333333333331,598.0,10.118421052631579,0.1872909689799331,0.7956614914494143,3.5433439037033514,0.14090909179545455,25
17,Florida Complex League,CPX,26,11.0,20.0,31.666666666666664,143.0,7.95,0.11888111741258742,0.7504828501713288,4.494977634483158,0.16000000072,26
17,Florida Complex League,CPX,27,14.0,23.0,31.999999999999996,135.0,7.695652173913044,0.2740740745185185,0.7382475544018519,3.361132698398797,0.1232876719178082,27
17,Florida Complex League,CPX,28,10.0,18.0,26.666666666666668,105.0,9.48611111111111,0.247619046,0.7623762372475248,2.8100440033535623,0.13793103471264367,28
17,Florida Complex League,CPX,29,5.0,9.0,11.0,45.0,8.38888888888889,0.1999999991111111,0.9555555547777778,3.3991573640939907,0.21739130478260868,29
17,Florida Complex League,CPX,30,5.0,10.0,13.333333333333332,57.0,10.1,0.36842105421052634,0.8062987729545709,0.9375761946325467,0.06666666533333333,30
17,Florida Complex League,CPX,31,6.0,10.0,18.666666666666664,81.0,12.175,0.2716049380246913,0.6453974435925927,2.0765890656191472,0.07692307692307693,31
17,Florida Complex League,CPX,32,2.0,2.0,2.0,7.0,7.5,0.42857143,0.5714285714285714,2.424827459880284,,32
17,Florida Complex League,CPX,33,2.0,4.0,8.333333333333334,34.0,14.6875,0.411764705,0.5454545445000001,2.440782869892728,,33
17,Florida Complex League,CPX,34,1.0,1.0,1.0,4.0,11.75,0.75,0.0,-2.432315397262573,,34
17,Florida Complex League,CPX,35,1.0,3.0,4.0,16.0,5.0,0.125,0.818181817,3.425871741771698,0.0625,35
30,Dominican Summer League,R,16,32.0,278.0,557.3333333333333,2627.0,9.099820143884893,0.044207316097560984,0.7837877352504249,5.996370037306252,0.1661585376219512,16
30,Dominican Summer League,R,17,218.0,2162.0,4718.0,21774.0,9.99976873265495,0.038124856249712055,0.7940776337617869,5.650486139242332,0.15667936751068007,17
30,Dominican Summer League,R,18,332.0,3306.0,7077.333333333334,32536.0,10.152979431336963,0.05775131706663613,0.7941063563305818,5.355172836955876,0.14520724174386546,18
30,Dominican Summer League,R,19,236.0,2543.0,5223.0,24409.0,10.017597325992922,0.06214418654376164,0.7962020784739573,5.461052990911169,0.14884092793498532,19
30,Dominican Summer League,R,20,155.0,1773.0,3354.0,15362.0,10.387619853355893,0.07000681113373193,0.7945677426139883,5.248450344587445,0.14659090929545454,20
30,Dominican Summer League,R,21,47.0,525.0,1084.333333333333,5028.0,11.00047619047619,0.09018691610981308,0.7893043305472001,5.040680992365929,0.14121779815456675,21
30,Dominican Summer League,R,22,19.0,199.0,324.6666666666667,1503.0,10.518844221105528,0.11334552294332725,0.8003801293835924,5.025428242494351,0.1453382082632541,22
30,Dominican Summer League,R,23,8.0,77.0,158.66666666666666,689.0,12.464285714285714,0.10256409873626375,0.8423012901954593,4.6171175819354815,0.1181988758348968,23
30,Dominican Summer League,R,24,2.0,34.0,48.0,212.0,10.213235294117647,,0.8202356224337478,,,24
30,Dominican Summer League,R,26,3.0,37.0,66.66666666666667,287.0,14.04054054054054,0.26388889,0.7955376335870967,3.329860338605909,0.13888889,26
